2026-03-29 16:41:42,956 [INFO] Activator:176 - 


2026-03-29 16:41:42,963 [INFO] Activator:177 - !SESSION log4j initialized
2026-03-29 16:41:55,461 [INFO] LogOutputStream:77 - [STDOUT_REDIRECT] 
2026-03-29 16:41:59,401 [INFO] ApplicationProperties:184 - Using Application install path: C:\ST\STM32CubeIDE_1.19.0\STM32CubeIDE\plugins\com.st.stm32cube.common.mx_6.15.0.202507011659
2026-03-29 16:41:59,425 [INFO] DbMcusXml:78 - Set database path to: C:\ST\STM32CubeIDE_1.19.0\STM32CubeIDE\plugins\com.st.stm32cube.common.mx_6.15.0.202507011659\\db\/mcu/
2026-03-29 16:41:59,426 [INFO] ApiDb:274 - Set plugin database path to: C:\ST\STM32CubeIDE_1.19.0\STM32CubeIDE\plugins\com.st.stm32cube.common.mx_6.15.0.202507011659\\db\/plugins/boardmanager/
2026-03-29 16:41:59,427 [WARN] ApiDb:259 - Overriding images path with different value:  => C:\ST\STM32CubeIDE_1.19.0\STM32CubeIDE\plugins\com.st.stm32cube.common.mx_6.15.0.202507011659\\db\/plugins/mcufinder/images/
2026-03-29 16:41:59,446 [INFO] ApiDb:250 - Set database path to: C:\Users\DucAnh\.stmcufinder\plugins\mcufinder//mcu/
2026-03-29 16:41:59,448 [INFO] DbMcusAds:125 - Set database path to: C:\Users\DucAnh\.stmcufinder\plugins\mcufinder//mcu/
2026-03-29 16:41:59,454 [INFO] CrossReferenceDbSqlite:203 - Set database path to: C:\Users\DucAnh\.stmcufinder\plugins\mcufinder//mcu/cs/
2026-03-29 16:41:59,643 [INFO] RulesReader:64 - Compatibility file has been processed (317 Rules)
2026-03-29 16:41:59,768 [INFO] DbMcusXml:78 - Set database path to: C:\ST\STM32CubeIDE_1.19.0\STM32CubeIDE\plugins\com.st.stm32cube.common.mx_6.15.0.202507011659\\db\/mcu/
2026-03-29 16:41:59,768 [INFO] ApiDb:274 - Set plugin database path to: C:\ST\STM32CubeIDE_1.19.0\STM32CubeIDE\plugins\com.st.stm32cube.common.mx_6.15.0.202507011659\\db\/plugins/boardmanager/
2026-03-29 16:41:59,768 [INFO] ApiDb:261 - Set plugin images path to: C:\ST\STM32CubeIDE_1.19.0\STM32CubeIDE\plugins\com.st.stm32cube.common.mx_6.15.0.202507011659\\db\/plugins/mcufinder/images/
2026-03-29 16:41:59,769 [WARN] DbFile:41 - Overriding database path with different value: C:\Users\DucAnh\.stmcufinder\plugins\mcufinder/ => C:\Users\DucAnh\.stmcufinder\plugins\mcufinder
2026-03-29 16:41:59,769 [INFO] ApiDb:250 - Set database path to: C:\Users\DucAnh\.stmcufinder\plugins\mcufinder//mcu/
2026-03-29 16:41:59,769 [WARN] DbFile:41 - Overriding database path with different value: C:\Users\DucAnh\.stmcufinder\plugins\mcufinder/ => C:\Users\DucAnh\.stmcufinder\plugins\mcufinder
2026-03-29 16:41:59,769 [INFO] DbMcusAds:125 - Set database path to: C:\Users\DucAnh\.stmcufinder\plugins\mcufinder//mcu/
2026-03-29 16:41:59,769 [WARN] DbFile:41 - Overriding database path with different value: C:\Users\DucAnh\.stmcufinder\plugins\mcufinder/ => C:\Users\DucAnh\.stmcufinder\plugins\mcufinder
2026-03-29 16:41:59,769 [WARN] DbFile:41 - Overriding database path with different value: C:\Users\DucAnh\.stmcufinder\plugins\mcufinder/ => C:\Users\DucAnh\.stmcufinder\plugins\mcufinder
2026-03-29 16:41:59,769 [INFO] CrossReferenceDbSqlite:203 - Set database path to: C:\Users\DucAnh\.stmcufinder\plugins\mcufinder//mcu/cs/
2026-03-29 16:41:59,895 [INFO] MainPanel:274 - HeapMemory: 268435456
2026-03-29 16:42:00,093 [INFO] DbMcusXml:78 - Set database path to: C:\ST\STM32CubeIDE_1.19.0\STM32CubeIDE\plugins\com.st.stm32cube.common.mx_6.15.0.202507011659\\db\/mcu/
2026-03-29 16:42:00,093 [INFO] ApiDb:274 - Set plugin database path to: C:\ST\STM32CubeIDE_1.19.0\STM32CubeIDE\plugins\com.st.stm32cube.common.mx_6.15.0.202507011659\\db\/plugins/boardmanager/
2026-03-29 16:42:00,093 [INFO] ApiDb:261 - Set plugin images path to: C:\ST\STM32CubeIDE_1.19.0\STM32CubeIDE\plugins\com.st.stm32cube.common.mx_6.15.0.202507011659\\db\/plugins/mcufinder/images/
2026-03-29 16:42:00,094 [WARN] DbFile:41 - Overriding database path with different value: C:\Users\DucAnh\.stmcufinder\plugins\mcufinder/ => C:\Users\DucAnh\.stmcufinder\plugins\mcufinder
2026-03-29 16:42:00,094 [INFO] ApiDb:250 - Set database path to: C:\Users\DucAnh\.stmcufinder\plugins\mcufinder//mcu/
2026-03-29 16:42:00,094 [WARN] DbFile:41 - Overriding database path with different value: C:\Users\DucAnh\.stmcufinder\plugins\mcufinder/ => C:\Users\DucAnh\.stmcufinder\plugins\mcufinder
2026-03-29 16:42:00,094 [INFO] DbMcusAds:125 - Set database path to: C:\Users\DucAnh\.stmcufinder\plugins\mcufinder//mcu/
2026-03-29 16:42:00,094 [WARN] DbFile:41 - Overriding database path with different value: C:\Users\DucAnh\.stmcufinder\plugins\mcufinder/ => C:\Users\DucAnh\.stmcufinder\plugins\mcufinder
2026-03-29 16:42:00,095 [WARN] DbFile:41 - Overriding database path with different value: C:\Users\DucAnh\.stmcufinder\plugins\mcufinder/ => C:\Users\DucAnh\.stmcufinder\plugins\mcufinder
2026-03-29 16:42:00,095 [INFO] CrossReferenceDbSqlite:203 - Set database path to: C:\Users\DucAnh\.stmcufinder\plugins\mcufinder//mcu/cs/
2026-03-29 16:42:00,126 [INFO] ApplicationProperties:184 - Using Application install path: C:\ST\STM32CubeIDE_1.19.0\STM32CubeIDE\plugins\com.st.stm32cube.common.mx_6.15.0.202507011659
2026-03-29 16:42:00,129 [INFO] PluginManage:196 - Search for loadable plugins [exclusion list=, ]
2026-03-29 16:42:00,130 [INFO] PluginManage:310 - Check plugin analytics
2026-03-29 16:42:00,383 [INFO] AnalyticsPlugin:253 - Accepted Software Licenses: STM32CubeMX.6.16.1
2026-03-29 16:42:00,383 [INFO] AnalyticsPlugin:255 - Accepted CMSIS Pack Licenses: 
2026-03-29 16:42:00,384 [INFO] AnalyticsPlugin:257 - Accepted Firmware Licenses: FW.F4.1.28.0
2026-03-29 16:42:00,392 [INFO] PluginManage:359 - Loaded plugin analytics (category:tool,tabindex:-1)
2026-03-29 16:42:00,392 [INFO] PluginManage:310 - Check plugin cadmodel
2026-03-29 16:42:00,428 [INFO] CADModel:105 - Init CAD model plugin
2026-03-29 16:42:00,428 [INFO] PluginManage:359 - Loaded plugin cadmodel (category:power,tabindex:5)
2026-03-29 16:42:00,428 [INFO] PluginManage:310 - Check plugin clock
2026-03-29 16:42:00,462 [INFO] PluginManage:359 - Loaded plugin clock (category:base,tabindex:2)
2026-03-29 16:42:00,462 [INFO] PluginManage:310 - Check plugin ddr
2026-03-29 16:42:00,465 [INFO] PluginManage:359 - Loaded plugin ddr (category:tool,tabindex:6)
2026-03-29 16:42:00,466 [INFO] PluginManage:310 - Check plugin filemanager
2026-03-29 16:42:00,669 [INFO] PluginManage:359 - Loaded plugin filemanager (category:base,tabindex:10)
2026-03-29 16:42:00,670 [INFO] PluginManage:310 - Check plugin ipmanager
2026-03-29 16:42:00,685 [INFO] PluginManage:359 - Loaded plugin ipmanager (category:base,tabindex:5)
2026-03-29 16:42:00,686 [INFO] PluginManage:310 - Check plugin lpbam
2026-03-29 16:42:00,727 [INFO] PluginManage:359 - Loaded plugin lpbam (category:base,tabindex:0)
2026-03-29 16:42:00,727 [INFO] PluginManage:310 - Check plugin memorymap
2026-03-29 16:42:00,780 [INFO] PluginManage:359 - Loaded plugin memorymap (category:base,tabindex:4)
2026-03-29 16:42:00,780 [INFO] PluginManage:310 - Check plugin pinoutandconfiguration
2026-03-29 16:42:00,813 [INFO] PluginManage:359 - Loaded plugin pinoutandconfiguration (category:base,tabindex:1)
2026-03-29 16:42:00,813 [INFO] PluginManage:310 - Check plugin pinoutconfig
2026-03-29 16:42:00,969 [WARN] SupportedApi:132 - Cannot load RTOS API schema: s4s-elt-must-match.1: The content of 'definitions' must match (annotation?, (simpleType | complexType)?, (unique | key | keyref)*)). A problem was found starting at: attribute.
2026-03-29 16:42:01,211 [INFO] PluginManage:359 - Loaded plugin pinoutconfig (category:base,tabindex:0)
2026-03-29 16:42:01,211 [INFO] PluginManage:310 - Check plugin power
2026-03-29 16:42:01,244 [INFO] PluginManage:359 - Loaded plugin power (category:power,tabindex:4)
2026-03-29 16:42:01,244 [INFO] PluginManage:310 - Check plugin projectmanager
2026-03-29 16:42:01,265 [INFO] PluginManage:359 - Loaded plugin projectmanager (category:projectmanager,tabindex:4)
2026-03-29 16:42:01,266 [INFO] PluginManage:310 - Check plugin rif
2026-03-29 16:42:01,298 [INFO] PluginManage:359 - Loaded plugin rif (category:base,tabindex:3)
2026-03-29 16:42:01,299 [INFO] PluginManage:310 - Check plugin thirdparty
2026-03-29 16:42:01,767 [INFO] PluginManage:359 - Loaded plugin thirdparty (category:base,tabindex:-1)
2026-03-29 16:42:01,767 [WARN] IntegrityCheckThread:84 - waiting for thirdparty lock release [integrity check]
2026-03-29 16:42:01,767 [INFO] IntegrityCheckThread:86 - entering critical section [integrity check]
2026-03-29 16:42:01,767 [INFO] PluginManage:310 - Check plugin tools
2026-03-29 16:42:01,767 [INFO] ThirdPartyUpdaterWithRetryManager:70 - Updater plugin not ready yet. [1/15]
2026-03-29 16:42:01,840 [INFO] PluginManage:359 - Loaded plugin tools (category:base,tabindex:7)
2026-03-29 16:42:01,840 [INFO] PluginManage:310 - Check plugin tutovideos
2026-03-29 16:42:02,191 [INFO] PluginManage:359 - Loaded plugin tutovideos (category:base,tabindex:-1)
2026-03-29 16:42:02,192 [INFO] PluginManage:310 - Check plugin updater
2026-03-29 16:42:02,218 [INFO] PluginManage:359 - Loaded plugin updater (category:base,tabindex:12)
2026-03-29 16:42:02,219 [INFO] PluginManage:310 - Check plugin userauth
2026-03-29 16:42:02,224 [INFO] UserAuth:118 - Init User Auth plugin
2026-03-29 16:42:02,225 [INFO] PluginManage:359 - Loaded plugin userauth (category:base,tabindex:14)
2026-03-29 16:42:02,226 [INFO] PluginManage:283 - PluginManage : Loaded plugins [18]
2026-03-29 16:42:02,580 [INFO] PinOutPanel:1589 - setPackage(No Configuration,No Configuration)
2026-03-29 16:42:02,708 [INFO] CADModel:165 - CPN selected for project level
2026-03-29 16:42:02,710 [INFO] CADModel:114 - Register for checkConnection events
2026-03-29 16:42:02,751 [INFO] IPUIPlugin:80 - create IPUIPlugin
2026-03-29 16:42:02,752 [INFO] PluginManager:220 - loadIPPluginJar : add adc
2026-03-29 16:42:02,815 [INFO] IPUIPlugin:80 - create IPUIPlugin
2026-03-29 16:42:02,815 [INFO] PluginManager:220 - loadIPPluginJar : add aes
2026-03-29 16:42:02,896 [INFO] IPUIPlugin:80 - create IPUIPlugin
2026-03-29 16:42:02,896 [INFO] PluginManager:220 - loadIPPluginJar : add can
2026-03-29 16:42:02,959 [INFO] IPUIPlugin:80 - create IPUIPlugin
2026-03-29 16:42:02,960 [INFO] PluginManager:220 - loadIPPluginJar : add comp
2026-03-29 16:42:03,066 [INFO] IPUIPlugin:80 - create IPUIPlugin
2026-03-29 16:42:03,066 [INFO] PluginManager:220 - loadIPPluginJar : add cryp
2026-03-29 16:42:03,100 [INFO] IPUIPlugin:80 - create IPUIPlugin
2026-03-29 16:42:03,100 [INFO] PluginManager:220 - loadIPPluginJar : add ddr_ctrl_phy
2026-03-29 16:42:03,202 [INFO] IPUIPlugin:80 - create IPUIPlugin
2026-03-29 16:42:03,202 [INFO] PluginManager:220 - loadIPPluginJar : add dfsdm
2026-03-29 16:42:03,237 [INFO] IPUIPlugin:80 - create IPUIPlugin
2026-03-29 16:42:03,238 [INFO] PluginManager:220 - loadIPPluginJar : add dma
2026-03-29 16:42:03,332 [INFO] IPUIPlugin:80 - create IPUIPlugin
2026-03-29 16:42:03,333 [INFO] PluginManager:220 - loadIPPluginJar : add dma3
2026-03-29 16:42:03,418 [INFO] IPUIPlugin:80 - create IPUIPlugin
2026-03-29 16:42:03,418 [INFO] PluginManager:220 - loadIPPluginJar : add extmemmanager
2026-03-29 16:42:03,459 [INFO] IPUIPlugin:80 - create IPUIPlugin
2026-03-29 16:42:03,459 [INFO] PluginManager:220 - loadIPPluginJar : add fatfs
2026-03-29 16:42:03,549 [INFO] IPUIPlugin:80 - create IPUIPlugin
2026-03-29 16:42:03,549 [INFO] PluginManager:220 - loadIPPluginJar : add fmc
2026-03-29 16:42:03,579 [INFO] IPUIPlugin:80 - create IPUIPlugin
2026-03-29 16:42:03,580 [INFO] PluginManager:220 - loadIPPluginJar : add freertos
2026-03-29 16:42:03,618 [INFO] IPUIPlugin:80 - create IPUIPlugin
2026-03-29 16:42:03,618 [INFO] PluginManager:220 - loadIPPluginJar : add genericplugin
2026-03-29 16:42:03,799 [INFO] IPUIPlugin:80 - create IPUIPlugin
2026-03-29 16:42:03,799 [INFO] PluginManager:220 - loadIPPluginJar : add gfxmmu
2026-03-29 16:42:04,045 [INFO] IPUIPlugin:80 - create IPUIPlugin
2026-03-29 16:42:04,045 [INFO] PluginManager:220 - loadIPPluginJar : add gic
2026-03-29 16:42:04,067 [INFO] IPUIPlugin:80 - create IPUIPlugin
2026-03-29 16:42:04,067 [INFO] PluginManager:220 - loadIPPluginJar : add gpio
2026-03-29 16:42:04,227 [INFO] IPUIPlugin:80 - create IPUIPlugin
2026-03-29 16:42:04,227 [INFO] PluginManager:220 - loadIPPluginJar : add gtzc
2026-03-29 16:42:04,290 [INFO] IPUIPlugin:80 - create IPUIPlugin
2026-03-29 16:42:04,290 [INFO] PluginManager:220 - loadIPPluginJar : add hash
2026-03-29 16:42:04,389 [INFO] IPUIPlugin:80 - create IPUIPlugin
2026-03-29 16:42:04,390 [INFO] PluginManager:220 - loadIPPluginJar : add i2c
2026-03-29 16:42:04,467 [INFO] IPUIPlugin:80 - create IPUIPlugin
2026-03-29 16:42:04,467 [INFO] PluginManager:220 - loadIPPluginJar : add i2s
2026-03-29 16:42:04,545 [INFO] IPUIPlugin:80 - create IPUIPlugin
2026-03-29 16:42:04,545 [INFO] PluginManager:220 - loadIPPluginJar : add i3c
2026-03-29 16:42:04,727 [INFO] IPUIPlugin:80 - create IPUIPlugin
2026-03-29 16:42:04,727 [INFO] PluginManager:220 - loadIPPluginJar : add ipddr
2026-03-29 16:42:04,769 [INFO] ThirdPartyUpdaterWithRetryManager:70 - Updater plugin not ready yet. [2/15]
2026-03-29 16:42:04,890 [INFO] IPUIPlugin:80 - create IPUIPlugin
2026-03-29 16:42:04,890 [INFO] PluginManager:220 - loadIPPluginJar : add linkedlist
2026-03-29 16:42:04,960 [INFO] IPUIPlugin:80 - create IPUIPlugin
2026-03-29 16:42:04,960 [INFO] PluginManager:220 - loadIPPluginJar : add lorawan
2026-03-29 16:42:05,027 [INFO] IPUIPlugin:80 - create IPUIPlugin
2026-03-29 16:42:05,027 [INFO] PluginManager:220 - loadIPPluginJar : add ltdc
2026-03-29 16:42:05,050 [INFO] IPUIPlugin:80 - create IPUIPlugin
2026-03-29 16:42:05,050 [INFO] PluginManager:220 - loadIPPluginJar : add mdma
2026-03-29 16:42:05,071 [INFO] IPUIPlugin:80 - create IPUIPlugin
2026-03-29 16:42:05,071 [INFO] PluginManager:220 - loadIPPluginJar : add nvic
2026-03-29 16:42:05,143 [INFO] IPUIPlugin:80 - create IPUIPlugin
2026-03-29 16:42:05,143 [INFO] PluginManager:220 - loadIPPluginJar : add opamp
2026-03-29 16:42:05,250 [INFO] IPUIPlugin:80 - create IPUIPlugin
2026-03-29 16:42:05,250 [INFO] PluginManager:220 - loadIPPluginJar : add openamp
2026-03-29 16:42:05,323 [INFO] IPUIPlugin:80 - create IPUIPlugin
2026-03-29 16:42:05,323 [INFO] PluginManager:220 - loadIPPluginJar : add pdm2pcm
2026-03-29 16:42:05,347 [INFO] IPUIPlugin:80 - create IPUIPlugin
2026-03-29 16:42:05,351 [INFO] PluginManager:220 - loadIPPluginJar : add plateformsettings
2026-03-29 16:42:05,399 [INFO] IPUIPlugin:80 - create IPUIPlugin
2026-03-29 16:42:05,400 [INFO] PluginManager:220 - loadIPPluginJar : add quadspi
2026-03-29 16:42:05,448 [INFO] IPUIPlugin:80 - create IPUIPlugin
2026-03-29 16:42:05,449 [INFO] PluginManager:220 - loadIPPluginJar : add radio
2026-03-29 16:42:05,470 [INFO] IPUIPlugin:80 - create IPUIPlugin
2026-03-29 16:42:05,470 [INFO] PluginManager:220 - loadIPPluginJar : add resmgrutility
2026-03-29 16:42:05,552 [INFO] IPUIPlugin:80 - create IPUIPlugin
2026-03-29 16:42:05,552 [INFO] PluginManager:220 - loadIPPluginJar : add sai
2026-03-29 16:42:05,614 [INFO] IPUIPlugin:80 - create IPUIPlugin
2026-03-29 16:42:05,615 [INFO] PluginManager:220 - loadIPPluginJar : add spi
2026-03-29 16:42:05,761 [INFO] IPUIPlugin:80 - create IPUIPlugin
2026-03-29 16:42:05,761 [INFO] PluginManager:220 - loadIPPluginJar : add stm32_wpan
2026-03-29 16:42:05,807 [INFO] IPUIPlugin:80 - create IPUIPlugin
2026-03-29 16:42:05,807 [INFO] PluginManager:220 - loadIPPluginJar : add tim
2026-03-29 16:42:05,910 [INFO] IPUIPlugin:80 - create IPUIPlugin
2026-03-29 16:42:05,910 [INFO] PluginManager:220 - loadIPPluginJar : add touchsensing
2026-03-29 16:42:05,954 [INFO] IPUIPlugin:80 - create IPUIPlugin
2026-03-29 16:42:05,954 [INFO] PluginManager:220 - loadIPPluginJar : add tracer_emb
2026-03-29 16:42:05,995 [INFO] IPUIPlugin:80 - create IPUIPlugin
2026-03-29 16:42:05,995 [INFO] PluginManager:220 - loadIPPluginJar : add ts
2026-03-29 16:42:06,041 [INFO] IPUIPlugin:80 - create IPUIPlugin
2026-03-29 16:42:06,042 [INFO] PluginManager:220 - loadIPPluginJar : add tsc
2026-03-29 16:42:06,080 [INFO] IPUIPlugin:80 - create IPUIPlugin
2026-03-29 16:42:06,080 [INFO] PluginManager:220 - loadIPPluginJar : add ucpd
2026-03-29 16:42:06,154 [INFO] IPUIPlugin:80 - create IPUIPlugin
2026-03-29 16:42:06,154 [INFO] PluginManager:220 - loadIPPluginJar : add usart
2026-03-29 16:42:06,238 [INFO] IPUIPlugin:80 - create IPUIPlugin
2026-03-29 16:42:06,238 [INFO] PluginManager:220 - loadIPPluginJar : add usbx
2026-03-29 16:42:06,399 [FATAL] Updater:351 - Updater called before beeing initialized
2026-03-29 16:42:06,436 [INFO] RulesReader:64 - Compatibility file has been processed (317 Rules)
2026-03-29 16:42:06,455 [INFO] RulesReader:64 - Compatibility file has been processed (317 Rules)
2026-03-29 16:42:06,467 [INFO] CADModel:165 - CPN selected for project level
2026-03-29 16:42:06,467 [INFO] CADModel:114 - Register for checkConnection events
2026-03-29 16:42:06,468 [FATAL] Updater:351 - Updater called before beeing initialized
2026-03-29 16:42:06,468 [ERROR] CADModel:125 - Updater not yet initialized, retry later 
2026-03-29 16:42:06,689 [FATAL] Updater:351 - Updater called before beeing initialized
2026-03-29 16:42:06,693 [INFO] CADModel:165 - CPN selected for project level
2026-03-29 16:42:06,693 [INFO] CADModel:114 - Register for checkConnection events
2026-03-29 16:42:06,693 [FATAL] Updater:351 - Updater called before beeing initialized
2026-03-29 16:42:06,693 [ERROR] CADModel:125 - Updater not yet initialized, retry later 
2026-03-29 16:42:06,699 [FATAL] Updater:351 - Updater called before beeing initialized
2026-03-29 16:42:06,950 [FATAL] Updater:351 - Updater called before beeing initialized
2026-03-29 16:42:06,966 [INFO] DbMcusAds:53 - JSON generation date=Thu Mar 05 21:32:53 ICT 2026 (1772721173054)
2026-03-29 16:42:06,966 [FATAL] Updater:351 - Updater called before beeing initialized
2026-03-29 16:42:07,024 [WARN] DetailPanel:346 - Failed to get advertising image, set to default
2026-03-29 16:42:07,143 [FATAL] Updater:351 - Updater called before beeing initialized
2026-03-29 16:42:07,145 [FATAL] Updater:351 - Updater called before beeing initialized
2026-03-29 16:42:07,145 [FATAL] Updater:351 - Updater called before beeing initialized
2026-03-29 16:42:07,145 [WARN] DetailPanel:346 - Failed to get advertising image, set to default
2026-03-29 16:42:07,146 [FATAL] Updater:351 - Updater called before beeing initialized
2026-03-29 16:42:07,240 [ERROR] Updater:1198 - MainUpdater not yet initialized. External WinMGr cannot be set.
2026-03-29 16:42:07,258 [INFO] Updater:1134 - Updater Version found : 6.15.0
2026-03-29 16:42:07,280 [INFO] ApplicationProperties:184 - Using Application install path: C:\ST\STM32CubeIDE_1.19.0\STM32CubeIDE\plugins\com.st.stm32cube.common.mx_6.15.0.202507011659
2026-03-29 16:42:07,770 [INFO] ThirdPartyUpdaterWithRetryManager:70 - Updater plugin not ready yet. [3/15]
2026-03-29 16:42:08,869 [ERROR] LogOutputStream:75 - [STDERR_REDIRECT] Mar 29, 2026 4:42:08 PM java.util.prefs.WindowsPreferences <init>
2026-03-29 16:42:08,872 [ERROR] LogOutputStream:75 - [STDERR_REDIRECT] WARNING: Could not open/create prefs root node Software\JavaSoft\Prefs at root 0xffffffff80000002. Windows RegCreateKeyEx(...) returned error code 5.
2026-03-29 16:42:08,872 [ERROR] LogOutputStream:75 - [STDERR_REDIRECT] 
2026-03-29 16:42:09,413 [INFO] MainUpdater:2872 - connection check result : 10
2026-03-29 16:42:09,414 [INFO] MainUpdater:289 - Updater Check For Update Now.
2026-03-29 16:42:09,415 [INFO] MicroXplorer:498 - Change Database Version : DB.6.0.150
2026-03-29 16:42:09,444 [INFO] McuFinderGlobals:63 - Set McuFinder mode to 2 (CubeIDE integrated)
2026-03-29 16:42:09,459 [INFO] UserAuth:487 - Internet connection configuration mode: 1
2026-03-29 16:42:09,524 [INFO] JxBrowserEngine:152 - Initiate JxBrowser Engine with user profile folder
2026-03-29 16:42:09,767 [INFO] CheckServerUpdateThread:120 - End of CheckServer Thread
2026-03-29 16:42:11,586 [WARN] PackLoader:240 - Cannot read IP mode file for STMicroelectronics.X-CUBE-AZRTOS-H7.3.5.0
2026-03-29 16:42:11,627 [WARN] PackLoader:240 - Cannot read IP mode file for STMicroelectronics.FP-SNS-MOTENVWB1.1.4.0
2026-03-29 16:42:11,661 [WARN] PackLoader:240 - Cannot read IP mode file for STMicroelectronics.FP-ATR-ASTRA1.2.0.2
2026-03-29 16:42:11,697 [WARN] PackLoader:240 - Cannot read IP mode file for STMicroelectronics.X-CUBE-SMBUS.2.1.0
2026-03-29 16:42:11,771 [WARN] PackLoader:240 - Cannot read IP mode file for STMicroelectronics.X-CUBE-AZRTOS-F7.1.1.0
2026-03-29 16:42:11,820 [WARN] PackLoader:240 - Cannot read IP mode file for Cesanta.I-CUBE-Mongoose.7.19.0
2026-03-29 16:42:11,853 [WARN] PackLoader:240 - Cannot read IP mode file for STMicroelectronics.FP-SNS-MOTENV1.5.1.0
2026-03-29 16:42:11,949 [WARN] PackLoader:240 - Cannot read IP mode file for Infineon.AIROC-Wi-Fi-Bluetooth-STM32.1.7.1
2026-03-29 16:42:12,040 [WARN] PackLoader:240 - Cannot read IP mode file for STMicroelectronics.X-CUBE-AZRTOS-H7.3.4.0
2026-03-29 16:42:12,083 [WARN] PackLoader:240 - Cannot read IP mode file for STMicroelectronics.X-CUBE-DISPLAY.3.0.0
2026-03-29 16:42:12,118 [WARN] PackLoader:240 - Cannot read IP mode file for STMicroelectronics.FP-SNS-MOTENVWB1.1.5.0
2026-03-29 16:42:12,152 [WARN] PackLoader:240 - Cannot read IP mode file for STMicroelectronics.X-CUBE-NFC10.1.0.0
2026-03-29 16:42:12,185 [WARN] PackLoader:240 - Cannot read IP mode file for STMicroelectronics.X-CUBE-GNSS1.7.1.0
2026-03-29 16:42:12,203 [INFO] WebApp:169 - Instantiating new browser for Auth
2026-03-29 16:42:12,219 [WARN] PackLoader:240 - Cannot read IP mode file for STMicroelectronics.FP-SNS-SMARTAG2.1.2.0
2026-03-29 16:42:12,252 [WARN] PackLoader:240 - Cannot read IP mode file for STMicroelectronics.FP-SNS-FLIGHT1.5.1.0
2026-03-29 16:42:12,317 [INFO] LogOutputStream:77 - [STDOUT_REDIRECT] 1 : Invalid condition id : UX_CORESTACK_Condition cause : null
2026-03-29 16:42:12,319 [INFO] LogOutputStream:77 - [STDOUT_REDIRECT] 1 : Invalid condition id : UX_CORESTACK_Condition cause : null
2026-03-29 16:42:12,322 [INFO] LogOutputStream:77 - [STDOUT_REDIRECT] 1 : Invalid condition id : UX_CORESTACK_Condition cause : null
2026-03-29 16:42:12,324 [INFO] LogOutputStream:77 - [STDOUT_REDIRECT] 1 : Invalid condition id : UX_CORESTACK_Condition cause : null
2026-03-29 16:42:12,327 [INFO] LogOutputStream:77 - [STDOUT_REDIRECT] 1 : Invalid condition id : UX_CORESTACK_Condition cause : null
2026-03-29 16:42:12,333 [WARN] PackLoader:240 - Cannot read IP mode file for STMicroelectronics.X-CUBE-AZRTOS-WL.2.0.0
2026-03-29 16:42:12,363 [WARN] PackLoader:240 - Cannot read IP mode file for STMicroelectronics.FP-SNS-MOTENV1.5.0.0
2026-03-29 16:42:12,434 [WARN] PackLoader:240 - Cannot read IP mode file for STMicroelectronics.X-CUBE-AZRTOS-H7RS.1.2.0
2026-03-29 16:42:12,472 [WARN] PackLoader:240 - Cannot read IP mode file for STMicroelectronics.X-CUBE-BLE2.3.3.0
2026-03-29 16:42:12,591 [WARN] PackLoader:240 - Cannot read IP mode file for STMicroelectronics.X-CUBE-NFC9.1.0.0
2026-03-29 16:42:12,629 [WARN] PackLoader:240 - Cannot read IP mode file for STMicroelectronics.X-CUBE-BLE1.7.1.0
2026-03-29 16:42:12,662 [WARN] PackLoader:240 - Cannot read IP mode file for STMicroelectronics.X-CUBE-FREERTOS.1.4.0
2026-03-29 16:42:12,799 [WARN] PackLoader:240 - Cannot read IP mode file for STMicroelectronics.X-CUBE-MEMS1.12.0.0
2026-03-29 16:42:13,018 [WARN] PackLoader:240 - Cannot read IP mode file for STMicroelectronics.X-CUBE-AZRTOS-G0.1.1.0
2026-03-29 16:42:13,054 [WARN] PackLoader:240 - Cannot read IP mode file for STMicroelectronics.X-CUBE-SAFEA1.1.2.2
2026-03-29 16:42:13,095 [WARN] PackLoader:240 - Cannot read IP mode file for STMicroelectronics.X-CUBE-NFC4.3.0.0
2026-03-29 16:42:13,136 [WARN] PackLoader:240 - Cannot read IP mode file for EmbeddedOffice.I-CUBE-FS-RTOS.1.0.1
2026-03-29 16:42:13,167 [WARN] PackLoader:240 - Cannot read IP mode file for STMicroelectronics.X-CUBE-WB05N.2.0.0
2026-03-29 16:42:13,196 [WARN] PackLoader:240 - Cannot read IP mode file for STMicroelectronics.X-CUBE-TCPP.4.2.0
2026-03-29 16:42:13,233 [WARN] PackLoader:240 - Cannot read IP mode file for RealThread.X-CUBE-RT-Thread_Nano.4.1.1
2026-03-29 16:42:13,262 [WARN] PackLoader:240 - Cannot read IP mode file for STMicroelectronics.FP-ATR-SIGFOX1.3.2.0
2026-03-29 16:42:13,289 [WARN] PackLoader:240 - Cannot read IP mode file for STMicroelectronics.X-CUBE-FREERTOS.1.5.0
2026-03-29 16:42:13,330 [WARN] PackLoader:240 - Cannot read IP mode file for STMicroelectronics.X-CUBE-NFC6.3.2.0
2026-03-29 16:42:13,443 [WARN] PackLoader:240 - Cannot read IP mode file for SEGGER.I-CUBE-embOS.1.3.1
2026-03-29 16:42:13,591 [WARN] PackLoader:240 - Cannot read IP mode file for STMicroelectronics.X-CUBE-ALGOBUILD.1.4.0
2026-03-29 16:42:13,726 [WARN] PackLoader:240 - Cannot read IP mode file for STMicroelectronics.X-CUBE-MEMS1.11.3.0
2026-03-29 16:42:14,064 [WARN] PackLoader:240 - Cannot read IP mode file for STMicroelectronics.X-CUBE-PM33A1.1.0.0
2026-03-29 16:42:14,140 [WARN] PackLoader:240 - Cannot read IP mode file for STMicroelectronics.X-CUBE-AZRTOS-F4.1.1.0
2026-03-29 16:42:14,177 [WARN] PackLoader:240 - Cannot read IP mode file for STMicroelectronics.X-CUBE-ISPU.2.1.0
2026-03-29 16:42:14,244 [WARN] PackLoader:240 - Cannot read IP mode file for STMicroelectronics.X-CUBE-AZRTOS-L5.2.0.0
2026-03-29 16:42:14,282 [WARN] PackLoader:240 - Cannot read IP mode file for STMicroelectronics.X-CUBE-NFC6.3.1.0
2026-03-29 16:42:14,311 [WARN] PackLoader:240 - Cannot read IP mode file for STMicroelectronics.X-CUBE-FREERTOS.1.3.1
2026-03-29 16:42:14,341 [WARN] PackLoader:240 - Cannot read IP mode file for STMicroelectronics.X-CUBE-TOUCHGFX.4.26.0
2026-03-29 16:42:14,371 [WARN] PackLoader:240 - Cannot read IP mode file for STMicroelectronics.X-CUBE-TOUCHGFX.4.26.1
2026-03-29 16:42:14,387 [INFO] WebApp:463 - Apply proxy settings
2026-03-29 16:42:14,387 [INFO] WebApp:548 - Chromium requires no authentication
2026-03-29 16:42:14,404 [WARN] PackLoader:240 - Cannot read IP mode file for STMicroelectronics.X-CUBE-DPower.1.3.0
2026-03-29 16:42:14,414 [INFO] WebApp:491 - Direct internet connection detected
2026-03-29 16:42:14,464 [WARN] ConditionMgr:438 - getConditionDescription Invalid condition id : LAN8742 Phy interface Condition cause : null
2026-03-29 16:42:14,467 [WARN] PackLoader:240 - Cannot read IP mode file for STMicroelectronics.X-CUBE-AZRTOS-L4.2.0.0
2026-03-29 16:42:14,469 [WARN] ConditionMgr:1044 - genDependencies : Invalid condition id : LAN8742 Phy interface Condition cause : null
2026-03-29 16:42:14,469 [WARN] ConditionMgr:1044 - genDependencies : Invalid condition id : LAN8742 Phy interface Condition cause : null
2026-03-29 16:42:14,470 [WARN] ConditionMgr:1044 - genDependencies : Invalid condition id : LAN8742 Phy interface Condition cause : null
2026-03-29 16:42:14,473 [INFO] WebApp:900 - Register for checkConnection events
2026-03-29 16:42:14,474 [INFO] WebApp:463 - Apply proxy settings
2026-03-29 16:42:14,475 [INFO] WebApp:548 - Chromium requires no authentication
2026-03-29 16:42:14,476 [INFO] WebApp:491 - Direct internet connection detected
2026-03-29 16:42:14,510 [WARN] PackLoader:240 - Cannot read IP mode file for STMicroelectronics.X-CUBE-SFXS2LP1.4.0.0
2026-03-29 16:42:14,548 [WARN] PackLoader:240 - Cannot read IP mode file for STMicroelectronics.X-CUBE-ST67W61.1.2.0
2026-03-29 16:42:14,598 [WARN] ConditionMgr:438 - getConditionDescription Invalid condition id : UX DEVICE CLASS RTOS Condition cause : null
2026-03-29 16:42:14,598 [WARN] ConditionMgr:438 - getConditionDescription Invalid condition id : UX DEVICE CLASS RTOS Condition cause : null
2026-03-29 16:42:14,602 [WARN] PackLoader:240 - Cannot read IP mode file for STMicroelectronics.X-CUBE-AZRTOS-WB.2.0.0
2026-03-29 16:42:14,603 [WARN] ConditionMgr:1044 - genDependencies : Invalid condition id : UX DEVICE CLASS RTOS Condition cause : null
2026-03-29 16:42:14,603 [WARN] ConditionMgr:1044 - genDependencies : Invalid condition id : UX DEVICE CLASS RTOS Condition cause : null
2026-03-29 16:42:14,604 [WARN] ConditionMgr:1044 - genDependencies : Invalid condition id : UX DEVICE CLASS RTOS Condition cause : null
2026-03-29 16:42:14,605 [WARN] ConditionMgr:1044 - genDependencies : Invalid condition id : UX DEVICE CLASS RTOS Condition cause : null
2026-03-29 16:42:14,605 [WARN] ConditionMgr:1044 - genDependencies : Invalid condition id : UX DEVICE CLASS RTOS Condition cause : null
2026-03-29 16:42:14,640 [WARN] PackLoader:240 - Cannot read IP mode file for STMicroelectronics.X-CUBE-GNSS1.7.0.1
2026-03-29 16:42:14,674 [WARN] ConditionMgr:438 - getConditionDescription Invalid condition id : Cortex-A Device cause : null
2026-03-29 16:42:14,710 [WARN] ConditionMgr:1044 - genDependencies : Invalid condition id : Cortex-A Device cause : null
2026-03-29 16:42:14,710 [WARN] ConditionMgr:1044 - genDependencies : Invalid condition id : Cortex-A Device cause : null
2026-03-29 16:42:14,711 [WARN] ConditionMgr:1044 - genDependencies : Invalid condition id : Cortex-A Device cause : null
2026-03-29 16:42:14,748 [WARN] PackLoader:240 - Cannot read IP mode file for STMicroelectronics.X-CUBE-STSE01.2.0.0
2026-03-29 16:42:14,796 [WARN] PackLoader:240 - Cannot read IP mode file for STMicroelectronics.X-CUBE-SUBG2.5.0.0
2026-03-29 16:42:14,890 [WARN] PackLoader:240 - Cannot read IP mode file for STMicroelectronics.X-CUBE-AZRTOS-H7RS.1.1.0
2026-03-29 16:42:14,946 [INFO] WebApp:191 - Connection restablished
2026-03-29 16:42:14,962 [WARN] PackLoader:240 - Cannot read IP mode file for STMicroelectronics.X-CUBE-AZRTOS-G4.2.0.0
2026-03-29 16:42:14,979 [INFO] WebApp:225 - Starting web application
2026-03-29 16:42:14,980 [INFO] WebApp:593 - Web application path used C:\ST\STM32CubeIDE_1.19.0\STM32CubeIDE\plugins\com.st.stm32cube.common.mx_6.15.0.202507011659\db\plugins\mcufinder\reactClient1\index.html
2026-03-29 16:42:14,999 [WARN] PackLoader:240 - Cannot read IP mode file for STMicroelectronics.X-CUBE-NFC7.2.0.0
2026-03-29 16:42:15,034 [WARN] PackLoader:240 - Cannot read IP mode file for STMicroelectronics.X-CUBE-ALS.1.0.2
2026-03-29 16:42:15,070 [WARN] PackLoader:240 - Cannot read IP mode file for STMicroelectronics.X-CUBE-STSE01.1.0.0
2026-03-29 16:42:15,121 [WARN] PackLoader:240 - Cannot read IP mode file for STMicroelectronics.X-CUBE-TOF1.3.4.3
2026-03-29 16:42:15,144 [INFO] ThirdParty:978 - Integrity check success = true
2026-03-29 16:42:15,144 [INFO] IntegrityCheckThread:100 - exiting critical section [integrity check]
2026-03-29 16:42:15,144 [INFO] IntegrityCheckThread:103 - End integrity checks thread
2026-03-29 16:42:15,510 [INFO] UserAuth:487 - Internet connection configuration mode: 1
2026-03-29 16:42:17,032 [ERROR] LogOutputStream:75 - [STDERR_REDIRECT] [Fatal Error] :1:1: Premature end of file.
2026-03-29 16:42:17,034 [ERROR] LogOutputStream:75 - [STDERR_REDIRECT] 
2026-03-29 16:42:17,640 [ERROR] LogOutputStream:75 - [STDERR_REDIRECT] [Fatal Error] :1:1: Premature end of file.
2026-03-29 16:42:17,640 [ERROR] LogOutputStream:75 - [STDERR_REDIRECT] 
2026-03-29 16:42:18,633 [ERROR] LogOutputStream:75 - [STDERR_REDIRECT] [Fatal Error] :1:1: Premature end of file.
2026-03-29 16:42:18,634 [ERROR] LogOutputStream:75 - [STDERR_REDIRECT] 
2026-03-29 16:42:19,626 [ERROR] LogOutputStream:75 - [STDERR_REDIRECT] [Fatal Error] :1:1: Premature end of file.
2026-03-29 16:42:19,626 [ERROR] LogOutputStream:75 - [STDERR_REDIRECT] 
2026-03-29 16:42:20,628 [ERROR] LogOutputStream:75 - [STDERR_REDIRECT] [Fatal Error] :1:1: Premature end of file.
2026-03-29 16:42:20,628 [ERROR] LogOutputStream:75 - [STDERR_REDIRECT] 
2026-03-29 16:42:21,629 [ERROR] LogOutputStream:75 - [STDERR_REDIRECT] [Fatal Error] :1:1: Premature end of file.
2026-03-29 16:42:21,630 [ERROR] LogOutputStream:75 - [STDERR_REDIRECT] 
2026-03-29 16:42:22,627 [ERROR] LogOutputStream:75 - [STDERR_REDIRECT] [Fatal Error] :1:1: Premature end of file.
2026-03-29 16:42:22,627 [ERROR] LogOutputStream:75 - [STDERR_REDIRECT] 
2026-03-29 16:42:23,626 [ERROR] LogOutputStream:75 - [STDERR_REDIRECT] [Fatal Error] :1:1: Premature end of file.
2026-03-29 16:42:23,627 [ERROR] LogOutputStream:75 - [STDERR_REDIRECT] 
2026-03-29 16:42:24,627 [ERROR] LogOutputStream:75 - [STDERR_REDIRECT] [Fatal Error] :1:1: Premature end of file.
2026-03-29 16:42:24,629 [ERROR] LogOutputStream:75 - [STDERR_REDIRECT] 
2026-03-29 16:42:25,627 [ERROR] LogOutputStream:75 - [STDERR_REDIRECT] [Fatal Error] :1:1: Premature end of file.
2026-03-29 16:42:25,627 [ERROR] LogOutputStream:75 - [STDERR_REDIRECT] 
2026-03-29 16:42:26,635 [ERROR] LogOutputStream:75 - [STDERR_REDIRECT] [Fatal Error] :1:1: Premature end of file.
2026-03-29 16:42:26,636 [ERROR] LogOutputStream:75 - [STDERR_REDIRECT] 
2026-03-29 16:42:27,627 [ERROR] LogOutputStream:75 - [STDERR_REDIRECT] [Fatal Error] :1:1: Premature end of file.
2026-03-29 16:42:27,627 [ERROR] LogOutputStream:75 - [STDERR_REDIRECT] 
2026-03-29 16:42:28,625 [ERROR] LogOutputStream:75 - [STDERR_REDIRECT] [Fatal Error] :1:1: Premature end of file.
2026-03-29 16:42:28,627 [ERROR] LogOutputStream:75 - [STDERR_REDIRECT] 
2026-03-29 16:42:29,626 [ERROR] LogOutputStream:75 - [STDERR_REDIRECT] [Fatal Error] :1:1: Premature end of file.
2026-03-29 16:42:29,626 [ERROR] LogOutputStream:75 - [STDERR_REDIRECT] 
2026-03-29 16:42:30,628 [ERROR] LogOutputStream:75 - [STDERR_REDIRECT] [Fatal Error] :1:1: Premature end of file.
2026-03-29 16:42:30,628 [ERROR] LogOutputStream:75 - [STDERR_REDIRECT] 
2026-03-29 16:42:31,630 [ERROR] LogOutputStream:75 - [STDERR_REDIRECT] [Fatal Error] :1:1: Premature end of file.
2026-03-29 16:42:31,630 [ERROR] LogOutputStream:75 - [STDERR_REDIRECT] 
2026-03-29 16:42:32,634 [ERROR] LogOutputStream:75 - [STDERR_REDIRECT] [Fatal Error] :1:1: Premature end of file.
2026-03-29 16:42:32,635 [ERROR] LogOutputStream:75 - [STDERR_REDIRECT] 
2026-03-29 16:42:33,627 [ERROR] LogOutputStream:75 - [STDERR_REDIRECT] [Fatal Error] :1:1: Premature end of file.
2026-03-29 16:42:33,628 [ERROR] LogOutputStream:75 - [STDERR_REDIRECT] 
2026-03-29 16:42:34,629 [ERROR] LogOutputStream:75 - [STDERR_REDIRECT] [Fatal Error] :1:1: Premature end of file.
2026-03-29 16:42:34,629 [ERROR] LogOutputStream:75 - [STDERR_REDIRECT] 
2026-03-29 16:42:35,628 [ERROR] LogOutputStream:75 - [STDERR_REDIRECT] [Fatal Error] :1:1: Premature end of file.
2026-03-29 16:42:35,629 [ERROR] LogOutputStream:75 - [STDERR_REDIRECT] 
2026-03-29 16:42:36,667 [ERROR] LogOutputStream:75 - [STDERR_REDIRECT] [Fatal Error] :1:1: Premature end of file.
2026-03-29 16:42:36,667 [ERROR] LogOutputStream:75 - [STDERR_REDIRECT] 
2026-03-29 16:42:37,646 [ERROR] LogOutputStream:75 - [STDERR_REDIRECT] [Fatal Error] :1:1: Premature end of file.
2026-03-29 16:42:37,646 [ERROR] LogOutputStream:75 - [STDERR_REDIRECT] 
2026-03-29 16:42:38,653 [ERROR] LogOutputStream:75 - [STDERR_REDIRECT] [Fatal Error] :1:1: Premature end of file.
2026-03-29 16:42:38,654 [ERROR] LogOutputStream:75 - [STDERR_REDIRECT] 
2026-03-29 16:42:39,646 [ERROR] LogOutputStream:75 - [STDERR_REDIRECT] [Fatal Error] :1:1: Premature end of file.
2026-03-29 16:42:39,647 [ERROR] LogOutputStream:75 - [STDERR_REDIRECT] 
2026-03-29 16:42:40,636 [ERROR] LogOutputStream:75 - [STDERR_REDIRECT] [Fatal Error] :1:1: Premature end of file.
2026-03-29 16:42:40,636 [ERROR] LogOutputStream:75 - [STDERR_REDIRECT] 
2026-03-29 16:42:41,636 [ERROR] LogOutputStream:75 - [STDERR_REDIRECT] [Fatal Error] :1:1: Premature end of file.
2026-03-29 16:42:41,636 [ERROR] LogOutputStream:75 - [STDERR_REDIRECT] 
2026-03-29 16:42:42,629 [ERROR] LogOutputStream:75 - [STDERR_REDIRECT] [Fatal Error] :1:1: Premature end of file.
2026-03-29 16:42:42,629 [ERROR] LogOutputStream:75 - [STDERR_REDIRECT] 
2026-03-29 16:42:43,628 [ERROR] LogOutputStream:75 - [STDERR_REDIRECT] [Fatal Error] :1:1: Premature end of file.
2026-03-29 16:42:43,628 [ERROR] LogOutputStream:75 - [STDERR_REDIRECT] 
2026-03-29 16:42:44,626 [ERROR] LogOutputStream:75 - [STDERR_REDIRECT] [Fatal Error] :1:1: Premature end of file.
2026-03-29 16:42:44,626 [ERROR] LogOutputStream:75 - [STDERR_REDIRECT] 
2026-03-29 16:42:45,627 [ERROR] LogOutputStream:75 - [STDERR_REDIRECT] [Fatal Error] :1:1: Premature end of file.
2026-03-29 16:42:45,627 [ERROR] LogOutputStream:75 - [STDERR_REDIRECT] 
2026-03-29 16:42:46,627 [ERROR] LogOutputStream:75 - [STDERR_REDIRECT] [Fatal Error] :1:1: Premature end of file.
2026-03-29 16:42:46,628 [ERROR] LogOutputStream:75 - [STDERR_REDIRECT] 
2026-03-29 16:42:47,671 [ERROR] LogOutputStream:75 - [STDERR_REDIRECT] [Fatal Error] :1:1: Premature end of file.
2026-03-29 16:42:47,671 [ERROR] LogOutputStream:75 - [STDERR_REDIRECT] 
2026-03-29 16:42:48,639 [ERROR] LogOutputStream:75 - [STDERR_REDIRECT] [Fatal Error] :1:1: Premature end of file.
2026-03-29 16:42:48,640 [ERROR] LogOutputStream:75 - [STDERR_REDIRECT] 
2026-03-29 16:42:49,708 [ERROR] LogOutputStream:75 - [STDERR_REDIRECT] [Fatal Error] :1:1: Premature end of file.
2026-03-29 16:42:49,709 [ERROR] LogOutputStream:75 - [STDERR_REDIRECT] 
2026-03-29 16:42:50,628 [ERROR] LogOutputStream:75 - [STDERR_REDIRECT] [Fatal Error] :1:1: Premature end of file.
2026-03-29 16:42:50,628 [ERROR] LogOutputStream:75 - [STDERR_REDIRECT] 
2026-03-29 16:42:51,636 [ERROR] LogOutputStream:75 - [STDERR_REDIRECT] [Fatal Error] :1:1: Premature end of file.
2026-03-29 16:42:51,637 [ERROR] LogOutputStream:75 - [STDERR_REDIRECT] 
2026-03-29 16:42:52,649 [ERROR] LogOutputStream:75 - [STDERR_REDIRECT] [Fatal Error] :1:1: Premature end of file.
2026-03-29 16:42:52,649 [ERROR] LogOutputStream:75 - [STDERR_REDIRECT] 
2026-03-29 16:42:53,640 [ERROR] LogOutputStream:75 - [STDERR_REDIRECT] [Fatal Error] :1:1: Premature end of file.
2026-03-29 16:42:53,640 [ERROR] LogOutputStream:75 - [STDERR_REDIRECT] 
2026-03-29 16:42:54,633 [ERROR] LogOutputStream:75 - [STDERR_REDIRECT] [Fatal Error] :1:1: Premature end of file.
2026-03-29 16:42:54,634 [ERROR] LogOutputStream:75 - [STDERR_REDIRECT] 
2026-03-29 16:42:55,629 [ERROR] LogOutputStream:75 - [STDERR_REDIRECT] [Fatal Error] :1:1: Premature end of file.
2026-03-29 16:42:55,629 [ERROR] LogOutputStream:75 - [STDERR_REDIRECT] 
2026-03-29 16:42:56,636 [ERROR] LogOutputStream:75 - [STDERR_REDIRECT] [Fatal Error] :1:1: Premature end of file.
2026-03-29 16:42:56,636 [ERROR] LogOutputStream:75 - [STDERR_REDIRECT] 
2026-03-29 16:42:57,629 [ERROR] LogOutputStream:75 - [STDERR_REDIRECT] [Fatal Error] :1:1: Premature end of file.
2026-03-29 16:42:57,630 [ERROR] LogOutputStream:75 - [STDERR_REDIRECT] 
2026-03-29 16:42:58,633 [ERROR] LogOutputStream:75 - [STDERR_REDIRECT] [Fatal Error] :1:1: Premature end of file.
2026-03-29 16:42:58,633 [ERROR] LogOutputStream:75 - [STDERR_REDIRECT] 
2026-03-29 16:42:59,648 [ERROR] LogOutputStream:75 - [STDERR_REDIRECT] [Fatal Error] :1:1: Premature end of file.
2026-03-29 16:42:59,648 [ERROR] LogOutputStream:75 - [STDERR_REDIRECT] 
2026-03-29 16:43:00,640 [ERROR] LogOutputStream:75 - [STDERR_REDIRECT] [Fatal Error] :1:1: Premature end of file.
2026-03-29 16:43:00,640 [ERROR] LogOutputStream:75 - [STDERR_REDIRECT] 
2026-03-29 16:43:01,629 [ERROR] LogOutputStream:75 - [STDERR_REDIRECT] [Fatal Error] :1:1: Premature end of file.
2026-03-29 16:43:01,630 [ERROR] LogOutputStream:75 - [STDERR_REDIRECT] 
2026-03-29 16:43:02,690 [ERROR] LogOutputStream:75 - [STDERR_REDIRECT] [Fatal Error] :1:1: Premature end of file.
2026-03-29 16:43:02,690 [ERROR] LogOutputStream:75 - [STDERR_REDIRECT] 
2026-03-29 16:43:03,629 [ERROR] LogOutputStream:75 - [STDERR_REDIRECT] [Fatal Error] :1:1: Premature end of file.
2026-03-29 16:43:03,629 [ERROR] LogOutputStream:75 - [STDERR_REDIRECT] 
2026-03-29 16:43:04,630 [ERROR] LogOutputStream:75 - [STDERR_REDIRECT] [Fatal Error] :1:1: Premature end of file.
2026-03-29 16:43:04,631 [ERROR] LogOutputStream:75 - [STDERR_REDIRECT] 
2026-03-29 16:43:05,628 [ERROR] LogOutputStream:75 - [STDERR_REDIRECT] [Fatal Error] :1:1: Premature end of file.
2026-03-29 16:43:05,628 [ERROR] LogOutputStream:75 - [STDERR_REDIRECT] 
2026-03-29 16:43:06,629 [ERROR] LogOutputStream:75 - [STDERR_REDIRECT] [Fatal Error] :1:1: Premature end of file.
2026-03-29 16:43:06,629 [ERROR] LogOutputStream:75 - [STDERR_REDIRECT] 
2026-03-29 16:43:07,629 [ERROR] LogOutputStream:75 - [STDERR_REDIRECT] [Fatal Error] :1:1: Premature end of file.
2026-03-29 16:43:07,629 [ERROR] LogOutputStream:75 - [STDERR_REDIRECT] 
2026-03-29 16:43:08,657 [ERROR] LogOutputStream:75 - [STDERR_REDIRECT] [Fatal Error] :1:1: Premature end of file.
2026-03-29 16:43:08,658 [ERROR] LogOutputStream:75 - [STDERR_REDIRECT] 
2026-03-29 16:43:09,636 [ERROR] LogOutputStream:75 - [STDERR_REDIRECT] [Fatal Error] :1:1: Premature end of file.
2026-03-29 16:43:09,637 [ERROR] LogOutputStream:75 - [STDERR_REDIRECT] 
2026-03-29 16:43:10,626 [ERROR] LogOutputStream:75 - [STDERR_REDIRECT] [Fatal Error] :1:1: Premature end of file.
2026-03-29 16:43:10,627 [ERROR] LogOutputStream:75 - [STDERR_REDIRECT] 
2026-03-29 16:43:11,629 [ERROR] LogOutputStream:75 - [STDERR_REDIRECT] [Fatal Error] :1:1: Premature end of file.
2026-03-29 16:43:11,629 [ERROR] LogOutputStream:75 - [STDERR_REDIRECT] 
2026-03-29 16:43:12,625 [ERROR] LogOutputStream:75 - [STDERR_REDIRECT] [Fatal Error] :1:1: Premature end of file.
2026-03-29 16:43:12,626 [ERROR] LogOutputStream:75 - [STDERR_REDIRECT] 
2026-03-29 16:43:13,656 [ERROR] LogOutputStream:75 - [STDERR_REDIRECT] [Fatal Error] :1:1: Premature end of file.
2026-03-29 16:43:13,656 [ERROR] LogOutputStream:75 - [STDERR_REDIRECT] 
2026-03-29 16:43:14,626 [ERROR] LogOutputStream:75 - [STDERR_REDIRECT] [Fatal Error] :1:1: Premature end of file.
2026-03-29 16:43:14,627 [ERROR] LogOutputStream:75 - [STDERR_REDIRECT] 
2026-03-29 16:43:15,627 [ERROR] LogOutputStream:75 - [STDERR_REDIRECT] [Fatal Error] :1:1: Premature end of file.
2026-03-29 16:43:15,627 [ERROR] LogOutputStream:75 - [STDERR_REDIRECT] 
2026-03-29 16:43:16,628 [ERROR] LogOutputStream:75 - [STDERR_REDIRECT] [Fatal Error] :1:1: Premature end of file.
2026-03-29 16:43:16,628 [ERROR] LogOutputStream:75 - [STDERR_REDIRECT] 
2026-03-29 16:43:17,628 [ERROR] LogOutputStream:75 - [STDERR_REDIRECT] [Fatal Error] :1:1: Premature end of file.
2026-03-29 16:43:17,628 [ERROR] LogOutputStream:75 - [STDERR_REDIRECT] 
2026-03-29 16:43:18,659 [ERROR] LogOutputStream:75 - [STDERR_REDIRECT] [Fatal Error] :1:1: Premature end of file.
2026-03-29 16:43:18,659 [ERROR] LogOutputStream:75 - [STDERR_REDIRECT] 
2026-03-29 16:43:19,635 [ERROR] LogOutputStream:75 - [STDERR_REDIRECT] [Fatal Error] :1:1: Premature end of file.
2026-03-29 16:43:19,635 [ERROR] LogOutputStream:75 - [STDERR_REDIRECT] 
2026-03-29 16:43:20,628 [ERROR] LogOutputStream:75 - [STDERR_REDIRECT] [Fatal Error] :1:1: Premature end of file.
2026-03-29 16:43:20,629 [ERROR] LogOutputStream:75 - [STDERR_REDIRECT] 
2026-03-29 16:43:21,626 [ERROR] LogOutputStream:75 - [STDERR_REDIRECT] [Fatal Error] :1:1: Premature end of file.
2026-03-29 16:43:21,627 [ERROR] LogOutputStream:75 - [STDERR_REDIRECT] 
2026-03-29 16:43:22,629 [ERROR] LogOutputStream:75 - [STDERR_REDIRECT] [Fatal Error] :1:1: Premature end of file.
2026-03-29 16:43:22,629 [ERROR] LogOutputStream:75 - [STDERR_REDIRECT] 
2026-03-29 16:43:23,631 [ERROR] LogOutputStream:75 - [STDERR_REDIRECT] [Fatal Error] :1:1: Premature end of file.
2026-03-29 16:43:23,631 [ERROR] LogOutputStream:75 - [STDERR_REDIRECT] 
2026-03-29 16:43:24,629 [ERROR] LogOutputStream:75 - [STDERR_REDIRECT] [Fatal Error] :1:1: Premature end of file.
2026-03-29 16:43:24,629 [ERROR] LogOutputStream:75 - [STDERR_REDIRECT] 
2026-03-29 16:43:25,628 [ERROR] LogOutputStream:75 - [STDERR_REDIRECT] [Fatal Error] :1:1: Premature end of file.
2026-03-29 16:43:25,628 [ERROR] LogOutputStream:75 - [STDERR_REDIRECT] 
2026-03-29 16:43:26,627 [ERROR] LogOutputStream:75 - [STDERR_REDIRECT] [Fatal Error] :1:1: Premature end of file.
2026-03-29 16:43:26,627 [ERROR] LogOutputStream:75 - [STDERR_REDIRECT] 
2026-03-29 16:43:27,626 [ERROR] LogOutputStream:75 - [STDERR_REDIRECT] [Fatal Error] :1:1: Premature end of file.
2026-03-29 16:43:27,628 [ERROR] LogOutputStream:75 - [STDERR_REDIRECT] 
2026-03-29 16:43:28,636 [ERROR] LogOutputStream:75 - [STDERR_REDIRECT] [Fatal Error] :1:1: Premature end of file.
2026-03-29 16:43:28,637 [ERROR] LogOutputStream:75 - [STDERR_REDIRECT] 
2026-03-29 16:43:29,630 [ERROR] LogOutputStream:75 - [STDERR_REDIRECT] [Fatal Error] :1:1: Premature end of file.
2026-03-29 16:43:29,630 [ERROR] LogOutputStream:75 - [STDERR_REDIRECT] 
2026-03-29 16:43:30,627 [ERROR] LogOutputStream:75 - [STDERR_REDIRECT] [Fatal Error] :1:1: Premature end of file.
2026-03-29 16:43:30,627 [ERROR] LogOutputStream:75 - [STDERR_REDIRECT] 
2026-03-29 16:43:31,627 [ERROR] LogOutputStream:75 - [STDERR_REDIRECT] [Fatal Error] :1:1: Premature end of file.
2026-03-29 16:43:31,627 [ERROR] LogOutputStream:75 - [STDERR_REDIRECT] 
2026-03-29 16:43:32,630 [ERROR] LogOutputStream:75 - [STDERR_REDIRECT] [Fatal Error] :1:1: Premature end of file.
2026-03-29 16:43:32,630 [ERROR] LogOutputStream:75 - [STDERR_REDIRECT] 
2026-03-29 16:43:33,627 [ERROR] LogOutputStream:75 - [STDERR_REDIRECT] [Fatal Error] :1:1: Premature end of file.
2026-03-29 16:43:33,628 [ERROR] LogOutputStream:75 - [STDERR_REDIRECT] 
2026-03-29 16:43:34,627 [ERROR] LogOutputStream:75 - [STDERR_REDIRECT] [Fatal Error] :1:1: Premature end of file.
2026-03-29 16:43:34,627 [ERROR] LogOutputStream:75 - [STDERR_REDIRECT] 
2026-03-29 16:43:35,627 [ERROR] LogOutputStream:75 - [STDERR_REDIRECT] [Fatal Error] :1:1: Premature end of file.
2026-03-29 16:43:35,627 [ERROR] LogOutputStream:75 - [STDERR_REDIRECT] 
2026-03-29 16:43:36,628 [ERROR] LogOutputStream:75 - [STDERR_REDIRECT] [Fatal Error] :1:1: Premature end of file.
2026-03-29 16:43:36,628 [ERROR] LogOutputStream:75 - [STDERR_REDIRECT] 
2026-03-29 16:43:37,629 [ERROR] LogOutputStream:75 - [STDERR_REDIRECT] [Fatal Error] :1:1: Premature end of file.
2026-03-29 16:43:37,629 [ERROR] LogOutputStream:75 - [STDERR_REDIRECT] 
2026-03-29 16:43:38,637 [ERROR] LogOutputStream:75 - [STDERR_REDIRECT] [Fatal Error] :1:1: Premature end of file.
2026-03-29 16:43:38,637 [ERROR] LogOutputStream:75 - [STDERR_REDIRECT] 
2026-03-29 16:43:39,627 [ERROR] LogOutputStream:75 - [STDERR_REDIRECT] [Fatal Error] :1:1: Premature end of file.
2026-03-29 16:43:39,627 [ERROR] LogOutputStream:75 - [STDERR_REDIRECT] 
2026-03-29 16:43:40,627 [ERROR] LogOutputStream:75 - [STDERR_REDIRECT] [Fatal Error] :1:1: Premature end of file.
2026-03-29 16:43:40,628 [ERROR] LogOutputStream:75 - [STDERR_REDIRECT] 
2026-03-29 16:43:41,650 [ERROR] LogOutputStream:75 - [STDERR_REDIRECT] [Fatal Error] :1:1: Premature end of file.
2026-03-29 16:43:41,650 [ERROR] LogOutputStream:75 - [STDERR_REDIRECT] 
2026-03-29 16:43:42,630 [ERROR] LogOutputStream:75 - [STDERR_REDIRECT] [Fatal Error] :1:1: Premature end of file.
2026-03-29 16:43:42,630 [ERROR] LogOutputStream:75 - [STDERR_REDIRECT] 
2026-03-29 16:43:43,634 [ERROR] LogOutputStream:75 - [STDERR_REDIRECT] [Fatal Error] :1:1: Premature end of file.
2026-03-29 16:43:43,634 [ERROR] LogOutputStream:75 - [STDERR_REDIRECT] 
2026-03-29 16:43:44,636 [ERROR] LogOutputStream:75 - [STDERR_REDIRECT] [Fatal Error] :1:1: Premature end of file.
2026-03-29 16:43:44,637 [ERROR] LogOutputStream:75 - [STDERR_REDIRECT] 
2026-03-29 16:43:45,632 [ERROR] LogOutputStream:75 - [STDERR_REDIRECT] [Fatal Error] :1:1: Premature end of file.
2026-03-29 16:43:45,633 [ERROR] LogOutputStream:75 - [STDERR_REDIRECT] 
2026-03-29 16:43:46,630 [ERROR] LogOutputStream:75 - [STDERR_REDIRECT] [Fatal Error] :1:1: Premature end of file.
2026-03-29 16:43:46,631 [ERROR] LogOutputStream:75 - [STDERR_REDIRECT] 
2026-03-29 16:43:47,629 [ERROR] LogOutputStream:75 - [STDERR_REDIRECT] [Fatal Error] :1:1: Premature end of file.
2026-03-29 16:43:47,629 [ERROR] LogOutputStream:75 - [STDERR_REDIRECT] 
2026-03-29 16:43:48,631 [ERROR] LogOutputStream:75 - [STDERR_REDIRECT] [Fatal Error] :1:1: Premature end of file.
2026-03-29 16:43:48,631 [ERROR] LogOutputStream:75 - [STDERR_REDIRECT] 
2026-03-29 16:43:49,633 [ERROR] LogOutputStream:75 - [STDERR_REDIRECT] [Fatal Error] :1:1: Premature end of file.
2026-03-29 16:43:49,634 [ERROR] LogOutputStream:75 - [STDERR_REDIRECT] 
2026-03-29 16:43:50,628 [ERROR] LogOutputStream:75 - [STDERR_REDIRECT] [Fatal Error] :1:1: Premature end of file.
2026-03-29 16:43:50,629 [ERROR] LogOutputStream:75 - [STDERR_REDIRECT] 
2026-03-29 16:43:51,628 [ERROR] LogOutputStream:75 - [STDERR_REDIRECT] [Fatal Error] :1:1: Premature end of file.
2026-03-29 16:43:51,628 [ERROR] LogOutputStream:75 - [STDERR_REDIRECT] 
2026-03-29 16:43:52,629 [ERROR] LogOutputStream:75 - [STDERR_REDIRECT] [Fatal Error] :1:1: Premature end of file.
2026-03-29 16:43:52,629 [ERROR] LogOutputStream:75 - [STDERR_REDIRECT] 
2026-03-29 16:43:53,629 [ERROR] LogOutputStream:75 - [STDERR_REDIRECT] [Fatal Error] :1:1: Premature end of file.
2026-03-29 16:43:53,629 [ERROR] LogOutputStream:75 - [STDERR_REDIRECT] 
2026-03-29 16:43:54,635 [ERROR] LogOutputStream:75 - [STDERR_REDIRECT] [Fatal Error] :1:1: Premature end of file.
2026-03-29 16:43:54,636 [ERROR] LogOutputStream:75 - [STDERR_REDIRECT] 
2026-03-29 16:43:55,634 [ERROR] LogOutputStream:75 - [STDERR_REDIRECT] [Fatal Error] :1:1: Premature end of file.
2026-03-29 16:43:55,635 [ERROR] LogOutputStream:75 - [STDERR_REDIRECT] 
2026-03-29 16:43:56,635 [ERROR] LogOutputStream:75 - [STDERR_REDIRECT] [Fatal Error] :1:1: Premature end of file.
2026-03-29 16:43:56,635 [ERROR] LogOutputStream:75 - [STDERR_REDIRECT] 
2026-03-29 16:43:57,628 [ERROR] LogOutputStream:75 - [STDERR_REDIRECT] [Fatal Error] :1:1: Premature end of file.
2026-03-29 16:43:57,628 [ERROR] LogOutputStream:75 - [STDERR_REDIRECT] 
2026-03-29 16:43:58,632 [ERROR] LogOutputStream:75 - [STDERR_REDIRECT] [Fatal Error] :1:1: Premature end of file.
2026-03-29 16:43:58,633 [ERROR] LogOutputStream:75 - [STDERR_REDIRECT] 
2026-03-29 16:43:59,630 [ERROR] LogOutputStream:75 - [STDERR_REDIRECT] [Fatal Error] :1:1: Premature end of file.
2026-03-29 16:43:59,631 [ERROR] LogOutputStream:75 - [STDERR_REDIRECT] 
2026-03-29 16:44:00,629 [ERROR] LogOutputStream:75 - [STDERR_REDIRECT] [Fatal Error] :1:1: Premature end of file.
2026-03-29 16:44:00,629 [ERROR] LogOutputStream:75 - [STDERR_REDIRECT] 
2026-03-29 16:44:01,634 [ERROR] LogOutputStream:75 - [STDERR_REDIRECT] [Fatal Error] :1:1: Premature end of file.
2026-03-29 16:44:01,634 [ERROR] LogOutputStream:75 - [STDERR_REDIRECT] 
2026-03-29 16:44:02,633 [ERROR] LogOutputStream:75 - [STDERR_REDIRECT] [Fatal Error] :1:1: Premature end of file.
2026-03-29 16:44:02,634 [ERROR] LogOutputStream:75 - [STDERR_REDIRECT] 
2026-03-29 16:44:03,641 [ERROR] LogOutputStream:75 - [STDERR_REDIRECT] [Fatal Error] :1:1: Premature end of file.
2026-03-29 16:44:03,641 [ERROR] LogOutputStream:75 - [STDERR_REDIRECT] 
2026-03-29 16:44:04,628 [ERROR] LogOutputStream:75 - [STDERR_REDIRECT] [Fatal Error] :1:1: Premature end of file.
2026-03-29 16:44:04,628 [ERROR] LogOutputStream:75 - [STDERR_REDIRECT] 
2026-03-29 16:44:05,629 [ERROR] LogOutputStream:75 - [STDERR_REDIRECT] [Fatal Error] :1:1: Premature end of file.
2026-03-29 16:44:05,629 [ERROR] LogOutputStream:75 - [STDERR_REDIRECT] 
2026-03-29 16:44:06,657 [ERROR] LogOutputStream:75 - [STDERR_REDIRECT] [Fatal Error] :1:1: Premature end of file.
2026-03-29 16:44:06,657 [ERROR] LogOutputStream:75 - [STDERR_REDIRECT] 
2026-03-29 16:44:07,626 [ERROR] LogOutputStream:75 - [STDERR_REDIRECT] [Fatal Error] :1:1: Premature end of file.
2026-03-29 16:44:07,627 [ERROR] LogOutputStream:75 - [STDERR_REDIRECT] 
2026-03-29 16:44:08,640 [ERROR] LogOutputStream:75 - [STDERR_REDIRECT] [Fatal Error] :1:1: Premature end of file.
2026-03-29 16:44:08,640 [ERROR] LogOutputStream:75 - [STDERR_REDIRECT] 
2026-03-29 16:44:09,626 [ERROR] LogOutputStream:75 - [STDERR_REDIRECT] [Fatal Error] :1:1: Premature end of file.
2026-03-29 16:44:09,626 [ERROR] LogOutputStream:75 - [STDERR_REDIRECT] 
2026-03-29 16:44:10,631 [ERROR] LogOutputStream:75 - [STDERR_REDIRECT] [Fatal Error] :1:1: Premature end of file.
2026-03-29 16:44:10,632 [ERROR] LogOutputStream:75 - [STDERR_REDIRECT] 
2026-03-29 16:44:11,636 [ERROR] LogOutputStream:75 - [STDERR_REDIRECT] [Fatal Error] :1:1: Premature end of file.
2026-03-29 16:44:11,636 [ERROR] LogOutputStream:75 - [STDERR_REDIRECT] 
2026-03-29 16:44:12,630 [ERROR] LogOutputStream:75 - [STDERR_REDIRECT] [Fatal Error] :1:1: Premature end of file.
2026-03-29 16:44:12,630 [ERROR] LogOutputStream:75 - [STDERR_REDIRECT] 
2026-03-29 16:44:13,651 [ERROR] LogOutputStream:75 - [STDERR_REDIRECT] [Fatal Error] :1:1: Premature end of file.
2026-03-29 16:44:13,652 [ERROR] LogOutputStream:75 - [STDERR_REDIRECT] 
2026-03-29 16:44:14,635 [ERROR] LogOutputStream:75 - [STDERR_REDIRECT] [Fatal Error] :1:1: Premature end of file.
2026-03-29 16:44:14,636 [ERROR] LogOutputStream:75 - [STDERR_REDIRECT] 
2026-03-29 16:44:15,630 [ERROR] LogOutputStream:75 - [STDERR_REDIRECT] [Fatal Error] :1:1: Premature end of file.
2026-03-29 16:44:15,630 [ERROR] LogOutputStream:75 - [STDERR_REDIRECT] 
2026-03-29 16:44:16,629 [ERROR] LogOutputStream:75 - [STDERR_REDIRECT] [Fatal Error] :1:1: Premature end of file.
2026-03-29 16:44:16,629 [ERROR] LogOutputStream:75 - [STDERR_REDIRECT] 
2026-03-29 16:44:17,630 [ERROR] LogOutputStream:75 - [STDERR_REDIRECT] [Fatal Error] :1:1: Premature end of file.
2026-03-29 16:44:17,630 [ERROR] LogOutputStream:75 - [STDERR_REDIRECT] 
2026-03-29 16:44:18,629 [ERROR] LogOutputStream:75 - [STDERR_REDIRECT] [Fatal Error] :1:1: Premature end of file.
2026-03-29 16:44:18,629 [ERROR] LogOutputStream:75 - [STDERR_REDIRECT] 
2026-03-29 16:44:19,628 [ERROR] LogOutputStream:75 - [STDERR_REDIRECT] [Fatal Error] :1:1: Premature end of file.
2026-03-29 16:44:19,628 [ERROR] LogOutputStream:75 - [STDERR_REDIRECT] 
2026-03-29 16:44:20,628 [ERROR] LogOutputStream:75 - [STDERR_REDIRECT] [Fatal Error] :1:1: Premature end of file.
2026-03-29 16:44:20,630 [ERROR] LogOutputStream:75 - [STDERR_REDIRECT] 
2026-03-29 16:44:21,628 [ERROR] LogOutputStream:75 - [STDERR_REDIRECT] [Fatal Error] :1:1: Premature end of file.
2026-03-29 16:44:21,628 [ERROR] LogOutputStream:75 - [STDERR_REDIRECT] 
2026-03-29 16:44:22,630 [ERROR] LogOutputStream:75 - [STDERR_REDIRECT] [Fatal Error] :1:1: Premature end of file.
2026-03-29 16:44:22,630 [ERROR] LogOutputStream:75 - [STDERR_REDIRECT] 
2026-03-29 16:44:23,629 [ERROR] LogOutputStream:75 - [STDERR_REDIRECT] [Fatal Error] :1:1: Premature end of file.
2026-03-29 16:44:23,631 [ERROR] LogOutputStream:75 - [STDERR_REDIRECT] 
2026-03-29 16:44:24,627 [ERROR] LogOutputStream:75 - [STDERR_REDIRECT] [Fatal Error] :1:1: Premature end of file.
2026-03-29 16:44:24,627 [ERROR] LogOutputStream:75 - [STDERR_REDIRECT] 
2026-03-29 16:44:25,630 [ERROR] LogOutputStream:75 - [STDERR_REDIRECT] [Fatal Error] :1:1: Premature end of file.
2026-03-29 16:44:25,630 [ERROR] LogOutputStream:75 - [STDERR_REDIRECT] 
2026-03-29 16:44:26,628 [ERROR] LogOutputStream:75 - [STDERR_REDIRECT] [Fatal Error] :1:1: Premature end of file.
2026-03-29 16:44:26,628 [ERROR] LogOutputStream:75 - [STDERR_REDIRECT] 
2026-03-29 16:44:27,627 [ERROR] LogOutputStream:75 - [STDERR_REDIRECT] [Fatal Error] :1:1: Premature end of file.
2026-03-29 16:44:27,628 [ERROR] LogOutputStream:75 - [STDERR_REDIRECT] 
2026-03-29 16:44:28,628 [ERROR] LogOutputStream:75 - [STDERR_REDIRECT] [Fatal Error] :1:1: Premature end of file.
2026-03-29 16:44:28,629 [ERROR] LogOutputStream:75 - [STDERR_REDIRECT] 
2026-03-29 16:44:29,634 [ERROR] LogOutputStream:75 - [STDERR_REDIRECT] [Fatal Error] :1:1: Premature end of file.
2026-03-29 16:44:29,635 [ERROR] LogOutputStream:75 - [STDERR_REDIRECT] 
2026-03-29 16:44:30,634 [ERROR] LogOutputStream:75 - [STDERR_REDIRECT] [Fatal Error] :1:1: Premature end of file.
2026-03-29 16:44:30,634 [ERROR] LogOutputStream:75 - [STDERR_REDIRECT] 
2026-03-29 16:44:31,628 [ERROR] LogOutputStream:75 - [STDERR_REDIRECT] [Fatal Error] :1:1: Premature end of file.
2026-03-29 16:44:31,628 [ERROR] LogOutputStream:75 - [STDERR_REDIRECT] 
2026-03-29 16:44:32,627 [ERROR] LogOutputStream:75 - [STDERR_REDIRECT] [Fatal Error] :1:1: Premature end of file.
2026-03-29 16:44:32,628 [ERROR] LogOutputStream:75 - [STDERR_REDIRECT] 
2026-03-29 16:44:33,627 [ERROR] LogOutputStream:75 - [STDERR_REDIRECT] [Fatal Error] :1:1: Premature end of file.
2026-03-29 16:44:33,627 [ERROR] LogOutputStream:75 - [STDERR_REDIRECT] 
2026-03-29 16:44:34,630 [ERROR] LogOutputStream:75 - [STDERR_REDIRECT] [Fatal Error] :1:1: Premature end of file.
2026-03-29 16:44:34,630 [ERROR] LogOutputStream:75 - [STDERR_REDIRECT] 
2026-03-29 16:44:35,629 [ERROR] LogOutputStream:75 - [STDERR_REDIRECT] [Fatal Error] :1:1: Premature end of file.
2026-03-29 16:44:35,629 [ERROR] LogOutputStream:75 - [STDERR_REDIRECT] 
2026-03-29 16:44:36,630 [ERROR] LogOutputStream:75 - [STDERR_REDIRECT] [Fatal Error] :1:1: Premature end of file.
2026-03-29 16:44:36,630 [ERROR] LogOutputStream:75 - [STDERR_REDIRECT] 
2026-03-29 16:44:37,629 [ERROR] LogOutputStream:75 - [STDERR_REDIRECT] [Fatal Error] :1:1: Premature end of file.
2026-03-29 16:44:37,629 [ERROR] LogOutputStream:75 - [STDERR_REDIRECT] 
2026-03-29 16:44:38,626 [ERROR] LogOutputStream:75 - [STDERR_REDIRECT] [Fatal Error] :1:1: Premature end of file.
2026-03-29 16:44:38,626 [ERROR] LogOutputStream:75 - [STDERR_REDIRECT] 
2026-03-29 16:44:39,627 [ERROR] LogOutputStream:75 - [STDERR_REDIRECT] [Fatal Error] :1:1: Premature end of file.
2026-03-29 16:44:39,627 [ERROR] LogOutputStream:75 - [STDERR_REDIRECT] 
2026-03-29 16:44:40,630 [ERROR] LogOutputStream:75 - [STDERR_REDIRECT] [Fatal Error] :1:1: Premature end of file.
2026-03-29 16:44:40,630 [ERROR] LogOutputStream:75 - [STDERR_REDIRECT] 
2026-03-29 16:44:41,700 [ERROR] LogOutputStream:75 - [STDERR_REDIRECT] [Fatal Error] :1:1: Premature end of file.
2026-03-29 16:44:41,701 [ERROR] LogOutputStream:75 - [STDERR_REDIRECT] 
2026-03-29 16:44:42,640 [ERROR] LogOutputStream:75 - [STDERR_REDIRECT] [Fatal Error] :1:1: Premature end of file.
2026-03-29 16:44:42,640 [ERROR] LogOutputStream:75 - [STDERR_REDIRECT] 
2026-03-29 16:44:43,693 [ERROR] LogOutputStream:75 - [STDERR_REDIRECT] [Fatal Error] :1:1: Premature end of file.
2026-03-29 16:44:43,694 [ERROR] LogOutputStream:75 - [STDERR_REDIRECT] 
2026-03-29 16:44:44,644 [ERROR] LogOutputStream:75 - [STDERR_REDIRECT] [Fatal Error] :1:1: Premature end of file.
2026-03-29 16:44:44,644 [ERROR] LogOutputStream:75 - [STDERR_REDIRECT] 
2026-03-29 16:44:45,626 [ERROR] LogOutputStream:75 - [STDERR_REDIRECT] [Fatal Error] :1:1: Premature end of file.
2026-03-29 16:44:45,627 [ERROR] LogOutputStream:75 - [STDERR_REDIRECT] 
2026-03-29 16:44:46,638 [ERROR] LogOutputStream:75 - [STDERR_REDIRECT] [Fatal Error] :1:1: Premature end of file.
2026-03-29 16:44:46,639 [ERROR] LogOutputStream:75 - [STDERR_REDIRECT] 
2026-03-29 16:44:47,629 [ERROR] LogOutputStream:75 - [STDERR_REDIRECT] [Fatal Error] :1:1: Premature end of file.
2026-03-29 16:44:47,629 [ERROR] LogOutputStream:75 - [STDERR_REDIRECT] 
2026-03-29 16:44:48,628 [ERROR] LogOutputStream:75 - [STDERR_REDIRECT] [Fatal Error] :1:1: Premature end of file.
2026-03-29 16:44:48,628 [ERROR] LogOutputStream:75 - [STDERR_REDIRECT] 
2026-03-29 16:44:49,627 [ERROR] LogOutputStream:75 - [STDERR_REDIRECT] [Fatal Error] :1:1: Premature end of file.
2026-03-29 16:44:49,628 [ERROR] LogOutputStream:75 - [STDERR_REDIRECT] 
2026-03-29 16:44:50,626 [ERROR] LogOutputStream:75 - [STDERR_REDIRECT] [Fatal Error] :1:1: Premature end of file.
2026-03-29 16:44:50,626 [ERROR] LogOutputStream:75 - [STDERR_REDIRECT] 
2026-03-29 16:44:51,630 [ERROR] LogOutputStream:75 - [STDERR_REDIRECT] [Fatal Error] :1:1: Premature end of file.
2026-03-29 16:44:51,630 [ERROR] LogOutputStream:75 - [STDERR_REDIRECT] 
2026-03-29 16:44:52,627 [ERROR] LogOutputStream:75 - [STDERR_REDIRECT] [Fatal Error] :1:1: Premature end of file.
2026-03-29 16:44:52,627 [ERROR] LogOutputStream:75 - [STDERR_REDIRECT] 
2026-03-29 16:44:53,638 [ERROR] LogOutputStream:75 - [STDERR_REDIRECT] [Fatal Error] :1:1: Premature end of file.
2026-03-29 16:44:53,639 [ERROR] LogOutputStream:75 - [STDERR_REDIRECT] 
2026-03-29 16:44:54,629 [ERROR] LogOutputStream:75 - [STDERR_REDIRECT] [Fatal Error] :1:1: Premature end of file.
2026-03-29 16:44:54,629 [ERROR] LogOutputStream:75 - [STDERR_REDIRECT] 
2026-03-29 16:44:55,630 [ERROR] LogOutputStream:75 - [STDERR_REDIRECT] [Fatal Error] :1:1: Premature end of file.
2026-03-29 16:44:55,630 [ERROR] LogOutputStream:75 - [STDERR_REDIRECT] 
2026-03-29 16:44:56,628 [ERROR] LogOutputStream:75 - [STDERR_REDIRECT] [Fatal Error] :1:1: Premature end of file.
2026-03-29 16:44:56,629 [ERROR] LogOutputStream:75 - [STDERR_REDIRECT] 
2026-03-29 16:44:57,656 [ERROR] LogOutputStream:75 - [STDERR_REDIRECT] [Fatal Error] :1:1: Premature end of file.
2026-03-29 16:44:57,656 [ERROR] LogOutputStream:75 - [STDERR_REDIRECT] 
2026-03-29 16:44:58,748 [ERROR] LogOutputStream:75 - [STDERR_REDIRECT] [Fatal Error] :1:1: Premature end of file.
2026-03-29 16:44:58,749 [ERROR] LogOutputStream:75 - [STDERR_REDIRECT] 
2026-03-29 16:44:59,680 [ERROR] LogOutputStream:75 - [STDERR_REDIRECT] [Fatal Error] :1:1: Premature end of file.
2026-03-29 16:44:59,680 [ERROR] LogOutputStream:75 - [STDERR_REDIRECT] 
2026-03-29 16:45:00,791 [ERROR] LogOutputStream:75 - [STDERR_REDIRECT] [Fatal Error] :1:1: Premature end of file.
2026-03-29 16:45:00,792 [ERROR] LogOutputStream:75 - [STDERR_REDIRECT] 
2026-03-29 16:45:01,645 [ERROR] LogOutputStream:75 - [STDERR_REDIRECT] [Fatal Error] :1:1: Premature end of file.
2026-03-29 16:45:01,646 [ERROR] LogOutputStream:75 - [STDERR_REDIRECT] 
2026-03-29 16:45:02,645 [ERROR] LogOutputStream:75 - [STDERR_REDIRECT] [Fatal Error] :1:1: Premature end of file.
2026-03-29 16:45:02,645 [ERROR] LogOutputStream:75 - [STDERR_REDIRECT] 
2026-03-29 16:45:03,649 [ERROR] LogOutputStream:75 - [STDERR_REDIRECT] [Fatal Error] :1:1: Premature end of file.
2026-03-29 16:45:03,649 [ERROR] LogOutputStream:75 - [STDERR_REDIRECT] 
2026-03-29 16:45:04,639 [ERROR] LogOutputStream:75 - [STDERR_REDIRECT] [Fatal Error] :1:1: Premature end of file.
2026-03-29 16:45:04,639 [ERROR] LogOutputStream:75 - [STDERR_REDIRECT] 
2026-03-29 16:45:05,672 [ERROR] LogOutputStream:75 - [STDERR_REDIRECT] [Fatal Error] :1:1: Premature end of file.
2026-03-29 16:45:05,673 [ERROR] LogOutputStream:75 - [STDERR_REDIRECT] 
2026-03-29 16:45:06,639 [ERROR] LogOutputStream:75 - [STDERR_REDIRECT] [Fatal Error] :1:1: Premature end of file.
2026-03-29 16:45:06,640 [ERROR] LogOutputStream:75 - [STDERR_REDIRECT] 
2026-03-29 16:45:07,659 [ERROR] LogOutputStream:75 - [STDERR_REDIRECT] [Fatal Error] :1:1: Premature end of file.
2026-03-29 16:45:07,659 [ERROR] LogOutputStream:75 - [STDERR_REDIRECT] 
2026-03-29 16:45:08,630 [ERROR] LogOutputStream:75 - [STDERR_REDIRECT] [Fatal Error] :1:1: Premature end of file.
2026-03-29 16:45:08,630 [ERROR] LogOutputStream:75 - [STDERR_REDIRECT] 
2026-03-29 16:45:09,730 [ERROR] LogOutputStream:75 - [STDERR_REDIRECT] [Fatal Error] :1:1: Premature end of file.
2026-03-29 16:45:09,730 [ERROR] LogOutputStream:75 - [STDERR_REDIRECT] 
2026-03-29 16:45:10,640 [ERROR] LogOutputStream:75 - [STDERR_REDIRECT] [Fatal Error] :1:1: Premature end of file.
2026-03-29 16:45:10,640 [ERROR] LogOutputStream:75 - [STDERR_REDIRECT] 
2026-03-29 16:45:11,639 [ERROR] LogOutputStream:75 - [STDERR_REDIRECT] [Fatal Error] :1:1: Premature end of file.
2026-03-29 16:45:11,639 [ERROR] LogOutputStream:75 - [STDERR_REDIRECT] 
2026-03-29 16:45:12,671 [ERROR] LogOutputStream:75 - [STDERR_REDIRECT] [Fatal Error] :1:1: Premature end of file.
2026-03-29 16:45:12,672 [ERROR] LogOutputStream:75 - [STDERR_REDIRECT] 
2026-03-29 16:45:13,655 [ERROR] LogOutputStream:75 - [STDERR_REDIRECT] [Fatal Error] :1:1: Premature end of file.
2026-03-29 16:45:13,656 [ERROR] LogOutputStream:75 - [STDERR_REDIRECT] 
2026-03-29 16:45:14,628 [ERROR] LogOutputStream:75 - [STDERR_REDIRECT] [Fatal Error] :1:1: Premature end of file.
2026-03-29 16:45:14,628 [ERROR] LogOutputStream:75 - [STDERR_REDIRECT] 
2026-03-29 16:45:15,627 [ERROR] LogOutputStream:75 - [STDERR_REDIRECT] [Fatal Error] :1:1: Premature end of file.
2026-03-29 16:45:15,628 [ERROR] LogOutputStream:75 - [STDERR_REDIRECT] 
2026-03-29 16:45:16,628 [ERROR] LogOutputStream:75 - [STDERR_REDIRECT] [Fatal Error] :1:1: Premature end of file.
2026-03-29 16:45:16,628 [ERROR] LogOutputStream:75 - [STDERR_REDIRECT] 
2026-03-29 16:45:17,630 [ERROR] LogOutputStream:75 - [STDERR_REDIRECT] [Fatal Error] :1:1: Premature end of file.
2026-03-29 16:45:17,630 [ERROR] LogOutputStream:75 - [STDERR_REDIRECT] 
2026-03-29 16:45:18,626 [ERROR] LogOutputStream:75 - [STDERR_REDIRECT] [Fatal Error] :1:1: Premature end of file.
2026-03-29 16:45:18,627 [ERROR] LogOutputStream:75 - [STDERR_REDIRECT] 
2026-03-29 16:45:19,626 [ERROR] LogOutputStream:75 - [STDERR_REDIRECT] [Fatal Error] :1:1: Premature end of file.
2026-03-29 16:45:19,626 [ERROR] LogOutputStream:75 - [STDERR_REDIRECT] 
2026-03-29 16:45:20,625 [ERROR] LogOutputStream:75 - [STDERR_REDIRECT] [Fatal Error] :1:1: Premature end of file.
2026-03-29 16:45:20,625 [ERROR] LogOutputStream:75 - [STDERR_REDIRECT] 
2026-03-29 16:45:21,628 [ERROR] LogOutputStream:75 - [STDERR_REDIRECT] [Fatal Error] :1:1: Premature end of file.
2026-03-29 16:45:21,628 [ERROR] LogOutputStream:75 - [STDERR_REDIRECT] 
2026-03-29 16:45:22,627 [ERROR] LogOutputStream:75 - [STDERR_REDIRECT] [Fatal Error] :1:1: Premature end of file.
2026-03-29 16:45:22,627 [ERROR] LogOutputStream:75 - [STDERR_REDIRECT] 
2026-03-29 16:45:23,627 [ERROR] LogOutputStream:75 - [STDERR_REDIRECT] [Fatal Error] :1:1: Premature end of file.
2026-03-29 16:45:23,627 [ERROR] LogOutputStream:75 - [STDERR_REDIRECT] 
2026-03-29 16:45:24,646 [ERROR] LogOutputStream:75 - [STDERR_REDIRECT] [Fatal Error] :1:1: Premature end of file.
2026-03-29 16:45:24,646 [ERROR] LogOutputStream:75 - [STDERR_REDIRECT] 
2026-03-29 16:45:25,630 [ERROR] LogOutputStream:75 - [STDERR_REDIRECT] [Fatal Error] :1:1: Premature end of file.
2026-03-29 16:45:25,630 [ERROR] LogOutputStream:75 - [STDERR_REDIRECT] 
2026-03-29 16:45:26,624 [ERROR] LogOutputStream:75 - [STDERR_REDIRECT] [Fatal Error] :1:1: Premature end of file.
2026-03-29 16:45:26,626 [ERROR] LogOutputStream:75 - [STDERR_REDIRECT] 
2026-03-29 16:45:27,631 [ERROR] LogOutputStream:75 - [STDERR_REDIRECT] [Fatal Error] :1:1: Premature end of file.
2026-03-29 16:45:27,631 [ERROR] LogOutputStream:75 - [STDERR_REDIRECT] 
2026-03-29 16:45:28,677 [ERROR] LogOutputStream:75 - [STDERR_REDIRECT] [Fatal Error] :1:1: Premature end of file.
2026-03-29 16:45:28,678 [ERROR] LogOutputStream:75 - [STDERR_REDIRECT] 
2026-03-29 16:45:29,631 [ERROR] LogOutputStream:75 - [STDERR_REDIRECT] [Fatal Error] :1:1: Premature end of file.
2026-03-29 16:45:29,631 [ERROR] LogOutputStream:75 - [STDERR_REDIRECT] 
2026-03-29 16:45:30,634 [ERROR] LogOutputStream:75 - [STDERR_REDIRECT] [Fatal Error] :1:1: Premature end of file.
2026-03-29 16:45:30,634 [ERROR] LogOutputStream:75 - [STDERR_REDIRECT] 
2026-03-29 16:45:31,639 [ERROR] LogOutputStream:75 - [STDERR_REDIRECT] [Fatal Error] :1:1: Premature end of file.
2026-03-29 16:45:31,639 [ERROR] LogOutputStream:75 - [STDERR_REDIRECT] 
2026-03-29 16:45:32,635 [ERROR] LogOutputStream:75 - [STDERR_REDIRECT] [Fatal Error] :1:1: Premature end of file.
2026-03-29 16:45:32,635 [ERROR] LogOutputStream:75 - [STDERR_REDIRECT] 
2026-03-29 16:45:33,629 [ERROR] LogOutputStream:75 - [STDERR_REDIRECT] [Fatal Error] :1:1: Premature end of file.
2026-03-29 16:45:33,631 [ERROR] LogOutputStream:75 - [STDERR_REDIRECT] 
2026-03-29 16:45:34,631 [ERROR] LogOutputStream:75 - [STDERR_REDIRECT] [Fatal Error] :1:1: Premature end of file.
2026-03-29 16:45:34,631 [ERROR] LogOutputStream:75 - [STDERR_REDIRECT] 
2026-03-29 16:45:35,626 [ERROR] LogOutputStream:75 - [STDERR_REDIRECT] [Fatal Error] :1:1: Premature end of file.
2026-03-29 16:45:35,627 [ERROR] LogOutputStream:75 - [STDERR_REDIRECT] 
2026-03-29 16:45:36,627 [ERROR] LogOutputStream:75 - [STDERR_REDIRECT] [Fatal Error] :1:1: Premature end of file.
2026-03-29 16:45:36,627 [ERROR] LogOutputStream:75 - [STDERR_REDIRECT] 
2026-03-29 16:45:37,630 [ERROR] LogOutputStream:75 - [STDERR_REDIRECT] [Fatal Error] :1:1: Premature end of file.
2026-03-29 16:45:37,630 [ERROR] LogOutputStream:75 - [STDERR_REDIRECT] 
2026-03-29 16:45:38,628 [ERROR] LogOutputStream:75 - [STDERR_REDIRECT] [Fatal Error] :1:1: Premature end of file.
2026-03-29 16:45:38,628 [ERROR] LogOutputStream:75 - [STDERR_REDIRECT] 
2026-03-29 16:45:39,629 [ERROR] LogOutputStream:75 - [STDERR_REDIRECT] [Fatal Error] :1:1: Premature end of file.
2026-03-29 16:45:39,629 [ERROR] LogOutputStream:75 - [STDERR_REDIRECT] 
2026-03-29 16:45:40,636 [ERROR] LogOutputStream:75 - [STDERR_REDIRECT] [Fatal Error] :1:1: Premature end of file.
2026-03-29 16:45:40,636 [ERROR] LogOutputStream:75 - [STDERR_REDIRECT] 
2026-03-29 16:45:41,631 [ERROR] LogOutputStream:75 - [STDERR_REDIRECT] [Fatal Error] :1:1: Premature end of file.
2026-03-29 16:45:41,631 [ERROR] LogOutputStream:75 - [STDERR_REDIRECT] 
2026-03-29 16:45:42,634 [ERROR] LogOutputStream:75 - [STDERR_REDIRECT] [Fatal Error] :1:1: Premature end of file.
2026-03-29 16:45:42,634 [ERROR] LogOutputStream:75 - [STDERR_REDIRECT] 
2026-03-29 16:45:43,637 [ERROR] LogOutputStream:75 - [STDERR_REDIRECT] [Fatal Error] :1:1: Premature end of file.
2026-03-29 16:45:43,637 [ERROR] LogOutputStream:75 - [STDERR_REDIRECT] 
2026-03-29 16:45:44,631 [ERROR] LogOutputStream:75 - [STDERR_REDIRECT] [Fatal Error] :1:1: Premature end of file.
2026-03-29 16:45:44,632 [ERROR] LogOutputStream:75 - [STDERR_REDIRECT] 
2026-03-29 16:45:45,630 [ERROR] LogOutputStream:75 - [STDERR_REDIRECT] [Fatal Error] :1:1: Premature end of file.
2026-03-29 16:45:45,630 [ERROR] LogOutputStream:75 - [STDERR_REDIRECT] 
2026-03-29 16:45:46,629 [ERROR] LogOutputStream:75 - [STDERR_REDIRECT] [Fatal Error] :1:1: Premature end of file.
2026-03-29 16:45:46,629 [ERROR] LogOutputStream:75 - [STDERR_REDIRECT] 
2026-03-29 16:45:47,624 [ERROR] LogOutputStream:75 - [STDERR_REDIRECT] [Fatal Error] :1:1: Premature end of file.
2026-03-29 16:45:47,625 [ERROR] LogOutputStream:75 - [STDERR_REDIRECT] 
2026-03-29 16:45:48,631 [ERROR] LogOutputStream:75 - [STDERR_REDIRECT] [Fatal Error] :1:1: Premature end of file.
2026-03-29 16:45:48,632 [ERROR] LogOutputStream:75 - [STDERR_REDIRECT] 
2026-03-29 16:45:49,628 [ERROR] LogOutputStream:75 - [STDERR_REDIRECT] [Fatal Error] :1:1: Premature end of file.
2026-03-29 16:45:49,628 [ERROR] LogOutputStream:75 - [STDERR_REDIRECT] 
2026-03-29 16:45:50,628 [ERROR] LogOutputStream:75 - [STDERR_REDIRECT] [Fatal Error] :1:1: Premature end of file.
2026-03-29 16:45:50,628 [ERROR] LogOutputStream:75 - [STDERR_REDIRECT] 
2026-03-29 16:45:51,625 [ERROR] LogOutputStream:75 - [STDERR_REDIRECT] [Fatal Error] :1:1: Premature end of file.
2026-03-29 16:45:51,625 [ERROR] LogOutputStream:75 - [STDERR_REDIRECT] 
2026-03-29 16:45:52,629 [ERROR] LogOutputStream:75 - [STDERR_REDIRECT] [Fatal Error] :1:1: Premature end of file.
2026-03-29 16:45:52,629 [ERROR] LogOutputStream:75 - [STDERR_REDIRECT] 
2026-03-29 16:45:53,624 [ERROR] LogOutputStream:75 - [STDERR_REDIRECT] [Fatal Error] :1:1: Premature end of file.
2026-03-29 16:45:53,625 [ERROR] LogOutputStream:75 - [STDERR_REDIRECT] 
2026-03-29 16:45:54,638 [ERROR] LogOutputStream:75 - [STDERR_REDIRECT] [Fatal Error] :1:1: Premature end of file.
2026-03-29 16:45:54,638 [ERROR] LogOutputStream:75 - [STDERR_REDIRECT] 
2026-03-29 16:45:55,630 [ERROR] LogOutputStream:75 - [STDERR_REDIRECT] [Fatal Error] :1:1: Premature end of file.
2026-03-29 16:45:55,631 [ERROR] LogOutputStream:75 - [STDERR_REDIRECT] 
2026-03-29 16:45:56,625 [ERROR] LogOutputStream:75 - [STDERR_REDIRECT] [Fatal Error] :1:1: Premature end of file.
2026-03-29 16:45:56,627 [ERROR] LogOutputStream:75 - [STDERR_REDIRECT] 
2026-03-29 16:45:57,629 [ERROR] LogOutputStream:75 - [STDERR_REDIRECT] [Fatal Error] :1:1: Premature end of file.
2026-03-29 16:45:57,629 [ERROR] LogOutputStream:75 - [STDERR_REDIRECT] 
2026-03-29 16:45:58,687 [ERROR] LogOutputStream:75 - [STDERR_REDIRECT] [Fatal Error] :1:1: Premature end of file.
2026-03-29 16:45:58,688 [ERROR] LogOutputStream:75 - [STDERR_REDIRECT] 
2026-03-29 16:45:59,631 [ERROR] LogOutputStream:75 - [STDERR_REDIRECT] [Fatal Error] :1:1: Premature end of file.
2026-03-29 16:45:59,631 [ERROR] LogOutputStream:75 - [STDERR_REDIRECT] 
2026-03-29 16:46:00,627 [ERROR] LogOutputStream:75 - [STDERR_REDIRECT] [Fatal Error] :1:1: Premature end of file.
2026-03-29 16:46:00,627 [ERROR] LogOutputStream:75 - [STDERR_REDIRECT] 
2026-03-29 16:46:01,629 [ERROR] LogOutputStream:75 - [STDERR_REDIRECT] [Fatal Error] :1:1: Premature end of file.
2026-03-29 16:46:01,629 [ERROR] LogOutputStream:75 - [STDERR_REDIRECT] 
2026-03-29 16:46:02,632 [ERROR] LogOutputStream:75 - [STDERR_REDIRECT] [Fatal Error] :1:1: Premature end of file.
2026-03-29 16:46:02,632 [ERROR] LogOutputStream:75 - [STDERR_REDIRECT] 
2026-03-29 16:46:03,644 [ERROR] LogOutputStream:75 - [STDERR_REDIRECT] [Fatal Error] :1:1: Premature end of file.
2026-03-29 16:46:03,645 [ERROR] LogOutputStream:75 - [STDERR_REDIRECT] 
2026-03-29 16:46:04,632 [ERROR] LogOutputStream:75 - [STDERR_REDIRECT] [Fatal Error] :1:1: Premature end of file.
2026-03-29 16:46:04,632 [ERROR] LogOutputStream:75 - [STDERR_REDIRECT] 
2026-03-29 16:46:05,638 [ERROR] LogOutputStream:75 - [STDERR_REDIRECT] [Fatal Error] :1:1: Premature end of file.
2026-03-29 16:46:05,638 [ERROR] LogOutputStream:75 - [STDERR_REDIRECT] 
2026-03-29 16:46:06,628 [ERROR] LogOutputStream:75 - [STDERR_REDIRECT] [Fatal Error] :1:1: Premature end of file.
2026-03-29 16:46:06,629 [ERROR] LogOutputStream:75 - [STDERR_REDIRECT] 
2026-03-29 16:46:07,633 [ERROR] LogOutputStream:75 - [STDERR_REDIRECT] [Fatal Error] :1:1: Premature end of file.
2026-03-29 16:46:07,633 [ERROR] LogOutputStream:75 - [STDERR_REDIRECT] 
2026-03-29 16:46:08,630 [ERROR] LogOutputStream:75 - [STDERR_REDIRECT] [Fatal Error] :1:1: Premature end of file.
2026-03-29 16:46:08,630 [ERROR] LogOutputStream:75 - [STDERR_REDIRECT] 
2026-03-29 16:46:09,628 [ERROR] LogOutputStream:75 - [STDERR_REDIRECT] [Fatal Error] :1:1: Premature end of file.
2026-03-29 16:46:09,628 [ERROR] LogOutputStream:75 - [STDERR_REDIRECT] 
2026-03-29 16:46:10,627 [ERROR] LogOutputStream:75 - [STDERR_REDIRECT] [Fatal Error] :1:1: Premature end of file.
2026-03-29 16:46:10,627 [ERROR] LogOutputStream:75 - [STDERR_REDIRECT] 
2026-03-29 16:46:11,632 [ERROR] LogOutputStream:75 - [STDERR_REDIRECT] [Fatal Error] :1:1: Premature end of file.
2026-03-29 16:46:11,633 [ERROR] LogOutputStream:75 - [STDERR_REDIRECT] 
2026-03-29 16:46:12,628 [ERROR] LogOutputStream:75 - [STDERR_REDIRECT] [Fatal Error] :1:1: Premature end of file.
2026-03-29 16:46:12,628 [ERROR] LogOutputStream:75 - [STDERR_REDIRECT] 
2026-03-29 16:46:13,634 [ERROR] LogOutputStream:75 - [STDERR_REDIRECT] [Fatal Error] :1:1: Premature end of file.
2026-03-29 16:46:13,635 [ERROR] LogOutputStream:75 - [STDERR_REDIRECT] 
2026-03-29 16:46:14,635 [ERROR] LogOutputStream:75 - [STDERR_REDIRECT] [Fatal Error] :1:1: Premature end of file.
2026-03-29 16:46:14,636 [ERROR] LogOutputStream:75 - [STDERR_REDIRECT] 
2026-03-29 16:46:15,630 [ERROR] LogOutputStream:75 - [STDERR_REDIRECT] [Fatal Error] :1:1: Premature end of file.
2026-03-29 16:46:15,631 [ERROR] LogOutputStream:75 - [STDERR_REDIRECT] 
2026-03-29 16:46:16,629 [ERROR] LogOutputStream:75 - [STDERR_REDIRECT] [Fatal Error] :1:1: Premature end of file.
2026-03-29 16:46:16,629 [ERROR] LogOutputStream:75 - [STDERR_REDIRECT] 
2026-03-29 16:46:17,628 [ERROR] LogOutputStream:75 - [STDERR_REDIRECT] [Fatal Error] :1:1: Premature end of file.
2026-03-29 16:46:17,628 [ERROR] LogOutputStream:75 - [STDERR_REDIRECT] 
2026-03-29 16:46:18,626 [ERROR] LogOutputStream:75 - [STDERR_REDIRECT] [Fatal Error] :1:1: Premature end of file.
2026-03-29 16:46:18,626 [ERROR] LogOutputStream:75 - [STDERR_REDIRECT] 
2026-03-29 16:46:19,628 [ERROR] LogOutputStream:75 - [STDERR_REDIRECT] [Fatal Error] :1:1: Premature end of file.
2026-03-29 16:46:19,629 [ERROR] LogOutputStream:75 - [STDERR_REDIRECT] 
2026-03-29 16:46:20,627 [ERROR] LogOutputStream:75 - [STDERR_REDIRECT] [Fatal Error] :1:1: Premature end of file.
2026-03-29 16:46:20,627 [ERROR] LogOutputStream:75 - [STDERR_REDIRECT] 
2026-03-29 16:46:21,628 [ERROR] LogOutputStream:75 - [STDERR_REDIRECT] [Fatal Error] :1:1: Premature end of file.
2026-03-29 16:46:21,628 [ERROR] LogOutputStream:75 - [STDERR_REDIRECT] 
2026-03-29 16:46:22,627 [ERROR] LogOutputStream:75 - [STDERR_REDIRECT] [Fatal Error] :1:1: Premature end of file.
2026-03-29 16:46:22,627 [ERROR] LogOutputStream:75 - [STDERR_REDIRECT] 
2026-03-29 16:46:23,626 [ERROR] LogOutputStream:75 - [STDERR_REDIRECT] [Fatal Error] :1:1: Premature end of file.
2026-03-29 16:46:23,626 [ERROR] LogOutputStream:75 - [STDERR_REDIRECT] 
2026-03-29 16:46:24,627 [ERROR] LogOutputStream:75 - [STDERR_REDIRECT] [Fatal Error] :1:1: Premature end of file.
2026-03-29 16:46:24,628 [ERROR] LogOutputStream:75 - [STDERR_REDIRECT] 
2026-03-29 16:46:25,626 [ERROR] LogOutputStream:75 - [STDERR_REDIRECT] [Fatal Error] :1:1: Premature end of file.
2026-03-29 16:46:25,626 [ERROR] LogOutputStream:75 - [STDERR_REDIRECT] 
2026-03-29 16:46:26,629 [ERROR] LogOutputStream:75 - [STDERR_REDIRECT] [Fatal Error] :1:1: Premature end of file.
2026-03-29 16:46:26,629 [ERROR] LogOutputStream:75 - [STDERR_REDIRECT] 
2026-03-29 16:46:27,627 [ERROR] LogOutputStream:75 - [STDERR_REDIRECT] [Fatal Error] :1:1: Premature end of file.
2026-03-29 16:46:27,627 [ERROR] LogOutputStream:75 - [STDERR_REDIRECT] 
2026-03-29 16:46:28,630 [ERROR] LogOutputStream:75 - [STDERR_REDIRECT] [Fatal Error] :1:1: Premature end of file.
2026-03-29 16:46:28,630 [ERROR] LogOutputStream:75 - [STDERR_REDIRECT] 
2026-03-29 16:46:29,631 [ERROR] LogOutputStream:75 - [STDERR_REDIRECT] [Fatal Error] :1:1: Premature end of file.
2026-03-29 16:46:29,632 [ERROR] LogOutputStream:75 - [STDERR_REDIRECT] 
2026-03-29 16:46:30,626 [ERROR] LogOutputStream:75 - [STDERR_REDIRECT] [Fatal Error] :1:1: Premature end of file.
2026-03-29 16:46:30,626 [ERROR] LogOutputStream:75 - [STDERR_REDIRECT] 
2026-03-29 16:46:31,628 [ERROR] LogOutputStream:75 - [STDERR_REDIRECT] [Fatal Error] :1:1: Premature end of file.
2026-03-29 16:46:31,628 [ERROR] LogOutputStream:75 - [STDERR_REDIRECT] 
2026-03-29 16:46:32,629 [ERROR] LogOutputStream:75 - [STDERR_REDIRECT] [Fatal Error] :1:1: Premature end of file.
2026-03-29 16:46:32,629 [ERROR] LogOutputStream:75 - [STDERR_REDIRECT] 
2026-03-29 16:46:33,629 [ERROR] LogOutputStream:75 - [STDERR_REDIRECT] [Fatal Error] :1:1: Premature end of file.
2026-03-29 16:46:33,629 [ERROR] LogOutputStream:75 - [STDERR_REDIRECT] 
2026-03-29 16:46:34,631 [ERROR] LogOutputStream:75 - [STDERR_REDIRECT] [Fatal Error] :1:1: Premature end of file.
2026-03-29 16:46:34,632 [ERROR] LogOutputStream:75 - [STDERR_REDIRECT] 
2026-03-29 16:46:35,628 [ERROR] LogOutputStream:75 - [STDERR_REDIRECT] [Fatal Error] :1:1: Premature end of file.
2026-03-29 16:46:35,628 [ERROR] LogOutputStream:75 - [STDERR_REDIRECT] 
2026-03-29 16:46:36,632 [ERROR] LogOutputStream:75 - [STDERR_REDIRECT] [Fatal Error] :1:1: Premature end of file.
2026-03-29 16:46:36,633 [ERROR] LogOutputStream:75 - [STDERR_REDIRECT] 
2026-03-29 16:46:37,627 [ERROR] LogOutputStream:75 - [STDERR_REDIRECT] [Fatal Error] :1:1: Premature end of file.
2026-03-29 16:46:37,629 [ERROR] LogOutputStream:75 - [STDERR_REDIRECT] 
2026-03-29 16:46:38,632 [ERROR] LogOutputStream:75 - [STDERR_REDIRECT] [Fatal Error] :1:1: Premature end of file.
2026-03-29 16:46:38,632 [ERROR] LogOutputStream:75 - [STDERR_REDIRECT] 
2026-03-29 16:46:39,629 [ERROR] LogOutputStream:75 - [STDERR_REDIRECT] [Fatal Error] :1:1: Premature end of file.
2026-03-29 16:46:39,629 [ERROR] LogOutputStream:75 - [STDERR_REDIRECT] 
2026-03-29 16:46:40,672 [ERROR] LogOutputStream:75 - [STDERR_REDIRECT] [Fatal Error] :1:1: Premature end of file.
2026-03-29 16:46:40,672 [ERROR] LogOutputStream:75 - [STDERR_REDIRECT] 
2026-03-29 16:46:41,628 [ERROR] LogOutputStream:75 - [STDERR_REDIRECT] [Fatal Error] :1:1: Premature end of file.
2026-03-29 16:46:41,628 [ERROR] LogOutputStream:75 - [STDERR_REDIRECT] 
2026-03-29 16:46:42,628 [ERROR] LogOutputStream:75 - [STDERR_REDIRECT] [Fatal Error] :1:1: Premature end of file.
2026-03-29 16:46:42,628 [ERROR] LogOutputStream:75 - [STDERR_REDIRECT] 
2026-03-29 16:46:43,671 [ERROR] LogOutputStream:75 - [STDERR_REDIRECT] [Fatal Error] :1:1: Premature end of file.
2026-03-29 16:46:43,671 [ERROR] LogOutputStream:75 - [STDERR_REDIRECT] 
2026-03-29 16:46:44,672 [ERROR] LogOutputStream:75 - [STDERR_REDIRECT] [Fatal Error] :1:1: Premature end of file.
2026-03-29 16:46:44,673 [ERROR] LogOutputStream:75 - [STDERR_REDIRECT] 
2026-03-29 16:46:45,625 [ERROR] LogOutputStream:75 - [STDERR_REDIRECT] [Fatal Error] :1:1: Premature end of file.
2026-03-29 16:46:45,626 [ERROR] LogOutputStream:75 - [STDERR_REDIRECT] 
2026-03-29 16:46:46,627 [ERROR] LogOutputStream:75 - [STDERR_REDIRECT] [Fatal Error] :1:1: Premature end of file.
2026-03-29 16:46:46,627 [ERROR] LogOutputStream:75 - [STDERR_REDIRECT] 
2026-03-29 16:46:47,629 [ERROR] LogOutputStream:75 - [STDERR_REDIRECT] [Fatal Error] :1:1: Premature end of file.
2026-03-29 16:46:47,629 [ERROR] LogOutputStream:75 - [STDERR_REDIRECT] 
2026-03-29 16:46:48,631 [ERROR] LogOutputStream:75 - [STDERR_REDIRECT] [Fatal Error] :1:1: Premature end of file.
2026-03-29 16:46:48,631 [ERROR] LogOutputStream:75 - [STDERR_REDIRECT] 
2026-03-29 16:46:49,629 [ERROR] LogOutputStream:75 - [STDERR_REDIRECT] [Fatal Error] :1:1: Premature end of file.
2026-03-29 16:46:49,630 [ERROR] LogOutputStream:75 - [STDERR_REDIRECT] 
2026-03-29 16:46:50,633 [ERROR] LogOutputStream:75 - [STDERR_REDIRECT] [Fatal Error] :1:1: Premature end of file.
2026-03-29 16:46:50,634 [ERROR] LogOutputStream:75 - [STDERR_REDIRECT] 
2026-03-29 16:46:51,628 [ERROR] LogOutputStream:75 - [STDERR_REDIRECT] [Fatal Error] :1:1: Premature end of file.
2026-03-29 16:46:51,628 [ERROR] LogOutputStream:75 - [STDERR_REDIRECT] 
2026-03-29 16:46:52,625 [ERROR] LogOutputStream:75 - [STDERR_REDIRECT] [Fatal Error] :1:1: Premature end of file.
2026-03-29 16:46:52,626 [ERROR] LogOutputStream:75 - [STDERR_REDIRECT] 
2026-03-29 16:46:53,625 [ERROR] LogOutputStream:75 - [STDERR_REDIRECT] [Fatal Error] :1:1: Premature end of file.
2026-03-29 16:46:53,625 [ERROR] LogOutputStream:75 - [STDERR_REDIRECT] 
2026-03-29 16:46:54,625 [ERROR] LogOutputStream:75 - [STDERR_REDIRECT] [Fatal Error] :1:1: Premature end of file.
2026-03-29 16:46:54,626 [ERROR] LogOutputStream:75 - [STDERR_REDIRECT] 
2026-03-29 16:46:55,646 [ERROR] LogOutputStream:75 - [STDERR_REDIRECT] [Fatal Error] :1:1: Premature end of file.
2026-03-29 16:46:55,646 [ERROR] LogOutputStream:75 - [STDERR_REDIRECT] 
2026-03-29 16:46:56,629 [ERROR] LogOutputStream:75 - [STDERR_REDIRECT] [Fatal Error] :1:1: Premature end of file.
2026-03-29 16:46:56,630 [ERROR] LogOutputStream:75 - [STDERR_REDIRECT] 
2026-03-29 16:46:57,629 [ERROR] LogOutputStream:75 - [STDERR_REDIRECT] [Fatal Error] :1:1: Premature end of file.
2026-03-29 16:46:57,630 [ERROR] LogOutputStream:75 - [STDERR_REDIRECT] 
2026-03-29 16:46:58,631 [ERROR] LogOutputStream:75 - [STDERR_REDIRECT] [Fatal Error] :1:1: Premature end of file.
2026-03-29 16:46:58,631 [ERROR] LogOutputStream:75 - [STDERR_REDIRECT] 
2026-03-29 16:46:59,630 [ERROR] LogOutputStream:75 - [STDERR_REDIRECT] [Fatal Error] :1:1: Premature end of file.
2026-03-29 16:46:59,630 [ERROR] LogOutputStream:75 - [STDERR_REDIRECT] 
2026-03-29 16:47:00,633 [ERROR] LogOutputStream:75 - [STDERR_REDIRECT] [Fatal Error] :1:1: Premature end of file.
2026-03-29 16:47:00,633 [ERROR] LogOutputStream:75 - [STDERR_REDIRECT] 
2026-03-29 16:47:01,631 [ERROR] LogOutputStream:75 - [STDERR_REDIRECT] [Fatal Error] :1:1: Premature end of file.
2026-03-29 16:47:01,631 [ERROR] LogOutputStream:75 - [STDERR_REDIRECT] 
2026-03-29 16:47:02,631 [ERROR] LogOutputStream:75 - [STDERR_REDIRECT] [Fatal Error] :1:1: Premature end of file.
2026-03-29 16:47:02,631 [ERROR] LogOutputStream:75 - [STDERR_REDIRECT] 
2026-03-29 16:47:03,631 [ERROR] LogOutputStream:75 - [STDERR_REDIRECT] [Fatal Error] :1:1: Premature end of file.
2026-03-29 16:47:03,632 [ERROR] LogOutputStream:75 - [STDERR_REDIRECT] 
2026-03-29 16:47:04,626 [ERROR] LogOutputStream:75 - [STDERR_REDIRECT] [Fatal Error] :1:1: Premature end of file.
2026-03-29 16:47:04,626 [ERROR] LogOutputStream:75 - [STDERR_REDIRECT] 
2026-03-29 16:47:05,628 [ERROR] LogOutputStream:75 - [STDERR_REDIRECT] [Fatal Error] :1:1: Premature end of file.
2026-03-29 16:47:05,629 [ERROR] LogOutputStream:75 - [STDERR_REDIRECT] 
2026-03-29 16:47:06,628 [ERROR] LogOutputStream:75 - [STDERR_REDIRECT] [Fatal Error] :1:1: Premature end of file.
2026-03-29 16:47:06,628 [ERROR] LogOutputStream:75 - [STDERR_REDIRECT] 
2026-03-29 16:47:07,624 [ERROR] LogOutputStream:75 - [STDERR_REDIRECT] [Fatal Error] :1:1: Premature end of file.
2026-03-29 16:47:07,624 [ERROR] LogOutputStream:75 - [STDERR_REDIRECT] 
2026-03-29 16:47:08,626 [ERROR] LogOutputStream:75 - [STDERR_REDIRECT] [Fatal Error] :1:1: Premature end of file.
2026-03-29 16:47:08,626 [ERROR] LogOutputStream:75 - [STDERR_REDIRECT] 
2026-03-29 16:47:09,628 [ERROR] LogOutputStream:75 - [STDERR_REDIRECT] [Fatal Error] :1:1: Premature end of file.
2026-03-29 16:47:09,630 [ERROR] LogOutputStream:75 - [STDERR_REDIRECT] 
2026-03-29 16:47:10,631 [ERROR] LogOutputStream:75 - [STDERR_REDIRECT] [Fatal Error] :1:1: Premature end of file.
2026-03-29 16:47:10,632 [ERROR] LogOutputStream:75 - [STDERR_REDIRECT] 
2026-03-29 16:47:11,630 [ERROR] LogOutputStream:75 - [STDERR_REDIRECT] [Fatal Error] :1:1: Premature end of file.
2026-03-29 16:47:11,630 [ERROR] LogOutputStream:75 - [STDERR_REDIRECT] 
2026-03-29 16:47:12,628 [ERROR] LogOutputStream:75 - [STDERR_REDIRECT] [Fatal Error] :1:1: Premature end of file.
2026-03-29 16:47:12,628 [ERROR] LogOutputStream:75 - [STDERR_REDIRECT] 
2026-03-29 16:47:13,630 [ERROR] LogOutputStream:75 - [STDERR_REDIRECT] [Fatal Error] :1:1: Premature end of file.
2026-03-29 16:47:13,630 [ERROR] LogOutputStream:75 - [STDERR_REDIRECT] 
2026-03-29 16:47:14,633 [ERROR] LogOutputStream:75 - [STDERR_REDIRECT] [Fatal Error] :1:1: Premature end of file.
2026-03-29 16:47:14,633 [ERROR] LogOutputStream:75 - [STDERR_REDIRECT] 
2026-03-29 16:47:15,627 [ERROR] LogOutputStream:75 - [STDERR_REDIRECT] [Fatal Error] :1:1: Premature end of file.
2026-03-29 16:47:15,628 [ERROR] LogOutputStream:75 - [STDERR_REDIRECT] 
2026-03-29 16:47:16,627 [ERROR] LogOutputStream:75 - [STDERR_REDIRECT] [Fatal Error] :1:1: Premature end of file.
2026-03-29 16:47:16,628 [ERROR] LogOutputStream:75 - [STDERR_REDIRECT] 
2026-03-29 16:47:17,626 [ERROR] LogOutputStream:75 - [STDERR_REDIRECT] [Fatal Error] :1:1: Premature end of file.
2026-03-29 16:47:17,626 [ERROR] LogOutputStream:75 - [STDERR_REDIRECT] 
2026-03-29 16:47:18,630 [ERROR] LogOutputStream:75 - [STDERR_REDIRECT] [Fatal Error] :1:1: Premature end of file.
2026-03-29 16:47:18,630 [ERROR] LogOutputStream:75 - [STDERR_REDIRECT] 
2026-03-29 16:47:19,626 [ERROR] LogOutputStream:75 - [STDERR_REDIRECT] [Fatal Error] :1:1: Premature end of file.
2026-03-29 16:47:19,626 [ERROR] LogOutputStream:75 - [STDERR_REDIRECT] 
2026-03-29 16:47:20,631 [ERROR] LogOutputStream:75 - [STDERR_REDIRECT] [Fatal Error] :1:1: Premature end of file.
2026-03-29 16:47:20,632 [ERROR] LogOutputStream:75 - [STDERR_REDIRECT] 
2026-03-29 16:47:21,628 [ERROR] LogOutputStream:75 - [STDERR_REDIRECT] [Fatal Error] :1:1: Premature end of file.
2026-03-29 16:47:21,628 [ERROR] LogOutputStream:75 - [STDERR_REDIRECT] 
2026-03-29 16:47:22,627 [ERROR] LogOutputStream:75 - [STDERR_REDIRECT] [Fatal Error] :1:1: Premature end of file.
2026-03-29 16:47:22,627 [ERROR] LogOutputStream:75 - [STDERR_REDIRECT] 
2026-03-29 16:47:23,626 [ERROR] LogOutputStream:75 - [STDERR_REDIRECT] [Fatal Error] :1:1: Premature end of file.
2026-03-29 16:47:23,626 [ERROR] LogOutputStream:75 - [STDERR_REDIRECT] 
2026-03-29 16:47:24,625 [ERROR] LogOutputStream:75 - [STDERR_REDIRECT] [Fatal Error] :1:1: Premature end of file.
2026-03-29 16:47:24,626 [ERROR] LogOutputStream:75 - [STDERR_REDIRECT] 
2026-03-29 16:47:25,625 [ERROR] LogOutputStream:75 - [STDERR_REDIRECT] [Fatal Error] :1:1: Premature end of file.
2026-03-29 16:47:25,626 [ERROR] LogOutputStream:75 - [STDERR_REDIRECT] 
2026-03-29 16:47:26,628 [ERROR] LogOutputStream:75 - [STDERR_REDIRECT] [Fatal Error] :1:1: Premature end of file.
2026-03-29 16:47:26,628 [ERROR] LogOutputStream:75 - [STDERR_REDIRECT] 
2026-03-29 16:47:27,626 [ERROR] LogOutputStream:75 - [STDERR_REDIRECT] [Fatal Error] :1:1: Premature end of file.
2026-03-29 16:47:27,626 [ERROR] LogOutputStream:75 - [STDERR_REDIRECT] 
2026-03-29 16:47:28,630 [ERROR] LogOutputStream:75 - [STDERR_REDIRECT] [Fatal Error] :1:1: Premature end of file.
2026-03-29 16:47:28,630 [ERROR] LogOutputStream:75 - [STDERR_REDIRECT] 
2026-03-29 16:47:29,626 [ERROR] LogOutputStream:75 - [STDERR_REDIRECT] [Fatal Error] :1:1: Premature end of file.
2026-03-29 16:47:29,626 [ERROR] LogOutputStream:75 - [STDERR_REDIRECT] 
2026-03-29 16:47:30,626 [ERROR] LogOutputStream:75 - [STDERR_REDIRECT] [Fatal Error] :1:1: Premature end of file.
2026-03-29 16:47:30,627 [ERROR] LogOutputStream:75 - [STDERR_REDIRECT] 
2026-03-29 16:47:31,628 [ERROR] LogOutputStream:75 - [STDERR_REDIRECT] [Fatal Error] :1:1: Premature end of file.
2026-03-29 16:47:31,629 [ERROR] LogOutputStream:75 - [STDERR_REDIRECT] 
2026-03-29 16:47:32,624 [ERROR] LogOutputStream:75 - [STDERR_REDIRECT] [Fatal Error] :1:1: Premature end of file.
2026-03-29 16:47:32,625 [ERROR] LogOutputStream:75 - [STDERR_REDIRECT] 
2026-03-29 16:47:33,628 [ERROR] LogOutputStream:75 - [STDERR_REDIRECT] [Fatal Error] :1:1: Premature end of file.
2026-03-29 16:47:33,628 [ERROR] LogOutputStream:75 - [STDERR_REDIRECT] 
2026-03-29 16:47:34,627 [ERROR] LogOutputStream:75 - [STDERR_REDIRECT] [Fatal Error] :1:1: Premature end of file.
2026-03-29 16:47:34,627 [ERROR] LogOutputStream:75 - [STDERR_REDIRECT] 
2026-03-29 16:47:35,627 [ERROR] LogOutputStream:75 - [STDERR_REDIRECT] [Fatal Error] :1:1: Premature end of file.
2026-03-29 16:47:35,628 [ERROR] LogOutputStream:75 - [STDERR_REDIRECT] 
2026-03-29 16:47:36,630 [ERROR] LogOutputStream:75 - [STDERR_REDIRECT] [Fatal Error] :1:1: Premature end of file.
2026-03-29 16:47:36,631 [ERROR] LogOutputStream:75 - [STDERR_REDIRECT] 
2026-03-29 16:47:37,627 [ERROR] LogOutputStream:75 - [STDERR_REDIRECT] [Fatal Error] :1:1: Premature end of file.
2026-03-29 16:47:37,628 [ERROR] LogOutputStream:75 - [STDERR_REDIRECT] 
2026-03-29 16:47:38,630 [ERROR] LogOutputStream:75 - [STDERR_REDIRECT] [Fatal Error] :1:1: Premature end of file.
2026-03-29 16:47:38,631 [ERROR] LogOutputStream:75 - [STDERR_REDIRECT] 
2026-03-29 16:47:39,632 [ERROR] LogOutputStream:75 - [STDERR_REDIRECT] [Fatal Error] :1:1: Premature end of file.
2026-03-29 16:47:39,632 [ERROR] LogOutputStream:75 - [STDERR_REDIRECT] 
2026-03-29 16:47:40,626 [ERROR] LogOutputStream:75 - [STDERR_REDIRECT] [Fatal Error] :1:1: Premature end of file.
2026-03-29 16:47:40,626 [ERROR] LogOutputStream:75 - [STDERR_REDIRECT] 
2026-03-29 16:47:41,633 [ERROR] LogOutputStream:75 - [STDERR_REDIRECT] [Fatal Error] :1:1: Premature end of file.
2026-03-29 16:47:41,633 [ERROR] LogOutputStream:75 - [STDERR_REDIRECT] 
2026-03-29 16:47:42,628 [ERROR] LogOutputStream:75 - [STDERR_REDIRECT] [Fatal Error] :1:1: Premature end of file.
2026-03-29 16:47:42,628 [ERROR] LogOutputStream:75 - [STDERR_REDIRECT] 
2026-03-29 16:47:43,624 [ERROR] LogOutputStream:75 - [STDERR_REDIRECT] [Fatal Error] :1:1: Premature end of file.
2026-03-29 16:47:43,625 [ERROR] LogOutputStream:75 - [STDERR_REDIRECT] 
2026-03-29 16:47:44,628 [ERROR] LogOutputStream:75 - [STDERR_REDIRECT] [Fatal Error] :1:1: Premature end of file.
2026-03-29 16:47:44,629 [ERROR] LogOutputStream:75 - [STDERR_REDIRECT] 
2026-03-29 16:47:45,632 [ERROR] LogOutputStream:75 - [STDERR_REDIRECT] [Fatal Error] :1:1: Premature end of file.
2026-03-29 16:47:45,633 [ERROR] LogOutputStream:75 - [STDERR_REDIRECT] 
2026-03-29 16:47:46,631 [ERROR] LogOutputStream:75 - [STDERR_REDIRECT] [Fatal Error] :1:1: Premature end of file.
2026-03-29 16:47:46,632 [ERROR] LogOutputStream:75 - [STDERR_REDIRECT] 
2026-03-29 16:47:47,630 [ERROR] LogOutputStream:75 - [STDERR_REDIRECT] [Fatal Error] :1:1: Premature end of file.
2026-03-29 16:47:47,630 [ERROR] LogOutputStream:75 - [STDERR_REDIRECT] 
2026-03-29 16:47:48,671 [ERROR] LogOutputStream:75 - [STDERR_REDIRECT] [Fatal Error] :1:1: Premature end of file.
2026-03-29 16:47:48,673 [ERROR] LogOutputStream:75 - [STDERR_REDIRECT] 
2026-03-29 16:47:49,628 [ERROR] LogOutputStream:75 - [STDERR_REDIRECT] [Fatal Error] :1:1: Premature end of file.
2026-03-29 16:47:49,628 [ERROR] LogOutputStream:75 - [STDERR_REDIRECT] 
2026-03-29 16:47:50,626 [ERROR] LogOutputStream:75 - [STDERR_REDIRECT] [Fatal Error] :1:1: Premature end of file.
2026-03-29 16:47:50,626 [ERROR] LogOutputStream:75 - [STDERR_REDIRECT] 
2026-03-29 16:47:51,631 [ERROR] LogOutputStream:75 - [STDERR_REDIRECT] [Fatal Error] :1:1: Premature end of file.
2026-03-29 16:47:51,632 [ERROR] LogOutputStream:75 - [STDERR_REDIRECT] 
2026-03-29 16:47:52,625 [ERROR] LogOutputStream:75 - [STDERR_REDIRECT] [Fatal Error] :1:1: Premature end of file.
2026-03-29 16:47:52,625 [ERROR] LogOutputStream:75 - [STDERR_REDIRECT] 
2026-03-29 16:47:53,627 [ERROR] LogOutputStream:75 - [STDERR_REDIRECT] [Fatal Error] :1:1: Premature end of file.
2026-03-29 16:47:53,628 [ERROR] LogOutputStream:75 - [STDERR_REDIRECT] 
2026-03-29 16:47:54,628 [ERROR] LogOutputStream:75 - [STDERR_REDIRECT] [Fatal Error] :1:1: Premature end of file.
2026-03-29 16:47:54,628 [ERROR] LogOutputStream:75 - [STDERR_REDIRECT] 
2026-03-29 16:47:55,628 [ERROR] LogOutputStream:75 - [STDERR_REDIRECT] [Fatal Error] :1:1: Premature end of file.
2026-03-29 16:47:55,628 [ERROR] LogOutputStream:75 - [STDERR_REDIRECT] 
2026-03-29 16:47:56,628 [ERROR] LogOutputStream:75 - [STDERR_REDIRECT] [Fatal Error] :1:1: Premature end of file.
2026-03-29 16:47:56,628 [ERROR] LogOutputStream:75 - [STDERR_REDIRECT] 
2026-03-29 16:47:57,627 [ERROR] LogOutputStream:75 - [STDERR_REDIRECT] [Fatal Error] :1:1: Premature end of file.
2026-03-29 16:47:57,627 [ERROR] LogOutputStream:75 - [STDERR_REDIRECT] 
2026-03-29 16:47:58,627 [ERROR] LogOutputStream:75 - [STDERR_REDIRECT] [Fatal Error] :1:1: Premature end of file.
2026-03-29 16:47:58,628 [ERROR] LogOutputStream:75 - [STDERR_REDIRECT] 
2026-03-29 16:47:59,627 [ERROR] LogOutputStream:75 - [STDERR_REDIRECT] [Fatal Error] :1:1: Premature end of file.
2026-03-29 16:47:59,627 [ERROR] LogOutputStream:75 - [STDERR_REDIRECT] 
2026-03-29 16:48:00,625 [ERROR] LogOutputStream:75 - [STDERR_REDIRECT] [Fatal Error] :1:1: Premature end of file.
2026-03-29 16:48:00,625 [ERROR] LogOutputStream:75 - [STDERR_REDIRECT] 
2026-03-29 16:48:01,627 [ERROR] LogOutputStream:75 - [STDERR_REDIRECT] [Fatal Error] :1:1: Premature end of file.
2026-03-29 16:48:01,627 [ERROR] LogOutputStream:75 - [STDERR_REDIRECT] 
2026-03-29 16:48:02,628 [ERROR] LogOutputStream:75 - [STDERR_REDIRECT] [Fatal Error] :1:1: Premature end of file.
2026-03-29 16:48:02,628 [ERROR] LogOutputStream:75 - [STDERR_REDIRECT] 
2026-03-29 16:48:03,626 [ERROR] LogOutputStream:75 - [STDERR_REDIRECT] [Fatal Error] :1:1: Premature end of file.
2026-03-29 16:48:03,627 [ERROR] LogOutputStream:75 - [STDERR_REDIRECT] 
2026-03-29 16:48:04,626 [ERROR] LogOutputStream:75 - [STDERR_REDIRECT] [Fatal Error] :1:1: Premature end of file.
2026-03-29 16:48:04,627 [ERROR] LogOutputStream:75 - [STDERR_REDIRECT] 
2026-03-29 16:48:05,629 [ERROR] LogOutputStream:75 - [STDERR_REDIRECT] [Fatal Error] :1:1: Premature end of file.
2026-03-29 16:48:05,629 [ERROR] LogOutputStream:75 - [STDERR_REDIRECT] 
2026-03-29 16:48:06,627 [ERROR] LogOutputStream:75 - [STDERR_REDIRECT] [Fatal Error] :1:1: Premature end of file.
2026-03-29 16:48:06,627 [ERROR] LogOutputStream:75 - [STDERR_REDIRECT] 
2026-03-29 16:48:07,631 [ERROR] LogOutputStream:75 - [STDERR_REDIRECT] [Fatal Error] :1:1: Premature end of file.
2026-03-29 16:48:07,631 [ERROR] LogOutputStream:75 - [STDERR_REDIRECT] 
2026-03-29 16:48:08,627 [ERROR] LogOutputStream:75 - [STDERR_REDIRECT] [Fatal Error] :1:1: Premature end of file.
2026-03-29 16:48:08,627 [ERROR] LogOutputStream:75 - [STDERR_REDIRECT] 
2026-03-29 16:48:09,626 [ERROR] LogOutputStream:75 - [STDERR_REDIRECT] [Fatal Error] :1:1: Premature end of file.
2026-03-29 16:48:09,626 [ERROR] LogOutputStream:75 - [STDERR_REDIRECT] 
2026-03-29 16:48:10,678 [ERROR] LogOutputStream:75 - [STDERR_REDIRECT] [Fatal Error] :1:1: Premature end of file.
2026-03-29 16:48:10,678 [ERROR] LogOutputStream:75 - [STDERR_REDIRECT] 
2026-03-29 16:48:11,629 [ERROR] LogOutputStream:75 - [STDERR_REDIRECT] [Fatal Error] :1:1: Premature end of file.
2026-03-29 16:48:11,629 [ERROR] LogOutputStream:75 - [STDERR_REDIRECT] 
2026-03-29 16:48:12,625 [ERROR] LogOutputStream:75 - [STDERR_REDIRECT] [Fatal Error] :1:1: Premature end of file.
2026-03-29 16:48:12,626 [ERROR] LogOutputStream:75 - [STDERR_REDIRECT] 
2026-03-29 16:48:13,624 [ERROR] LogOutputStream:75 - [STDERR_REDIRECT] [Fatal Error] :1:1: Premature end of file.
2026-03-29 16:48:13,624 [ERROR] LogOutputStream:75 - [STDERR_REDIRECT] 
2026-03-29 16:48:14,629 [ERROR] LogOutputStream:75 - [STDERR_REDIRECT] [Fatal Error] :1:1: Premature end of file.
2026-03-29 16:48:14,629 [ERROR] LogOutputStream:75 - [STDERR_REDIRECT] 
2026-03-29 16:48:15,627 [ERROR] LogOutputStream:75 - [STDERR_REDIRECT] [Fatal Error] :1:1: Premature end of file.
2026-03-29 16:48:15,627 [ERROR] LogOutputStream:75 - [STDERR_REDIRECT] 
2026-03-29 16:48:16,627 [ERROR] LogOutputStream:75 - [STDERR_REDIRECT] [Fatal Error] :1:1: Premature end of file.
2026-03-29 16:48:16,627 [ERROR] LogOutputStream:75 - [STDERR_REDIRECT] 
2026-03-29 16:48:17,630 [ERROR] LogOutputStream:75 - [STDERR_REDIRECT] [Fatal Error] :1:1: Premature end of file.
2026-03-29 16:48:17,631 [ERROR] LogOutputStream:75 - [STDERR_REDIRECT] 
2026-03-29 16:48:18,626 [ERROR] LogOutputStream:75 - [STDERR_REDIRECT] [Fatal Error] :1:1: Premature end of file.
2026-03-29 16:48:18,627 [ERROR] LogOutputStream:75 - [STDERR_REDIRECT] 
2026-03-29 16:48:19,628 [ERROR] LogOutputStream:75 - [STDERR_REDIRECT] [Fatal Error] :1:1: Premature end of file.
2026-03-29 16:48:19,628 [ERROR] LogOutputStream:75 - [STDERR_REDIRECT] 
2026-03-29 16:48:20,626 [ERROR] LogOutputStream:75 - [STDERR_REDIRECT] [Fatal Error] :1:1: Premature end of file.
2026-03-29 16:48:20,627 [ERROR] LogOutputStream:75 - [STDERR_REDIRECT] 
2026-03-29 16:48:21,624 [ERROR] LogOutputStream:75 - [STDERR_REDIRECT] [Fatal Error] :1:1: Premature end of file.
2026-03-29 16:48:21,624 [ERROR] LogOutputStream:75 - [STDERR_REDIRECT] 
2026-03-29 16:48:22,636 [ERROR] LogOutputStream:75 - [STDERR_REDIRECT] [Fatal Error] :1:1: Premature end of file.
2026-03-29 16:48:22,637 [ERROR] LogOutputStream:75 - [STDERR_REDIRECT] 
2026-03-29 16:48:23,625 [ERROR] LogOutputStream:75 - [STDERR_REDIRECT] [Fatal Error] :1:1: Premature end of file.
2026-03-29 16:48:23,626 [ERROR] LogOutputStream:75 - [STDERR_REDIRECT] 
2026-03-29 16:48:24,626 [ERROR] LogOutputStream:75 - [STDERR_REDIRECT] [Fatal Error] :1:1: Premature end of file.
2026-03-29 16:48:24,626 [ERROR] LogOutputStream:75 - [STDERR_REDIRECT] 
2026-03-29 16:48:25,628 [ERROR] LogOutputStream:75 - [STDERR_REDIRECT] [Fatal Error] :1:1: Premature end of file.
2026-03-29 16:48:25,628 [ERROR] LogOutputStream:75 - [STDERR_REDIRECT] 
2026-03-29 16:48:26,626 [ERROR] LogOutputStream:75 - [STDERR_REDIRECT] [Fatal Error] :1:1: Premature end of file.
2026-03-29 16:48:26,626 [ERROR] LogOutputStream:75 - [STDERR_REDIRECT] 
2026-03-29 16:48:27,632 [ERROR] LogOutputStream:75 - [STDERR_REDIRECT] [Fatal Error] :1:1: Premature end of file.
2026-03-29 16:48:27,632 [ERROR] LogOutputStream:75 - [STDERR_REDIRECT] 
2026-03-29 16:48:28,627 [ERROR] LogOutputStream:75 - [STDERR_REDIRECT] [Fatal Error] :1:1: Premature end of file.
2026-03-29 16:48:28,628 [ERROR] LogOutputStream:75 - [STDERR_REDIRECT] 
2026-03-29 16:48:29,643 [ERROR] LogOutputStream:75 - [STDERR_REDIRECT] [Fatal Error] :1:1: Premature end of file.
2026-03-29 16:48:29,644 [ERROR] LogOutputStream:75 - [STDERR_REDIRECT] 
2026-03-29 16:48:30,627 [ERROR] LogOutputStream:75 - [STDERR_REDIRECT] [Fatal Error] :1:1: Premature end of file.
2026-03-29 16:48:30,628 [ERROR] LogOutputStream:75 - [STDERR_REDIRECT] 
2026-03-29 16:48:31,628 [ERROR] LogOutputStream:75 - [STDERR_REDIRECT] [Fatal Error] :1:1: Premature end of file.
2026-03-29 16:48:31,628 [ERROR] LogOutputStream:75 - [STDERR_REDIRECT] 
2026-03-29 16:48:32,630 [ERROR] LogOutputStream:75 - [STDERR_REDIRECT] [Fatal Error] :1:1: Premature end of file.
2026-03-29 16:48:32,630 [ERROR] LogOutputStream:75 - [STDERR_REDIRECT] 
2026-03-29 16:48:33,629 [ERROR] LogOutputStream:75 - [STDERR_REDIRECT] [Fatal Error] :1:1: Premature end of file.
2026-03-29 16:48:33,629 [ERROR] LogOutputStream:75 - [STDERR_REDIRECT] 
2026-03-29 16:48:34,627 [ERROR] LogOutputStream:75 - [STDERR_REDIRECT] [Fatal Error] :1:1: Premature end of file.
2026-03-29 16:48:34,628 [ERROR] LogOutputStream:75 - [STDERR_REDIRECT] 
2026-03-29 16:48:35,627 [ERROR] LogOutputStream:75 - [STDERR_REDIRECT] [Fatal Error] :1:1: Premature end of file.
2026-03-29 16:48:35,628 [ERROR] LogOutputStream:75 - [STDERR_REDIRECT] 
2026-03-29 16:48:36,625 [ERROR] LogOutputStream:75 - [STDERR_REDIRECT] [Fatal Error] :1:1: Premature end of file.
2026-03-29 16:48:36,625 [ERROR] LogOutputStream:75 - [STDERR_REDIRECT] 
2026-03-29 16:48:37,628 [ERROR] LogOutputStream:75 - [STDERR_REDIRECT] [Fatal Error] :1:1: Premature end of file.
2026-03-29 16:48:37,628 [ERROR] LogOutputStream:75 - [STDERR_REDIRECT] 
2026-03-29 16:48:38,628 [ERROR] LogOutputStream:75 - [STDERR_REDIRECT] [Fatal Error] :1:1: Premature end of file.
2026-03-29 16:48:38,628 [ERROR] LogOutputStream:75 - [STDERR_REDIRECT] 
2026-03-29 16:48:39,628 [ERROR] LogOutputStream:75 - [STDERR_REDIRECT] [Fatal Error] :1:1: Premature end of file.
2026-03-29 16:48:39,628 [ERROR] LogOutputStream:75 - [STDERR_REDIRECT] 
2026-03-29 16:48:40,628 [ERROR] LogOutputStream:75 - [STDERR_REDIRECT] [Fatal Error] :1:1: Premature end of file.
2026-03-29 16:48:40,628 [ERROR] LogOutputStream:75 - [STDERR_REDIRECT] 
2026-03-29 16:48:41,628 [ERROR] LogOutputStream:75 - [STDERR_REDIRECT] [Fatal Error] :1:1: Premature end of file.
2026-03-29 16:48:41,628 [ERROR] LogOutputStream:75 - [STDERR_REDIRECT] 
2026-03-29 16:48:42,628 [ERROR] LogOutputStream:75 - [STDERR_REDIRECT] [Fatal Error] :1:1: Premature end of file.
2026-03-29 16:48:42,628 [ERROR] LogOutputStream:75 - [STDERR_REDIRECT] 
2026-03-29 16:48:43,628 [ERROR] LogOutputStream:75 - [STDERR_REDIRECT] [Fatal Error] :1:1: Premature end of file.
2026-03-29 16:48:43,628 [ERROR] LogOutputStream:75 - [STDERR_REDIRECT] 
2026-03-29 16:48:44,628 [ERROR] LogOutputStream:75 - [STDERR_REDIRECT] [Fatal Error] :1:1: Premature end of file.
2026-03-29 16:48:44,628 [ERROR] LogOutputStream:75 - [STDERR_REDIRECT] 
2026-03-29 16:48:45,626 [ERROR] LogOutputStream:75 - [STDERR_REDIRECT] [Fatal Error] :1:1: Premature end of file.
2026-03-29 16:48:45,626 [ERROR] LogOutputStream:75 - [STDERR_REDIRECT] 
2026-03-29 16:48:46,626 [ERROR] LogOutputStream:75 - [STDERR_REDIRECT] [Fatal Error] :1:1: Premature end of file.
2026-03-29 16:48:46,626 [ERROR] LogOutputStream:75 - [STDERR_REDIRECT] 
2026-03-29 16:48:47,625 [ERROR] LogOutputStream:75 - [STDERR_REDIRECT] [Fatal Error] :1:1: Premature end of file.
2026-03-29 16:48:47,626 [ERROR] LogOutputStream:75 - [STDERR_REDIRECT] 
2026-03-29 16:48:48,629 [ERROR] LogOutputStream:75 - [STDERR_REDIRECT] [Fatal Error] :1:1: Premature end of file.
2026-03-29 16:48:48,629 [ERROR] LogOutputStream:75 - [STDERR_REDIRECT] 
2026-03-29 16:48:49,628 [ERROR] LogOutputStream:75 - [STDERR_REDIRECT] [Fatal Error] :1:1: Premature end of file.
2026-03-29 16:48:49,628 [ERROR] LogOutputStream:75 - [STDERR_REDIRECT] 
2026-03-29 16:48:50,627 [ERROR] LogOutputStream:75 - [STDERR_REDIRECT] [Fatal Error] :1:1: Premature end of file.
2026-03-29 16:48:50,627 [ERROR] LogOutputStream:75 - [STDERR_REDIRECT] 
2026-03-29 16:48:51,627 [ERROR] LogOutputStream:75 - [STDERR_REDIRECT] [Fatal Error] :1:1: Premature end of file.
2026-03-29 16:48:51,627 [ERROR] LogOutputStream:75 - [STDERR_REDIRECT] 
2026-03-29 16:48:52,627 [ERROR] LogOutputStream:75 - [STDERR_REDIRECT] [Fatal Error] :1:1: Premature end of file.
2026-03-29 16:48:52,627 [ERROR] LogOutputStream:75 - [STDERR_REDIRECT] 
2026-03-29 16:48:53,633 [ERROR] LogOutputStream:75 - [STDERR_REDIRECT] [Fatal Error] :1:1: Premature end of file.
2026-03-29 16:48:53,633 [ERROR] LogOutputStream:75 - [STDERR_REDIRECT] 
2026-03-29 16:48:54,626 [ERROR] LogOutputStream:75 - [STDERR_REDIRECT] [Fatal Error] :1:1: Premature end of file.
2026-03-29 16:48:54,626 [ERROR] LogOutputStream:75 - [STDERR_REDIRECT] 
2026-03-29 16:48:55,627 [ERROR] LogOutputStream:75 - [STDERR_REDIRECT] [Fatal Error] :1:1: Premature end of file.
2026-03-29 16:48:55,627 [ERROR] LogOutputStream:75 - [STDERR_REDIRECT] 
2026-03-29 16:48:56,630 [ERROR] LogOutputStream:75 - [STDERR_REDIRECT] [Fatal Error] :1:1: Premature end of file.
2026-03-29 16:48:56,630 [ERROR] LogOutputStream:75 - [STDERR_REDIRECT] 
2026-03-29 16:48:57,630 [ERROR] LogOutputStream:75 - [STDERR_REDIRECT] [Fatal Error] :1:1: Premature end of file.
2026-03-29 16:48:57,630 [ERROR] LogOutputStream:75 - [STDERR_REDIRECT] 
2026-03-29 16:48:58,627 [ERROR] LogOutputStream:75 - [STDERR_REDIRECT] [Fatal Error] :1:1: Premature end of file.
2026-03-29 16:48:58,627 [ERROR] LogOutputStream:75 - [STDERR_REDIRECT] 
2026-03-29 16:48:59,627 [ERROR] LogOutputStream:75 - [STDERR_REDIRECT] [Fatal Error] :1:1: Premature end of file.
2026-03-29 16:48:59,627 [ERROR] LogOutputStream:75 - [STDERR_REDIRECT] 
2026-03-29 16:49:00,626 [ERROR] LogOutputStream:75 - [STDERR_REDIRECT] [Fatal Error] :1:1: Premature end of file.
2026-03-29 16:49:00,626 [ERROR] LogOutputStream:75 - [STDERR_REDIRECT] 
2026-03-29 16:49:01,628 [ERROR] LogOutputStream:75 - [STDERR_REDIRECT] [Fatal Error] :1:1: Premature end of file.
2026-03-29 16:49:01,628 [ERROR] LogOutputStream:75 - [STDERR_REDIRECT] 
2026-03-29 16:49:02,626 [ERROR] LogOutputStream:75 - [STDERR_REDIRECT] [Fatal Error] :1:1: Premature end of file.
2026-03-29 16:49:02,626 [ERROR] LogOutputStream:75 - [STDERR_REDIRECT] 
2026-03-29 16:49:03,628 [ERROR] LogOutputStream:75 - [STDERR_REDIRECT] [Fatal Error] :1:1: Premature end of file.
2026-03-29 16:49:03,628 [ERROR] LogOutputStream:75 - [STDERR_REDIRECT] 
2026-03-29 16:49:04,626 [ERROR] LogOutputStream:75 - [STDERR_REDIRECT] [Fatal Error] :1:1: Premature end of file.
2026-03-29 16:49:04,626 [ERROR] LogOutputStream:75 - [STDERR_REDIRECT] 
2026-03-29 16:49:05,631 [ERROR] LogOutputStream:75 - [STDERR_REDIRECT] [Fatal Error] :1:1: Premature end of file.
2026-03-29 16:49:05,631 [ERROR] LogOutputStream:75 - [STDERR_REDIRECT] 
2026-03-29 16:49:06,628 [ERROR] LogOutputStream:75 - [STDERR_REDIRECT] [Fatal Error] :1:1: Premature end of file.
2026-03-29 16:49:06,628 [ERROR] LogOutputStream:75 - [STDERR_REDIRECT] 
2026-03-29 16:49:07,627 [ERROR] LogOutputStream:75 - [STDERR_REDIRECT] [Fatal Error] :1:1: Premature end of file.
2026-03-29 16:49:07,627 [ERROR] LogOutputStream:75 - [STDERR_REDIRECT] 
2026-03-29 16:49:08,625 [ERROR] LogOutputStream:75 - [STDERR_REDIRECT] [Fatal Error] :1:1: Premature end of file.
2026-03-29 16:49:08,625 [ERROR] LogOutputStream:75 - [STDERR_REDIRECT] 
2026-03-29 16:49:09,626 [ERROR] LogOutputStream:75 - [STDERR_REDIRECT] [Fatal Error] :1:1: Premature end of file.
2026-03-29 16:49:09,626 [ERROR] LogOutputStream:75 - [STDERR_REDIRECT] 
2026-03-29 16:49:10,625 [ERROR] LogOutputStream:75 - [STDERR_REDIRECT] [Fatal Error] :1:1: Premature end of file.
2026-03-29 16:49:10,626 [ERROR] LogOutputStream:75 - [STDERR_REDIRECT] 
2026-03-29 16:49:11,634 [ERROR] LogOutputStream:75 - [STDERR_REDIRECT] [Fatal Error] :1:1: Premature end of file.
2026-03-29 16:49:11,634 [ERROR] LogOutputStream:75 - [STDERR_REDIRECT] 
2026-03-29 16:49:12,626 [ERROR] LogOutputStream:75 - [STDERR_REDIRECT] [Fatal Error] :1:1: Premature end of file.
2026-03-29 16:49:12,627 [ERROR] LogOutputStream:75 - [STDERR_REDIRECT] 
2026-03-29 16:49:13,632 [ERROR] LogOutputStream:75 - [STDERR_REDIRECT] [Fatal Error] :1:1: Premature end of file.
2026-03-29 16:49:13,633 [ERROR] LogOutputStream:75 - [STDERR_REDIRECT] 
2026-03-29 16:49:14,630 [ERROR] LogOutputStream:75 - [STDERR_REDIRECT] [Fatal Error] :1:1: Premature end of file.
2026-03-29 16:49:14,631 [ERROR] LogOutputStream:75 - [STDERR_REDIRECT] 
2026-03-29 16:49:15,626 [ERROR] LogOutputStream:75 - [STDERR_REDIRECT] [Fatal Error] :1:1: Premature end of file.
2026-03-29 16:49:15,626 [ERROR] LogOutputStream:75 - [STDERR_REDIRECT] 
2026-03-29 16:49:16,628 [ERROR] LogOutputStream:75 - [STDERR_REDIRECT] [Fatal Error] :1:1: Premature end of file.
2026-03-29 16:49:16,628 [ERROR] LogOutputStream:75 - [STDERR_REDIRECT] 
2026-03-29 16:49:17,627 [ERROR] LogOutputStream:75 - [STDERR_REDIRECT] [Fatal Error] :1:1: Premature end of file.
2026-03-29 16:49:17,627 [ERROR] LogOutputStream:75 - [STDERR_REDIRECT] 
2026-03-29 16:49:18,635 [ERROR] LogOutputStream:75 - [STDERR_REDIRECT] [Fatal Error] :1:1: Premature end of file.
2026-03-29 16:49:18,635 [ERROR] LogOutputStream:75 - [STDERR_REDIRECT] 
2026-03-29 16:49:19,626 [ERROR] LogOutputStream:75 - [STDERR_REDIRECT] [Fatal Error] :1:1: Premature end of file.
2026-03-29 16:49:19,626 [ERROR] LogOutputStream:75 - [STDERR_REDIRECT] 
2026-03-29 16:49:20,627 [ERROR] LogOutputStream:75 - [STDERR_REDIRECT] [Fatal Error] :1:1: Premature end of file.
2026-03-29 16:49:20,628 [ERROR] LogOutputStream:75 - [STDERR_REDIRECT] 
2026-03-29 16:49:21,630 [ERROR] LogOutputStream:75 - [STDERR_REDIRECT] [Fatal Error] :1:1: Premature end of file.
2026-03-29 16:49:21,630 [ERROR] LogOutputStream:75 - [STDERR_REDIRECT] 
2026-03-29 16:49:22,628 [ERROR] LogOutputStream:75 - [STDERR_REDIRECT] [Fatal Error] :1:1: Premature end of file.
2026-03-29 16:49:22,628 [ERROR] LogOutputStream:75 - [STDERR_REDIRECT] 
2026-03-29 16:49:23,627 [ERROR] LogOutputStream:75 - [STDERR_REDIRECT] [Fatal Error] :1:1: Premature end of file.
2026-03-29 16:49:23,627 [ERROR] LogOutputStream:75 - [STDERR_REDIRECT] 
2026-03-29 16:49:24,627 [ERROR] LogOutputStream:75 - [STDERR_REDIRECT] [Fatal Error] :1:1: Premature end of file.
2026-03-29 16:49:24,627 [ERROR] LogOutputStream:75 - [STDERR_REDIRECT] 
2026-03-29 16:49:25,625 [ERROR] LogOutputStream:75 - [STDERR_REDIRECT] [Fatal Error] :1:1: Premature end of file.
2026-03-29 16:49:25,626 [ERROR] LogOutputStream:75 - [STDERR_REDIRECT] 
2026-03-29 16:49:26,632 [ERROR] LogOutputStream:75 - [STDERR_REDIRECT] [Fatal Error] :1:1: Premature end of file.
2026-03-29 16:49:26,633 [ERROR] LogOutputStream:75 - [STDERR_REDIRECT] 
2026-03-29 16:49:27,625 [ERROR] LogOutputStream:75 - [STDERR_REDIRECT] [Fatal Error] :1:1: Premature end of file.
2026-03-29 16:49:27,625 [ERROR] LogOutputStream:75 - [STDERR_REDIRECT] 
2026-03-29 16:49:28,691 [ERROR] LogOutputStream:75 - [STDERR_REDIRECT] [Fatal Error] :1:1: Premature end of file.
2026-03-29 16:49:28,691 [ERROR] LogOutputStream:75 - [STDERR_REDIRECT] 
2026-03-29 16:49:29,630 [ERROR] LogOutputStream:75 - [STDERR_REDIRECT] [Fatal Error] :1:1: Premature end of file.
2026-03-29 16:49:29,630 [ERROR] LogOutputStream:75 - [STDERR_REDIRECT] 
2026-03-29 16:49:30,625 [ERROR] LogOutputStream:75 - [STDERR_REDIRECT] [Fatal Error] :1:1: Premature end of file.
2026-03-29 16:49:30,626 [ERROR] LogOutputStream:75 - [STDERR_REDIRECT] 
2026-03-29 16:49:31,631 [ERROR] LogOutputStream:75 - [STDERR_REDIRECT] [Fatal Error] :1:1: Premature end of file.
2026-03-29 16:49:31,631 [ERROR] LogOutputStream:75 - [STDERR_REDIRECT] 
2026-03-29 16:49:32,626 [ERROR] LogOutputStream:75 - [STDERR_REDIRECT] [Fatal Error] :1:1: Premature end of file.
2026-03-29 16:49:32,627 [ERROR] LogOutputStream:75 - [STDERR_REDIRECT] 
2026-03-29 16:49:33,628 [ERROR] LogOutputStream:75 - [STDERR_REDIRECT] [Fatal Error] :1:1: Premature end of file.
2026-03-29 16:49:33,628 [ERROR] LogOutputStream:75 - [STDERR_REDIRECT] 
2026-03-29 16:49:34,626 [ERROR] LogOutputStream:75 - [STDERR_REDIRECT] [Fatal Error] :1:1: Premature end of file.
2026-03-29 16:49:34,626 [ERROR] LogOutputStream:75 - [STDERR_REDIRECT] 
2026-03-29 16:49:35,627 [ERROR] LogOutputStream:75 - [STDERR_REDIRECT] [Fatal Error] :1:1: Premature end of file.
2026-03-29 16:49:35,628 [ERROR] LogOutputStream:75 - [STDERR_REDIRECT] 
2026-03-29 16:49:36,628 [ERROR] LogOutputStream:75 - [STDERR_REDIRECT] [Fatal Error] :1:1: Premature end of file.
2026-03-29 16:49:36,628 [ERROR] LogOutputStream:75 - [STDERR_REDIRECT] 
2026-03-29 16:49:37,626 [ERROR] LogOutputStream:75 - [STDERR_REDIRECT] [Fatal Error] :1:1: Premature end of file.
2026-03-29 16:49:37,626 [ERROR] LogOutputStream:75 - [STDERR_REDIRECT] 
2026-03-29 16:49:38,626 [ERROR] LogOutputStream:75 - [STDERR_REDIRECT] [Fatal Error] :1:1: Premature end of file.
2026-03-29 16:49:38,626 [ERROR] LogOutputStream:75 - [STDERR_REDIRECT] 
2026-03-29 16:49:39,626 [ERROR] LogOutputStream:75 - [STDERR_REDIRECT] [Fatal Error] :1:1: Premature end of file.
2026-03-29 16:49:39,626 [ERROR] LogOutputStream:75 - [STDERR_REDIRECT] 
2026-03-29 16:49:40,636 [ERROR] LogOutputStream:75 - [STDERR_REDIRECT] [Fatal Error] :1:1: Premature end of file.
2026-03-29 16:49:40,636 [ERROR] LogOutputStream:75 - [STDERR_REDIRECT] 
2026-03-29 16:49:41,633 [ERROR] LogOutputStream:75 - [STDERR_REDIRECT] [Fatal Error] :1:1: Premature end of file.
2026-03-29 16:49:41,633 [ERROR] LogOutputStream:75 - [STDERR_REDIRECT] 
2026-03-29 16:49:42,636 [ERROR] LogOutputStream:75 - [STDERR_REDIRECT] [Fatal Error] :1:1: Premature end of file.
2026-03-29 16:49:42,636 [ERROR] LogOutputStream:75 - [STDERR_REDIRECT] 
2026-03-29 16:49:43,626 [ERROR] LogOutputStream:75 - [STDERR_REDIRECT] [Fatal Error] :1:1: Premature end of file.
2026-03-29 16:49:43,626 [ERROR] LogOutputStream:75 - [STDERR_REDIRECT] 
2026-03-29 16:49:44,629 [ERROR] LogOutputStream:75 - [STDERR_REDIRECT] [Fatal Error] :1:1: Premature end of file.
2026-03-29 16:49:44,630 [ERROR] LogOutputStream:75 - [STDERR_REDIRECT] 
2026-03-29 16:49:45,625 [ERROR] LogOutputStream:75 - [STDERR_REDIRECT] [Fatal Error] :1:1: Premature end of file.
2026-03-29 16:49:45,626 [ERROR] LogOutputStream:75 - [STDERR_REDIRECT] 
2026-03-29 16:49:46,627 [ERROR] LogOutputStream:75 - [STDERR_REDIRECT] [Fatal Error] :1:1: Premature end of file.
2026-03-29 16:49:46,627 [ERROR] LogOutputStream:75 - [STDERR_REDIRECT] 
2026-03-29 16:49:47,629 [ERROR] LogOutputStream:75 - [STDERR_REDIRECT] [Fatal Error] :1:1: Premature end of file.
2026-03-29 16:49:47,629 [ERROR] LogOutputStream:75 - [STDERR_REDIRECT] 
2026-03-29 16:49:48,628 [ERROR] LogOutputStream:75 - [STDERR_REDIRECT] [Fatal Error] :1:1: Premature end of file.
2026-03-29 16:49:48,628 [ERROR] LogOutputStream:75 - [STDERR_REDIRECT] 
2026-03-29 16:49:49,632 [ERROR] LogOutputStream:75 - [STDERR_REDIRECT] [Fatal Error] :1:1: Premature end of file.
2026-03-29 16:49:49,632 [ERROR] LogOutputStream:75 - [STDERR_REDIRECT] 
2026-03-29 16:49:50,627 [ERROR] LogOutputStream:75 - [STDERR_REDIRECT] [Fatal Error] :1:1: Premature end of file.
2026-03-29 16:49:50,627 [ERROR] LogOutputStream:75 - [STDERR_REDIRECT] 
2026-03-29 16:49:51,630 [ERROR] LogOutputStream:75 - [STDERR_REDIRECT] [Fatal Error] :1:1: Premature end of file.
2026-03-29 16:49:51,631 [ERROR] LogOutputStream:75 - [STDERR_REDIRECT] 
2026-03-29 16:49:52,636 [ERROR] LogOutputStream:75 - [STDERR_REDIRECT] [Fatal Error] :1:1: Premature end of file.
2026-03-29 16:49:52,636 [ERROR] LogOutputStream:75 - [STDERR_REDIRECT] 
2026-03-29 16:49:53,627 [ERROR] LogOutputStream:75 - [STDERR_REDIRECT] [Fatal Error] :1:1: Premature end of file.
2026-03-29 16:49:53,627 [ERROR] LogOutputStream:75 - [STDERR_REDIRECT] 
2026-03-29 16:49:54,626 [ERROR] LogOutputStream:75 - [STDERR_REDIRECT] [Fatal Error] :1:1: Premature end of file.
2026-03-29 16:49:54,626 [ERROR] LogOutputStream:75 - [STDERR_REDIRECT] 
2026-03-29 16:49:55,627 [ERROR] LogOutputStream:75 - [STDERR_REDIRECT] [Fatal Error] :1:1: Premature end of file.
2026-03-29 16:49:55,627 [ERROR] LogOutputStream:75 - [STDERR_REDIRECT] 
2026-03-29 16:49:56,633 [ERROR] LogOutputStream:75 - [STDERR_REDIRECT] [Fatal Error] :1:1: Premature end of file.
2026-03-29 16:49:56,633 [ERROR] LogOutputStream:75 - [STDERR_REDIRECT] 
2026-03-29 16:49:57,629 [ERROR] LogOutputStream:75 - [STDERR_REDIRECT] [Fatal Error] :1:1: Premature end of file.
2026-03-29 16:49:57,629 [ERROR] LogOutputStream:75 - [STDERR_REDIRECT] 
2026-03-29 16:49:58,635 [ERROR] LogOutputStream:75 - [STDERR_REDIRECT] [Fatal Error] :1:1: Premature end of file.
2026-03-29 16:49:58,635 [ERROR] LogOutputStream:75 - [STDERR_REDIRECT] 
2026-03-29 16:49:59,632 [ERROR] LogOutputStream:75 - [STDERR_REDIRECT] [Fatal Error] :1:1: Premature end of file.
2026-03-29 16:49:59,632 [ERROR] LogOutputStream:75 - [STDERR_REDIRECT] 
2026-03-29 16:50:00,627 [ERROR] LogOutputStream:75 - [STDERR_REDIRECT] [Fatal Error] :1:1: Premature end of file.
2026-03-29 16:50:00,627 [ERROR] LogOutputStream:75 - [STDERR_REDIRECT] 
2026-03-29 16:50:01,628 [ERROR] LogOutputStream:75 - [STDERR_REDIRECT] [Fatal Error] :1:1: Premature end of file.
2026-03-29 16:50:01,628 [ERROR] LogOutputStream:75 - [STDERR_REDIRECT] 
2026-03-29 16:50:02,633 [ERROR] LogOutputStream:75 - [STDERR_REDIRECT] [Fatal Error] :1:1: Premature end of file.
2026-03-29 16:50:02,634 [ERROR] LogOutputStream:75 - [STDERR_REDIRECT] 
2026-03-29 16:50:03,627 [ERROR] LogOutputStream:75 - [STDERR_REDIRECT] [Fatal Error] :1:1: Premature end of file.
2026-03-29 16:50:03,627 [ERROR] LogOutputStream:75 - [STDERR_REDIRECT] 
2026-03-29 16:50:04,635 [ERROR] LogOutputStream:75 - [STDERR_REDIRECT] [Fatal Error] :1:1: Premature end of file.
2026-03-29 16:50:04,636 [ERROR] LogOutputStream:75 - [STDERR_REDIRECT] 
2026-03-29 16:50:05,636 [ERROR] LogOutputStream:75 - [STDERR_REDIRECT] [Fatal Error] :1:1: Premature end of file.
2026-03-29 16:50:05,636 [ERROR] LogOutputStream:75 - [STDERR_REDIRECT] 
2026-03-29 16:50:06,630 [ERROR] LogOutputStream:75 - [STDERR_REDIRECT] [Fatal Error] :1:1: Premature end of file.
2026-03-29 16:50:06,630 [ERROR] LogOutputStream:75 - [STDERR_REDIRECT] 
2026-03-29 16:50:07,628 [ERROR] LogOutputStream:75 - [STDERR_REDIRECT] [Fatal Error] :1:1: Premature end of file.
2026-03-29 16:50:07,628 [ERROR] LogOutputStream:75 - [STDERR_REDIRECT] 
2026-03-29 16:50:08,630 [ERROR] LogOutputStream:75 - [STDERR_REDIRECT] [Fatal Error] :1:1: Premature end of file.
2026-03-29 16:50:08,630 [ERROR] LogOutputStream:75 - [STDERR_REDIRECT] 
2026-03-29 16:50:09,627 [ERROR] LogOutputStream:75 - [STDERR_REDIRECT] [Fatal Error] :1:1: Premature end of file.
2026-03-29 16:50:09,627 [ERROR] LogOutputStream:75 - [STDERR_REDIRECT] 
2026-03-29 16:50:10,626 [ERROR] LogOutputStream:75 - [STDERR_REDIRECT] [Fatal Error] :1:1: Premature end of file.
2026-03-29 16:50:10,627 [ERROR] LogOutputStream:75 - [STDERR_REDIRECT] 
2026-03-29 16:50:11,636 [ERROR] LogOutputStream:75 - [STDERR_REDIRECT] [Fatal Error] :1:1: Premature end of file.
2026-03-29 16:50:11,636 [ERROR] LogOutputStream:75 - [STDERR_REDIRECT] 
2026-03-29 16:50:12,637 [ERROR] LogOutputStream:75 - [STDERR_REDIRECT] [Fatal Error] :1:1: Premature end of file.
2026-03-29 16:50:12,638 [ERROR] LogOutputStream:75 - [STDERR_REDIRECT] 
2026-03-29 16:50:13,628 [ERROR] LogOutputStream:75 - [STDERR_REDIRECT] [Fatal Error] :1:1: Premature end of file.
2026-03-29 16:50:13,629 [ERROR] LogOutputStream:75 - [STDERR_REDIRECT] 
2026-03-29 16:50:14,685 [ERROR] LogOutputStream:75 - [STDERR_REDIRECT] [Fatal Error] :1:1: Premature end of file.
2026-03-29 16:50:14,685 [ERROR] LogOutputStream:75 - [STDERR_REDIRECT] 
2026-03-29 16:50:15,635 [ERROR] LogOutputStream:75 - [STDERR_REDIRECT] [Fatal Error] :1:1: Premature end of file.
2026-03-29 16:50:15,635 [ERROR] LogOutputStream:75 - [STDERR_REDIRECT] 
2026-03-29 16:50:16,627 [ERROR] LogOutputStream:75 - [STDERR_REDIRECT] [Fatal Error] :1:1: Premature end of file.
2026-03-29 16:50:16,629 [ERROR] LogOutputStream:75 - [STDERR_REDIRECT] 
2026-03-29 16:50:17,628 [ERROR] LogOutputStream:75 - [STDERR_REDIRECT] [Fatal Error] :1:1: Premature end of file.
2026-03-29 16:50:17,628 [ERROR] LogOutputStream:75 - [STDERR_REDIRECT] 
2026-03-29 16:50:18,629 [ERROR] LogOutputStream:75 - [STDERR_REDIRECT] [Fatal Error] :1:1: Premature end of file.
2026-03-29 16:50:18,629 [ERROR] LogOutputStream:75 - [STDERR_REDIRECT] 
2026-03-29 16:50:19,628 [ERROR] LogOutputStream:75 - [STDERR_REDIRECT] [Fatal Error] :1:1: Premature end of file.
2026-03-29 16:50:19,628 [ERROR] LogOutputStream:75 - [STDERR_REDIRECT] 
2026-03-29 16:50:20,627 [ERROR] LogOutputStream:75 - [STDERR_REDIRECT] [Fatal Error] :1:1: Premature end of file.
2026-03-29 16:50:20,627 [ERROR] LogOutputStream:75 - [STDERR_REDIRECT] 
2026-03-29 16:50:21,667 [ERROR] LogOutputStream:75 - [STDERR_REDIRECT] [Fatal Error] :1:1: Premature end of file.
2026-03-29 16:50:21,668 [ERROR] LogOutputStream:75 - [STDERR_REDIRECT] 
2026-03-29 16:50:22,635 [ERROR] LogOutputStream:75 - [STDERR_REDIRECT] [Fatal Error] :1:1: Premature end of file.
2026-03-29 16:50:22,635 [ERROR] LogOutputStream:75 - [STDERR_REDIRECT] 
2026-03-29 16:50:23,628 [ERROR] LogOutputStream:75 - [STDERR_REDIRECT] [Fatal Error] :1:1: Premature end of file.
2026-03-29 16:50:23,629 [ERROR] LogOutputStream:75 - [STDERR_REDIRECT] 
2026-03-29 16:50:24,627 [ERROR] LogOutputStream:75 - [STDERR_REDIRECT] [Fatal Error] :1:1: Premature end of file.
2026-03-29 16:50:24,627 [ERROR] LogOutputStream:75 - [STDERR_REDIRECT] 
2026-03-29 16:50:25,625 [ERROR] LogOutputStream:75 - [STDERR_REDIRECT] [Fatal Error] :1:1: Premature end of file.
2026-03-29 16:50:25,625 [ERROR] LogOutputStream:75 - [STDERR_REDIRECT] 
2026-03-29 16:50:26,640 [ERROR] LogOutputStream:75 - [STDERR_REDIRECT] [Fatal Error] :1:1: Premature end of file.
2026-03-29 16:50:26,640 [ERROR] LogOutputStream:75 - [STDERR_REDIRECT] 
2026-03-29 16:50:27,625 [ERROR] LogOutputStream:75 - [STDERR_REDIRECT] [Fatal Error] :1:1: Premature end of file.
2026-03-29 16:50:27,625 [ERROR] LogOutputStream:75 - [STDERR_REDIRECT] 
2026-03-29 16:50:28,686 [ERROR] LogOutputStream:75 - [STDERR_REDIRECT] [Fatal Error] :1:1: Premature end of file.
2026-03-29 16:50:28,686 [ERROR] LogOutputStream:75 - [STDERR_REDIRECT] 
2026-03-29 16:50:29,626 [ERROR] LogOutputStream:75 - [STDERR_REDIRECT] [Fatal Error] :1:1: Premature end of file.
2026-03-29 16:50:29,626 [ERROR] LogOutputStream:75 - [STDERR_REDIRECT] 
2026-03-29 16:50:30,627 [ERROR] LogOutputStream:75 - [STDERR_REDIRECT] [Fatal Error] :1:1: Premature end of file.
2026-03-29 16:50:30,627 [ERROR] LogOutputStream:75 - [STDERR_REDIRECT] 
2026-03-29 16:50:31,625 [ERROR] LogOutputStream:75 - [STDERR_REDIRECT] [Fatal Error] :1:1: Premature end of file.
2026-03-29 16:50:31,625 [ERROR] LogOutputStream:75 - [STDERR_REDIRECT] 
2026-03-29 16:50:32,628 [ERROR] LogOutputStream:75 - [STDERR_REDIRECT] [Fatal Error] :1:1: Premature end of file.
2026-03-29 16:50:32,628 [ERROR] LogOutputStream:75 - [STDERR_REDIRECT] 
2026-03-29 16:50:33,632 [ERROR] LogOutputStream:75 - [STDERR_REDIRECT] [Fatal Error] :1:1: Premature end of file.
2026-03-29 16:50:33,632 [ERROR] LogOutputStream:75 - [STDERR_REDIRECT] 
2026-03-29 16:50:34,629 [ERROR] LogOutputStream:75 - [STDERR_REDIRECT] [Fatal Error] :1:1: Premature end of file.
2026-03-29 16:50:34,629 [ERROR] LogOutputStream:75 - [STDERR_REDIRECT] 
2026-03-29 16:50:35,627 [ERROR] LogOutputStream:75 - [STDERR_REDIRECT] [Fatal Error] :1:1: Premature end of file.
2026-03-29 16:50:35,627 [ERROR] LogOutputStream:75 - [STDERR_REDIRECT] 
2026-03-29 16:50:36,628 [ERROR] LogOutputStream:75 - [STDERR_REDIRECT] [Fatal Error] :1:1: Premature end of file.
2026-03-29 16:50:36,628 [ERROR] LogOutputStream:75 - [STDERR_REDIRECT] 
2026-03-29 16:50:37,626 [ERROR] LogOutputStream:75 - [STDERR_REDIRECT] [Fatal Error] :1:1: Premature end of file.
2026-03-29 16:50:37,626 [ERROR] LogOutputStream:75 - [STDERR_REDIRECT] 
2026-03-29 16:50:38,627 [ERROR] LogOutputStream:75 - [STDERR_REDIRECT] [Fatal Error] :1:1: Premature end of file.
2026-03-29 16:50:38,627 [ERROR] LogOutputStream:75 - [STDERR_REDIRECT] 
2026-03-29 16:50:39,629 [ERROR] LogOutputStream:75 - [STDERR_REDIRECT] [Fatal Error] :1:1: Premature end of file.
2026-03-29 16:50:39,629 [ERROR] LogOutputStream:75 - [STDERR_REDIRECT] 
2026-03-29 16:50:40,627 [ERROR] LogOutputStream:75 - [STDERR_REDIRECT] [Fatal Error] :1:1: Premature end of file.
2026-03-29 16:50:40,627 [ERROR] LogOutputStream:75 - [STDERR_REDIRECT] 
2026-03-29 16:50:41,628 [ERROR] LogOutputStream:75 - [STDERR_REDIRECT] [Fatal Error] :1:1: Premature end of file.
2026-03-29 16:50:41,628 [ERROR] LogOutputStream:75 - [STDERR_REDIRECT] 
2026-03-29 16:50:42,636 [ERROR] LogOutputStream:75 - [STDERR_REDIRECT] [Fatal Error] :1:1: Premature end of file.
2026-03-29 16:50:42,637 [ERROR] LogOutputStream:75 - [STDERR_REDIRECT] 
2026-03-29 16:50:43,627 [ERROR] LogOutputStream:75 - [STDERR_REDIRECT] [Fatal Error] :1:1: Premature end of file.
2026-03-29 16:50:43,627 [ERROR] LogOutputStream:75 - [STDERR_REDIRECT] 
2026-03-29 16:50:44,643 [ERROR] LogOutputStream:75 - [STDERR_REDIRECT] [Fatal Error] :1:1: Premature end of file.
2026-03-29 16:50:44,643 [ERROR] LogOutputStream:75 - [STDERR_REDIRECT] 
2026-03-29 16:50:45,627 [ERROR] LogOutputStream:75 - [STDERR_REDIRECT] [Fatal Error] :1:1: Premature end of file.
2026-03-29 16:50:45,627 [ERROR] LogOutputStream:75 - [STDERR_REDIRECT] 
2026-03-29 16:50:46,626 [ERROR] LogOutputStream:75 - [STDERR_REDIRECT] [Fatal Error] :1:1: Premature end of file.
2026-03-29 16:50:46,626 [ERROR] LogOutputStream:75 - [STDERR_REDIRECT] 
2026-03-29 16:50:47,626 [ERROR] LogOutputStream:75 - [STDERR_REDIRECT] [Fatal Error] :1:1: Premature end of file.
2026-03-29 16:50:47,627 [ERROR] LogOutputStream:75 - [STDERR_REDIRECT] 
2026-03-29 16:50:48,624 [ERROR] LogOutputStream:75 - [STDERR_REDIRECT] [Fatal Error] :1:1: Premature end of file.
2026-03-29 16:50:48,624 [ERROR] LogOutputStream:75 - [STDERR_REDIRECT] 
2026-03-29 16:50:49,641 [ERROR] LogOutputStream:75 - [STDERR_REDIRECT] [Fatal Error] :1:1: Premature end of file.
2026-03-29 16:50:49,641 [ERROR] LogOutputStream:75 - [STDERR_REDIRECT] 
2026-03-29 16:50:50,631 [ERROR] LogOutputStream:75 - [STDERR_REDIRECT] [Fatal Error] :1:1: Premature end of file.
2026-03-29 16:50:50,631 [ERROR] LogOutputStream:75 - [STDERR_REDIRECT] 
2026-03-29 16:50:51,625 [ERROR] LogOutputStream:75 - [STDERR_REDIRECT] [Fatal Error] :1:1: Premature end of file.
2026-03-29 16:50:51,625 [ERROR] LogOutputStream:75 - [STDERR_REDIRECT] 
2026-03-29 16:50:52,626 [ERROR] LogOutputStream:75 - [STDERR_REDIRECT] [Fatal Error] :1:1: Premature end of file.
2026-03-29 16:50:52,626 [ERROR] LogOutputStream:75 - [STDERR_REDIRECT] 
2026-03-29 16:50:53,628 [ERROR] LogOutputStream:75 - [STDERR_REDIRECT] [Fatal Error] :1:1: Premature end of file.
2026-03-29 16:50:53,628 [ERROR] LogOutputStream:75 - [STDERR_REDIRECT] 
2026-03-29 16:50:54,628 [ERROR] LogOutputStream:75 - [STDERR_REDIRECT] [Fatal Error] :1:1: Premature end of file.
2026-03-29 16:50:54,628 [ERROR] LogOutputStream:75 - [STDERR_REDIRECT] 
2026-03-29 16:50:55,626 [ERROR] LogOutputStream:75 - [STDERR_REDIRECT] [Fatal Error] :1:1: Premature end of file.
2026-03-29 16:50:55,626 [ERROR] LogOutputStream:75 - [STDERR_REDIRECT] 
2026-03-29 16:50:56,630 [ERROR] LogOutputStream:75 - [STDERR_REDIRECT] [Fatal Error] :1:1: Premature end of file.
2026-03-29 16:50:56,631 [ERROR] LogOutputStream:75 - [STDERR_REDIRECT] 
2026-03-29 16:50:57,625 [ERROR] LogOutputStream:75 - [STDERR_REDIRECT] [Fatal Error] :1:1: Premature end of file.
2026-03-29 16:50:57,627 [ERROR] LogOutputStream:75 - [STDERR_REDIRECT] 
2026-03-29 16:50:58,636 [ERROR] LogOutputStream:75 - [STDERR_REDIRECT] [Fatal Error] :1:1: Premature end of file.
2026-03-29 16:50:58,637 [ERROR] LogOutputStream:75 - [STDERR_REDIRECT] 
2026-03-29 16:50:59,627 [ERROR] LogOutputStream:75 - [STDERR_REDIRECT] [Fatal Error] :1:1: Premature end of file.
2026-03-29 16:50:59,627 [ERROR] LogOutputStream:75 - [STDERR_REDIRECT] 
2026-03-29 16:51:00,628 [ERROR] LogOutputStream:75 - [STDERR_REDIRECT] [Fatal Error] :1:1: Premature end of file.
2026-03-29 16:51:00,628 [ERROR] LogOutputStream:75 - [STDERR_REDIRECT] 
2026-03-29 16:51:01,627 [ERROR] LogOutputStream:75 - [STDERR_REDIRECT] [Fatal Error] :1:1: Premature end of file.
2026-03-29 16:51:01,628 [ERROR] LogOutputStream:75 - [STDERR_REDIRECT] 
2026-03-29 16:51:02,625 [ERROR] LogOutputStream:75 - [STDERR_REDIRECT] [Fatal Error] :1:1: Premature end of file.
2026-03-29 16:51:02,625 [ERROR] LogOutputStream:75 - [STDERR_REDIRECT] 
2026-03-29 16:51:03,626 [ERROR] LogOutputStream:75 - [STDERR_REDIRECT] [Fatal Error] :1:1: Premature end of file.
2026-03-29 16:51:03,627 [ERROR] LogOutputStream:75 - [STDERR_REDIRECT] 
2026-03-29 16:51:04,629 [ERROR] LogOutputStream:75 - [STDERR_REDIRECT] [Fatal Error] :1:1: Premature end of file.
2026-03-29 16:51:04,629 [ERROR] LogOutputStream:75 - [STDERR_REDIRECT] 
2026-03-29 16:51:05,627 [ERROR] LogOutputStream:75 - [STDERR_REDIRECT] [Fatal Error] :1:1: Premature end of file.
2026-03-29 16:51:05,627 [ERROR] LogOutputStream:75 - [STDERR_REDIRECT] 
2026-03-29 16:51:06,631 [ERROR] LogOutputStream:75 - [STDERR_REDIRECT] [Fatal Error] :1:1: Premature end of file.
2026-03-29 16:51:06,631 [ERROR] LogOutputStream:75 - [STDERR_REDIRECT] 
2026-03-29 16:51:07,625 [ERROR] LogOutputStream:75 - [STDERR_REDIRECT] [Fatal Error] :1:1: Premature end of file.
2026-03-29 16:51:07,625 [ERROR] LogOutputStream:75 - [STDERR_REDIRECT] 
2026-03-29 16:51:08,633 [ERROR] LogOutputStream:75 - [STDERR_REDIRECT] [Fatal Error] :1:1: Premature end of file.
2026-03-29 16:51:08,634 [ERROR] LogOutputStream:75 - [STDERR_REDIRECT] 
2026-03-29 16:51:09,626 [ERROR] LogOutputStream:75 - [STDERR_REDIRECT] [Fatal Error] :1:1: Premature end of file.
2026-03-29 16:51:09,626 [ERROR] LogOutputStream:75 - [STDERR_REDIRECT] 
2026-03-29 16:51:10,632 [ERROR] LogOutputStream:75 - [STDERR_REDIRECT] [Fatal Error] :1:1: Premature end of file.
2026-03-29 16:51:10,632 [ERROR] LogOutputStream:75 - [STDERR_REDIRECT] 
2026-03-29 16:51:11,626 [ERROR] LogOutputStream:75 - [STDERR_REDIRECT] [Fatal Error] :1:1: Premature end of file.
2026-03-29 16:51:11,626 [ERROR] LogOutputStream:75 - [STDERR_REDIRECT] 
2026-03-29 16:51:12,626 [ERROR] LogOutputStream:75 - [STDERR_REDIRECT] [Fatal Error] :1:1: Premature end of file.
2026-03-29 16:51:12,626 [ERROR] LogOutputStream:75 - [STDERR_REDIRECT] 
2026-03-29 16:51:13,656 [ERROR] LogOutputStream:75 - [STDERR_REDIRECT] [Fatal Error] :1:1: Premature end of file.
2026-03-29 16:51:13,656 [ERROR] LogOutputStream:75 - [STDERR_REDIRECT] 
2026-03-29 16:51:14,639 [ERROR] LogOutputStream:75 - [STDERR_REDIRECT] [Fatal Error] :1:1: Premature end of file.
2026-03-29 16:51:14,639 [ERROR] LogOutputStream:75 - [STDERR_REDIRECT] 
2026-03-29 16:51:15,628 [ERROR] LogOutputStream:75 - [STDERR_REDIRECT] [Fatal Error] :1:1: Premature end of file.
2026-03-29 16:51:15,628 [ERROR] LogOutputStream:75 - [STDERR_REDIRECT] 
2026-03-29 16:51:16,627 [ERROR] LogOutputStream:75 - [STDERR_REDIRECT] [Fatal Error] :1:1: Premature end of file.
2026-03-29 16:51:16,627 [ERROR] LogOutputStream:75 - [STDERR_REDIRECT] 
2026-03-29 16:51:17,633 [ERROR] LogOutputStream:75 - [STDERR_REDIRECT] [Fatal Error] :1:1: Premature end of file.
2026-03-29 16:51:17,633 [ERROR] LogOutputStream:75 - [STDERR_REDIRECT] 
2026-03-29 16:51:18,628 [ERROR] LogOutputStream:75 - [STDERR_REDIRECT] [Fatal Error] :1:1: Premature end of file.
2026-03-29 16:51:18,628 [ERROR] LogOutputStream:75 - [STDERR_REDIRECT] 
2026-03-29 16:51:19,627 [ERROR] LogOutputStream:75 - [STDERR_REDIRECT] [Fatal Error] :1:1: Premature end of file.
2026-03-29 16:51:19,627 [ERROR] LogOutputStream:75 - [STDERR_REDIRECT] 
2026-03-29 16:51:20,630 [ERROR] LogOutputStream:75 - [STDERR_REDIRECT] [Fatal Error] :1:1: Premature end of file.
2026-03-29 16:51:20,630 [ERROR] LogOutputStream:75 - [STDERR_REDIRECT] 
2026-03-29 16:51:21,627 [ERROR] LogOutputStream:75 - [STDERR_REDIRECT] [Fatal Error] :1:1: Premature end of file.
2026-03-29 16:51:21,627 [ERROR] LogOutputStream:75 - [STDERR_REDIRECT] 
2026-03-29 16:51:22,626 [ERROR] LogOutputStream:75 - [STDERR_REDIRECT] [Fatal Error] :1:1: Premature end of file.
2026-03-29 16:51:22,626 [ERROR] LogOutputStream:75 - [STDERR_REDIRECT] 
2026-03-29 16:51:23,626 [ERROR] LogOutputStream:75 - [STDERR_REDIRECT] [Fatal Error] :1:1: Premature end of file.
2026-03-29 16:51:23,626 [ERROR] LogOutputStream:75 - [STDERR_REDIRECT] 
2026-03-29 16:51:24,626 [ERROR] LogOutputStream:75 - [STDERR_REDIRECT] [Fatal Error] :1:1: Premature end of file.
2026-03-29 16:51:24,626 [ERROR] LogOutputStream:75 - [STDERR_REDIRECT] 
2026-03-29 16:51:25,632 [ERROR] LogOutputStream:75 - [STDERR_REDIRECT] [Fatal Error] :1:1: Premature end of file.
2026-03-29 16:51:25,632 [ERROR] LogOutputStream:75 - [STDERR_REDIRECT] 
2026-03-29 16:51:26,626 [ERROR] LogOutputStream:75 - [STDERR_REDIRECT] [Fatal Error] :1:1: Premature end of file.
2026-03-29 16:51:26,626 [ERROR] LogOutputStream:75 - [STDERR_REDIRECT] 
2026-03-29 16:51:27,626 [ERROR] LogOutputStream:75 - [STDERR_REDIRECT] [Fatal Error] :1:1: Premature end of file.
2026-03-29 16:51:27,627 [ERROR] LogOutputStream:75 - [STDERR_REDIRECT] 
2026-03-29 16:51:28,696 [ERROR] LogOutputStream:75 - [STDERR_REDIRECT] [Fatal Error] :1:1: Premature end of file.
2026-03-29 16:51:28,697 [ERROR] LogOutputStream:75 - [STDERR_REDIRECT] 
2026-03-29 16:51:29,631 [ERROR] LogOutputStream:75 - [STDERR_REDIRECT] [Fatal Error] :1:1: Premature end of file.
2026-03-29 16:51:29,631 [ERROR] LogOutputStream:75 - [STDERR_REDIRECT] 
2026-03-29 16:51:30,634 [ERROR] LogOutputStream:75 - [STDERR_REDIRECT] [Fatal Error] :1:1: Premature end of file.
2026-03-29 16:51:30,634 [ERROR] LogOutputStream:75 - [STDERR_REDIRECT] 
2026-03-29 16:51:31,626 [ERROR] LogOutputStream:75 - [STDERR_REDIRECT] [Fatal Error] :1:1: Premature end of file.
2026-03-29 16:51:31,626 [ERROR] LogOutputStream:75 - [STDERR_REDIRECT] 
2026-03-29 16:51:32,626 [ERROR] LogOutputStream:75 - [STDERR_REDIRECT] [Fatal Error] :1:1: Premature end of file.
2026-03-29 16:51:32,627 [ERROR] LogOutputStream:75 - [STDERR_REDIRECT] 
2026-03-29 16:51:33,625 [ERROR] LogOutputStream:75 - [STDERR_REDIRECT] [Fatal Error] :1:1: Premature end of file.
2026-03-29 16:51:33,625 [ERROR] LogOutputStream:75 - [STDERR_REDIRECT] 
2026-03-29 16:51:34,626 [ERROR] LogOutputStream:75 - [STDERR_REDIRECT] [Fatal Error] :1:1: Premature end of file.
2026-03-29 16:51:34,626 [ERROR] LogOutputStream:75 - [STDERR_REDIRECT] 
2026-03-29 16:51:35,629 [ERROR] LogOutputStream:75 - [STDERR_REDIRECT] [Fatal Error] :1:1: Premature end of file.
2026-03-29 16:51:35,629 [ERROR] LogOutputStream:75 - [STDERR_REDIRECT] 
2026-03-29 16:51:36,625 [ERROR] LogOutputStream:75 - [STDERR_REDIRECT] [Fatal Error] :1:1: Premature end of file.
2026-03-29 16:51:36,625 [ERROR] LogOutputStream:75 - [STDERR_REDIRECT] 
2026-03-29 16:51:37,626 [ERROR] LogOutputStream:75 - [STDERR_REDIRECT] [Fatal Error] :1:1: Premature end of file.
2026-03-29 16:51:37,626 [ERROR] LogOutputStream:75 - [STDERR_REDIRECT] 
2026-03-29 16:51:38,642 [ERROR] LogOutputStream:75 - [STDERR_REDIRECT] [Fatal Error] :1:1: Premature end of file.
2026-03-29 16:51:38,642 [ERROR] LogOutputStream:75 - [STDERR_REDIRECT] 
2026-03-29 16:51:39,626 [ERROR] LogOutputStream:75 - [STDERR_REDIRECT] [Fatal Error] :1:1: Premature end of file.
2026-03-29 16:51:39,626 [ERROR] LogOutputStream:75 - [STDERR_REDIRECT] 
2026-03-29 16:51:40,627 [ERROR] LogOutputStream:75 - [STDERR_REDIRECT] [Fatal Error] :1:1: Premature end of file.
2026-03-29 16:51:40,627 [ERROR] LogOutputStream:75 - [STDERR_REDIRECT] 
2026-03-29 16:51:41,628 [ERROR] LogOutputStream:75 - [STDERR_REDIRECT] [Fatal Error] :1:1: Premature end of file.
2026-03-29 16:51:41,628 [ERROR] LogOutputStream:75 - [STDERR_REDIRECT] 
2026-03-29 16:51:42,625 [ERROR] LogOutputStream:75 - [STDERR_REDIRECT] [Fatal Error] :1:1: Premature end of file.
2026-03-29 16:51:42,626 [ERROR] LogOutputStream:75 - [STDERR_REDIRECT] 
2026-03-29 16:51:43,627 [ERROR] LogOutputStream:75 - [STDERR_REDIRECT] [Fatal Error] :1:1: Premature end of file.
2026-03-29 16:51:43,627 [ERROR] LogOutputStream:75 - [STDERR_REDIRECT] 
2026-03-29 16:51:44,628 [ERROR] LogOutputStream:75 - [STDERR_REDIRECT] [Fatal Error] :1:1: Premature end of file.
2026-03-29 16:51:44,628 [ERROR] LogOutputStream:75 - [STDERR_REDIRECT] 
2026-03-29 16:51:45,630 [ERROR] LogOutputStream:75 - [STDERR_REDIRECT] [Fatal Error] :1:1: Premature end of file.
2026-03-29 16:51:45,630 [ERROR] LogOutputStream:75 - [STDERR_REDIRECT] 
2026-03-29 16:51:46,626 [ERROR] LogOutputStream:75 - [STDERR_REDIRECT] [Fatal Error] :1:1: Premature end of file.
2026-03-29 16:51:46,626 [ERROR] LogOutputStream:75 - [STDERR_REDIRECT] 
2026-03-29 16:51:47,634 [ERROR] LogOutputStream:75 - [STDERR_REDIRECT] [Fatal Error] :1:1: Premature end of file.
2026-03-29 16:51:47,634 [ERROR] LogOutputStream:75 - [STDERR_REDIRECT] 
2026-03-29 16:51:48,632 [ERROR] LogOutputStream:75 - [STDERR_REDIRECT] [Fatal Error] :1:1: Premature end of file.
2026-03-29 16:51:48,633 [ERROR] LogOutputStream:75 - [STDERR_REDIRECT] 
2026-03-29 16:51:49,627 [ERROR] LogOutputStream:75 - [STDERR_REDIRECT] [Fatal Error] :1:1: Premature end of file.
2026-03-29 16:51:49,627 [ERROR] LogOutputStream:75 - [STDERR_REDIRECT] 
2026-03-29 16:51:50,627 [ERROR] LogOutputStream:75 - [STDERR_REDIRECT] [Fatal Error] :1:1: Premature end of file.
2026-03-29 16:51:50,627 [ERROR] LogOutputStream:75 - [STDERR_REDIRECT] 
2026-03-29 16:51:51,629 [ERROR] LogOutputStream:75 - [STDERR_REDIRECT] [Fatal Error] :1:1: Premature end of file.
2026-03-29 16:51:51,630 [ERROR] LogOutputStream:75 - [STDERR_REDIRECT] 
2026-03-29 16:51:52,626 [ERROR] LogOutputStream:75 - [STDERR_REDIRECT] [Fatal Error] :1:1: Premature end of file.
2026-03-29 16:51:52,626 [ERROR] LogOutputStream:75 - [STDERR_REDIRECT] 
2026-03-29 16:51:53,629 [ERROR] LogOutputStream:75 - [STDERR_REDIRECT] [Fatal Error] :1:1: Premature end of file.
2026-03-29 16:51:53,629 [ERROR] LogOutputStream:75 - [STDERR_REDIRECT] 
2026-03-29 16:51:54,627 [ERROR] LogOutputStream:75 - [STDERR_REDIRECT] [Fatal Error] :1:1: Premature end of file.
2026-03-29 16:51:54,627 [ERROR] LogOutputStream:75 - [STDERR_REDIRECT] 
2026-03-29 16:51:55,627 [ERROR] LogOutputStream:75 - [STDERR_REDIRECT] [Fatal Error] :1:1: Premature end of file.
2026-03-29 16:51:55,627 [ERROR] LogOutputStream:75 - [STDERR_REDIRECT] 
2026-03-29 16:51:56,630 [ERROR] LogOutputStream:75 - [STDERR_REDIRECT] [Fatal Error] :1:1: Premature end of file.
2026-03-29 16:51:56,630 [ERROR] LogOutputStream:75 - [STDERR_REDIRECT] 
2026-03-29 16:51:57,626 [ERROR] LogOutputStream:75 - [STDERR_REDIRECT] [Fatal Error] :1:1: Premature end of file.
2026-03-29 16:51:57,626 [ERROR] LogOutputStream:75 - [STDERR_REDIRECT] 
2026-03-29 16:51:58,632 [ERROR] LogOutputStream:75 - [STDERR_REDIRECT] [Fatal Error] :1:1: Premature end of file.
2026-03-29 16:51:58,632 [ERROR] LogOutputStream:75 - [STDERR_REDIRECT] 
2026-03-29 16:51:59,626 [ERROR] LogOutputStream:75 - [STDERR_REDIRECT] [Fatal Error] :1:1: Premature end of file.
2026-03-29 16:51:59,626 [ERROR] LogOutputStream:75 - [STDERR_REDIRECT] 
2026-03-29 16:52:00,635 [ERROR] LogOutputStream:75 - [STDERR_REDIRECT] [Fatal Error] :1:1: Premature end of file.
2026-03-29 16:52:00,635 [ERROR] LogOutputStream:75 - [STDERR_REDIRECT] 
2026-03-29 16:52:01,634 [ERROR] LogOutputStream:75 - [STDERR_REDIRECT] [Fatal Error] :1:1: Premature end of file.
2026-03-29 16:52:01,634 [ERROR] LogOutputStream:75 - [STDERR_REDIRECT] 
2026-03-29 16:52:02,626 [ERROR] LogOutputStream:75 - [STDERR_REDIRECT] [Fatal Error] :1:1: Premature end of file.
2026-03-29 16:52:02,626 [ERROR] LogOutputStream:75 - [STDERR_REDIRECT] 
2026-03-29 16:52:03,627 [ERROR] LogOutputStream:75 - [STDERR_REDIRECT] [Fatal Error] :1:1: Premature end of file.
2026-03-29 16:52:03,627 [ERROR] LogOutputStream:75 - [STDERR_REDIRECT] 
2026-03-29 16:52:04,625 [ERROR] LogOutputStream:75 - [STDERR_REDIRECT] [Fatal Error] :1:1: Premature end of file.
2026-03-29 16:52:04,625 [ERROR] LogOutputStream:75 - [STDERR_REDIRECT] 
2026-03-29 16:52:05,627 [ERROR] LogOutputStream:75 - [STDERR_REDIRECT] [Fatal Error] :1:1: Premature end of file.
2026-03-29 16:52:05,629 [ERROR] LogOutputStream:75 - [STDERR_REDIRECT] 
2026-03-29 16:52:06,634 [ERROR] LogOutputStream:75 - [STDERR_REDIRECT] [Fatal Error] :1:1: Premature end of file.
2026-03-29 16:52:06,635 [ERROR] LogOutputStream:75 - [STDERR_REDIRECT] 
2026-03-29 16:52:07,635 [ERROR] LogOutputStream:75 - [STDERR_REDIRECT] [Fatal Error] :1:1: Premature end of file.
2026-03-29 16:52:07,635 [ERROR] LogOutputStream:75 - [STDERR_REDIRECT] 
2026-03-29 16:52:08,629 [ERROR] LogOutputStream:75 - [STDERR_REDIRECT] [Fatal Error] :1:1: Premature end of file.
2026-03-29 16:52:08,629 [ERROR] LogOutputStream:75 - [STDERR_REDIRECT] 
2026-03-29 16:52:09,625 [ERROR] LogOutputStream:75 - [STDERR_REDIRECT] [Fatal Error] :1:1: Premature end of file.
2026-03-29 16:52:09,625 [ERROR] LogOutputStream:75 - [STDERR_REDIRECT] 
2026-03-29 16:52:10,627 [ERROR] LogOutputStream:75 - [STDERR_REDIRECT] [Fatal Error] :1:1: Premature end of file.
2026-03-29 16:52:10,627 [ERROR] LogOutputStream:75 - [STDERR_REDIRECT] 
2026-03-29 16:52:11,630 [ERROR] LogOutputStream:75 - [STDERR_REDIRECT] [Fatal Error] :1:1: Premature end of file.
2026-03-29 16:52:11,631 [ERROR] LogOutputStream:75 - [STDERR_REDIRECT] 
2026-03-29 16:52:12,628 [ERROR] LogOutputStream:75 - [STDERR_REDIRECT] [Fatal Error] :1:1: Premature end of file.
2026-03-29 16:52:12,628 [ERROR] LogOutputStream:75 - [STDERR_REDIRECT] 
2026-03-29 16:52:13,627 [ERROR] LogOutputStream:75 - [STDERR_REDIRECT] [Fatal Error] :1:1: Premature end of file.
2026-03-29 16:52:13,627 [ERROR] LogOutputStream:75 - [STDERR_REDIRECT] 
2026-03-29 16:52:14,634 [ERROR] LogOutputStream:75 - [STDERR_REDIRECT] [Fatal Error] :1:1: Premature end of file.
2026-03-29 16:52:14,634 [ERROR] LogOutputStream:75 - [STDERR_REDIRECT] 
2026-03-29 16:52:15,632 [ERROR] LogOutputStream:75 - [STDERR_REDIRECT] [Fatal Error] :1:1: Premature end of file.
2026-03-29 16:52:15,632 [ERROR] LogOutputStream:75 - [STDERR_REDIRECT] 
2026-03-29 16:52:16,627 [ERROR] LogOutputStream:75 - [STDERR_REDIRECT] [Fatal Error] :1:1: Premature end of file.
2026-03-29 16:52:16,627 [ERROR] LogOutputStream:75 - [STDERR_REDIRECT] 
2026-03-29 16:52:17,626 [ERROR] LogOutputStream:75 - [STDERR_REDIRECT] [Fatal Error] :1:1: Premature end of file.
2026-03-29 16:52:17,626 [ERROR] LogOutputStream:75 - [STDERR_REDIRECT] 
2026-03-29 16:52:18,627 [ERROR] LogOutputStream:75 - [STDERR_REDIRECT] [Fatal Error] :1:1: Premature end of file.
2026-03-29 16:52:18,627 [ERROR] LogOutputStream:75 - [STDERR_REDIRECT] 
2026-03-29 16:52:19,629 [ERROR] LogOutputStream:75 - [STDERR_REDIRECT] [Fatal Error] :1:1: Premature end of file.
2026-03-29 16:52:19,629 [ERROR] LogOutputStream:75 - [STDERR_REDIRECT] 
2026-03-29 16:52:20,625 [ERROR] LogOutputStream:75 - [STDERR_REDIRECT] [Fatal Error] :1:1: Premature end of file.
2026-03-29 16:52:20,625 [ERROR] LogOutputStream:75 - [STDERR_REDIRECT] 
2026-03-29 16:52:21,629 [ERROR] LogOutputStream:75 - [STDERR_REDIRECT] [Fatal Error] :1:1: Premature end of file.
2026-03-29 16:52:21,629 [ERROR] LogOutputStream:75 - [STDERR_REDIRECT] 
2026-03-29 16:52:22,631 [ERROR] LogOutputStream:75 - [STDERR_REDIRECT] [Fatal Error] :1:1: Premature end of file.
2026-03-29 16:52:22,631 [ERROR] LogOutputStream:75 - [STDERR_REDIRECT] 
2026-03-29 16:52:23,628 [ERROR] LogOutputStream:75 - [STDERR_REDIRECT] [Fatal Error] :1:1: Premature end of file.
2026-03-29 16:52:23,628 [ERROR] LogOutputStream:75 - [STDERR_REDIRECT] 
2026-03-29 16:52:24,628 [ERROR] LogOutputStream:75 - [STDERR_REDIRECT] [Fatal Error] :1:1: Premature end of file.
2026-03-29 16:52:24,628 [ERROR] LogOutputStream:75 - [STDERR_REDIRECT] 
2026-03-29 16:52:25,625 [ERROR] LogOutputStream:75 - [STDERR_REDIRECT] [Fatal Error] :1:1: Premature end of file.
2026-03-29 16:52:25,625 [ERROR] LogOutputStream:75 - [STDERR_REDIRECT] 
2026-03-29 16:52:26,628 [ERROR] LogOutputStream:75 - [STDERR_REDIRECT] [Fatal Error] :1:1: Premature end of file.
2026-03-29 16:52:26,628 [ERROR] LogOutputStream:75 - [STDERR_REDIRECT] 
2026-03-29 16:52:27,628 [ERROR] LogOutputStream:75 - [STDERR_REDIRECT] [Fatal Error] :1:1: Premature end of file.
2026-03-29 16:52:27,628 [ERROR] LogOutputStream:75 - [STDERR_REDIRECT] 
2026-03-29 16:52:28,630 [ERROR] LogOutputStream:75 - [STDERR_REDIRECT] [Fatal Error] :1:1: Premature end of file.
2026-03-29 16:52:28,630 [ERROR] LogOutputStream:75 - [STDERR_REDIRECT] 
2026-03-29 16:52:29,631 [ERROR] LogOutputStream:75 - [STDERR_REDIRECT] [Fatal Error] :1:1: Premature end of file.
2026-03-29 16:52:29,631 [ERROR] LogOutputStream:75 - [STDERR_REDIRECT] 
2026-03-29 16:52:30,630 [ERROR] LogOutputStream:75 - [STDERR_REDIRECT] [Fatal Error] :1:1: Premature end of file.
2026-03-29 16:52:30,630 [ERROR] LogOutputStream:75 - [STDERR_REDIRECT] 
2026-03-29 16:52:31,627 [ERROR] LogOutputStream:75 - [STDERR_REDIRECT] [Fatal Error] :1:1: Premature end of file.
2026-03-29 16:52:31,627 [ERROR] LogOutputStream:75 - [STDERR_REDIRECT] 
2026-03-29 16:52:32,631 [ERROR] LogOutputStream:75 - [STDERR_REDIRECT] [Fatal Error] :1:1: Premature end of file.
2026-03-29 16:52:32,632 [ERROR] LogOutputStream:75 - [STDERR_REDIRECT] 
2026-03-29 16:52:33,670 [ERROR] LogOutputStream:75 - [STDERR_REDIRECT] [Fatal Error] :1:1: Premature end of file.
2026-03-29 16:52:33,671 [ERROR] LogOutputStream:75 - [STDERR_REDIRECT] 
2026-03-29 16:52:34,630 [ERROR] LogOutputStream:75 - [STDERR_REDIRECT] [Fatal Error] :1:1: Premature end of file.
2026-03-29 16:52:34,630 [ERROR] LogOutputStream:75 - [STDERR_REDIRECT] 
2026-03-29 16:52:35,625 [ERROR] LogOutputStream:75 - [STDERR_REDIRECT] [Fatal Error] :1:1: Premature end of file.
2026-03-29 16:52:35,625 [ERROR] LogOutputStream:75 - [STDERR_REDIRECT] 
2026-03-29 16:52:36,625 [ERROR] LogOutputStream:75 - [STDERR_REDIRECT] [Fatal Error] :1:1: Premature end of file.
2026-03-29 16:52:36,625 [ERROR] LogOutputStream:75 - [STDERR_REDIRECT] 
2026-03-29 16:52:37,626 [ERROR] LogOutputStream:75 - [STDERR_REDIRECT] [Fatal Error] :1:1: Premature end of file.
2026-03-29 16:52:37,626 [ERROR] LogOutputStream:75 - [STDERR_REDIRECT] 
2026-03-29 16:52:38,627 [ERROR] LogOutputStream:75 - [STDERR_REDIRECT] [Fatal Error] :1:1: Premature end of file.
2026-03-29 16:52:38,627 [ERROR] LogOutputStream:75 - [STDERR_REDIRECT] 
2026-03-29 16:52:39,635 [ERROR] LogOutputStream:75 - [STDERR_REDIRECT] [Fatal Error] :1:1: Premature end of file.
2026-03-29 16:52:39,635 [ERROR] LogOutputStream:75 - [STDERR_REDIRECT] 
2026-03-29 16:52:40,626 [ERROR] LogOutputStream:75 - [STDERR_REDIRECT] [Fatal Error] :1:1: Premature end of file.
2026-03-29 16:52:40,626 [ERROR] LogOutputStream:75 - [STDERR_REDIRECT] 
2026-03-29 16:52:41,625 [ERROR] LogOutputStream:75 - [STDERR_REDIRECT] [Fatal Error] :1:1: Premature end of file.
2026-03-29 16:52:41,625 [ERROR] LogOutputStream:75 - [STDERR_REDIRECT] 
2026-03-29 16:52:42,630 [ERROR] LogOutputStream:75 - [STDERR_REDIRECT] [Fatal Error] :1:1: Premature end of file.
2026-03-29 16:52:42,630 [ERROR] LogOutputStream:75 - [STDERR_REDIRECT] 
2026-03-29 16:52:43,626 [ERROR] LogOutputStream:75 - [STDERR_REDIRECT] [Fatal Error] :1:1: Premature end of file.
2026-03-29 16:52:43,626 [ERROR] LogOutputStream:75 - [STDERR_REDIRECT] 
2026-03-29 16:52:44,626 [ERROR] LogOutputStream:75 - [STDERR_REDIRECT] [Fatal Error] :1:1: Premature end of file.
2026-03-29 16:52:44,626 [ERROR] LogOutputStream:75 - [STDERR_REDIRECT] 
2026-03-29 16:52:45,627 [ERROR] LogOutputStream:75 - [STDERR_REDIRECT] [Fatal Error] :1:1: Premature end of file.
2026-03-29 16:52:45,627 [ERROR] LogOutputStream:75 - [STDERR_REDIRECT] 
2026-03-29 16:52:46,630 [ERROR] LogOutputStream:75 - [STDERR_REDIRECT] [Fatal Error] :1:1: Premature end of file.
2026-03-29 16:52:46,631 [ERROR] LogOutputStream:75 - [STDERR_REDIRECT] 
2026-03-29 16:52:47,625 [ERROR] LogOutputStream:75 - [STDERR_REDIRECT] [Fatal Error] :1:1: Premature end of file.
2026-03-29 16:52:47,625 [ERROR] LogOutputStream:75 - [STDERR_REDIRECT] 
2026-03-29 16:52:48,628 [ERROR] LogOutputStream:75 - [STDERR_REDIRECT] [Fatal Error] :1:1: Premature end of file.
2026-03-29 16:52:48,628 [ERROR] LogOutputStream:75 - [STDERR_REDIRECT] 
2026-03-29 16:52:49,627 [ERROR] LogOutputStream:75 - [STDERR_REDIRECT] [Fatal Error] :1:1: Premature end of file.
2026-03-29 16:52:49,627 [ERROR] LogOutputStream:75 - [STDERR_REDIRECT] 
2026-03-29 16:52:50,636 [ERROR] LogOutputStream:75 - [STDERR_REDIRECT] [Fatal Error] :1:1: Premature end of file.
2026-03-29 16:52:50,636 [ERROR] LogOutputStream:75 - [STDERR_REDIRECT] 
2026-03-29 16:52:51,626 [ERROR] LogOutputStream:75 - [STDERR_REDIRECT] [Fatal Error] :1:1: Premature end of file.
2026-03-29 16:52:51,628 [ERROR] LogOutputStream:75 - [STDERR_REDIRECT] 
2026-03-29 16:52:52,625 [ERROR] LogOutputStream:75 - [STDERR_REDIRECT] [Fatal Error] :1:1: Premature end of file.
2026-03-29 16:52:52,625 [ERROR] LogOutputStream:75 - [STDERR_REDIRECT] 
2026-03-29 16:52:53,629 [ERROR] LogOutputStream:75 - [STDERR_REDIRECT] [Fatal Error] :1:1: Premature end of file.
2026-03-29 16:52:53,629 [ERROR] LogOutputStream:75 - [STDERR_REDIRECT] 
2026-03-29 16:52:54,627 [ERROR] LogOutputStream:75 - [STDERR_REDIRECT] [Fatal Error] :1:1: Premature end of file.
2026-03-29 16:52:54,627 [ERROR] LogOutputStream:75 - [STDERR_REDIRECT] 
2026-03-29 16:52:55,626 [ERROR] LogOutputStream:75 - [STDERR_REDIRECT] [Fatal Error] :1:1: Premature end of file.
2026-03-29 16:52:55,626 [ERROR] LogOutputStream:75 - [STDERR_REDIRECT] 
2026-03-29 16:52:56,627 [ERROR] LogOutputStream:75 - [STDERR_REDIRECT] [Fatal Error] :1:1: Premature end of file.
2026-03-29 16:52:56,627 [ERROR] LogOutputStream:75 - [STDERR_REDIRECT] 
2026-03-29 16:52:57,626 [ERROR] LogOutputStream:75 - [STDERR_REDIRECT] [Fatal Error] :1:1: Premature end of file.
2026-03-29 16:52:57,626 [ERROR] LogOutputStream:75 - [STDERR_REDIRECT] 
2026-03-29 16:52:58,630 [ERROR] LogOutputStream:75 - [STDERR_REDIRECT] [Fatal Error] :1:1: Premature end of file.
2026-03-29 16:52:58,630 [ERROR] LogOutputStream:75 - [STDERR_REDIRECT] 
2026-03-29 16:52:59,633 [ERROR] LogOutputStream:75 - [STDERR_REDIRECT] [Fatal Error] :1:1: Premature end of file.
2026-03-29 16:52:59,633 [ERROR] LogOutputStream:75 - [STDERR_REDIRECT] 
2026-03-29 16:53:00,627 [ERROR] LogOutputStream:75 - [STDERR_REDIRECT] [Fatal Error] :1:1: Premature end of file.
2026-03-29 16:53:00,627 [ERROR] LogOutputStream:75 - [STDERR_REDIRECT] 
2026-03-29 16:53:01,627 [ERROR] LogOutputStream:75 - [STDERR_REDIRECT] [Fatal Error] :1:1: Premature end of file.
2026-03-29 16:53:01,627 [ERROR] LogOutputStream:75 - [STDERR_REDIRECT] 
2026-03-29 16:53:02,625 [ERROR] LogOutputStream:75 - [STDERR_REDIRECT] [Fatal Error] :1:1: Premature end of file.
2026-03-29 16:53:02,625 [ERROR] LogOutputStream:75 - [STDERR_REDIRECT] 
2026-03-29 16:53:03,627 [ERROR] LogOutputStream:75 - [STDERR_REDIRECT] [Fatal Error] :1:1: Premature end of file.
2026-03-29 16:53:03,627 [ERROR] LogOutputStream:75 - [STDERR_REDIRECT] 
2026-03-29 16:53:04,626 [ERROR] LogOutputStream:75 - [STDERR_REDIRECT] [Fatal Error] :1:1: Premature end of file.
2026-03-29 16:53:04,626 [ERROR] LogOutputStream:75 - [STDERR_REDIRECT] 
2026-03-29 16:53:05,627 [ERROR] LogOutputStream:75 - [STDERR_REDIRECT] [Fatal Error] :1:1: Premature end of file.
2026-03-29 16:53:05,627 [ERROR] LogOutputStream:75 - [STDERR_REDIRECT] 
2026-03-29 16:53:06,627 [ERROR] LogOutputStream:75 - [STDERR_REDIRECT] [Fatal Error] :1:1: Premature end of file.
2026-03-29 16:53:06,628 [ERROR] LogOutputStream:75 - [STDERR_REDIRECT] 
2026-03-29 16:53:07,627 [ERROR] LogOutputStream:75 - [STDERR_REDIRECT] [Fatal Error] :1:1: Premature end of file.
2026-03-29 16:53:07,627 [ERROR] LogOutputStream:75 - [STDERR_REDIRECT] 
2026-03-29 16:53:08,632 [ERROR] LogOutputStream:75 - [STDERR_REDIRECT] [Fatal Error] :1:1: Premature end of file.
2026-03-29 16:53:08,633 [ERROR] LogOutputStream:75 - [STDERR_REDIRECT] 
2026-03-29 16:53:09,626 [ERROR] LogOutputStream:75 - [STDERR_REDIRECT] [Fatal Error] :1:1: Premature end of file.
2026-03-29 16:53:09,626 [ERROR] LogOutputStream:75 - [STDERR_REDIRECT] 
2026-03-29 16:53:10,625 [ERROR] LogOutputStream:75 - [STDERR_REDIRECT] [Fatal Error] :1:1: Premature end of file.
2026-03-29 16:53:10,625 [ERROR] LogOutputStream:75 - [STDERR_REDIRECT] 
2026-03-29 16:53:11,628 [ERROR] LogOutputStream:75 - [STDERR_REDIRECT] [Fatal Error] :1:1: Premature end of file.
2026-03-29 16:53:11,628 [ERROR] LogOutputStream:75 - [STDERR_REDIRECT] 
2026-03-29 16:53:12,627 [ERROR] LogOutputStream:75 - [STDERR_REDIRECT] [Fatal Error] :1:1: Premature end of file.
2026-03-29 16:53:12,627 [ERROR] LogOutputStream:75 - [STDERR_REDIRECT] 
2026-03-29 16:53:13,634 [ERROR] LogOutputStream:75 - [STDERR_REDIRECT] [Fatal Error] :1:1: Premature end of file.
2026-03-29 16:53:13,634 [ERROR] LogOutputStream:75 - [STDERR_REDIRECT] 
2026-03-29 16:53:14,628 [ERROR] LogOutputStream:75 - [STDERR_REDIRECT] [Fatal Error] :1:1: Premature end of file.
2026-03-29 16:53:14,628 [ERROR] LogOutputStream:75 - [STDERR_REDIRECT] 
2026-03-29 16:53:15,625 [ERROR] LogOutputStream:75 - [STDERR_REDIRECT] [Fatal Error] :1:1: Premature end of file.
2026-03-29 16:53:15,625 [ERROR] LogOutputStream:75 - [STDERR_REDIRECT] 
2026-03-29 16:53:16,626 [ERROR] LogOutputStream:75 - [STDERR_REDIRECT] [Fatal Error] :1:1: Premature end of file.
2026-03-29 16:53:16,626 [ERROR] LogOutputStream:75 - [STDERR_REDIRECT] 
2026-03-29 16:53:17,626 [ERROR] LogOutputStream:75 - [STDERR_REDIRECT] [Fatal Error] :1:1: Premature end of file.
2026-03-29 16:53:17,626 [ERROR] LogOutputStream:75 - [STDERR_REDIRECT] 
2026-03-29 16:53:18,630 [ERROR] LogOutputStream:75 - [STDERR_REDIRECT] [Fatal Error] :1:1: Premature end of file.
2026-03-29 16:53:18,630 [ERROR] LogOutputStream:75 - [STDERR_REDIRECT] 
2026-03-29 16:53:19,627 [ERROR] LogOutputStream:75 - [STDERR_REDIRECT] [Fatal Error] :1:1: Premature end of file.
2026-03-29 16:53:19,627 [ERROR] LogOutputStream:75 - [STDERR_REDIRECT] 
2026-03-29 16:53:20,627 [ERROR] LogOutputStream:75 - [STDERR_REDIRECT] [Fatal Error] :1:1: Premature end of file.
2026-03-29 16:53:20,627 [ERROR] LogOutputStream:75 - [STDERR_REDIRECT] 
2026-03-29 16:53:21,631 [ERROR] LogOutputStream:75 - [STDERR_REDIRECT] [Fatal Error] :1:1: Premature end of file.
2026-03-29 16:53:21,632 [ERROR] LogOutputStream:75 - [STDERR_REDIRECT] 
2026-03-29 16:53:22,624 [ERROR] LogOutputStream:75 - [STDERR_REDIRECT] [Fatal Error] :1:1: Premature end of file.
2026-03-29 16:53:22,625 [ERROR] LogOutputStream:75 - [STDERR_REDIRECT] 
2026-03-29 16:53:23,633 [ERROR] LogOutputStream:75 - [STDERR_REDIRECT] [Fatal Error] :1:1: Premature end of file.
2026-03-29 16:53:23,633 [ERROR] LogOutputStream:75 - [STDERR_REDIRECT] 
2026-03-29 16:53:24,631 [ERROR] LogOutputStream:75 - [STDERR_REDIRECT] [Fatal Error] :1:1: Premature end of file.
2026-03-29 16:53:24,631 [ERROR] LogOutputStream:75 - [STDERR_REDIRECT] 
2026-03-29 16:53:25,629 [ERROR] LogOutputStream:75 - [STDERR_REDIRECT] [Fatal Error] :1:1: Premature end of file.
2026-03-29 16:53:25,629 [ERROR] LogOutputStream:75 - [STDERR_REDIRECT] 
2026-03-29 16:53:26,629 [ERROR] LogOutputStream:75 - [STDERR_REDIRECT] [Fatal Error] :1:1: Premature end of file.
2026-03-29 16:53:26,629 [ERROR] LogOutputStream:75 - [STDERR_REDIRECT] 
2026-03-29 16:53:27,635 [ERROR] LogOutputStream:75 - [STDERR_REDIRECT] [Fatal Error] :1:1: Premature end of file.
2026-03-29 16:53:27,635 [ERROR] LogOutputStream:75 - [STDERR_REDIRECT] 
2026-03-29 16:53:28,633 [ERROR] LogOutputStream:75 - [STDERR_REDIRECT] [Fatal Error] :1:1: Premature end of file.
2026-03-29 16:53:28,633 [ERROR] LogOutputStream:75 - [STDERR_REDIRECT] 
2026-03-29 16:53:29,628 [ERROR] LogOutputStream:75 - [STDERR_REDIRECT] [Fatal Error] :1:1: Premature end of file.
2026-03-29 16:53:29,628 [ERROR] LogOutputStream:75 - [STDERR_REDIRECT] 
2026-03-29 16:53:30,628 [ERROR] LogOutputStream:75 - [STDERR_REDIRECT] [Fatal Error] :1:1: Premature end of file.
2026-03-29 16:53:30,628 [ERROR] LogOutputStream:75 - [STDERR_REDIRECT] 
2026-03-29 16:53:31,625 [ERROR] LogOutputStream:75 - [STDERR_REDIRECT] [Fatal Error] :1:1: Premature end of file.
2026-03-29 16:53:31,625 [ERROR] LogOutputStream:75 - [STDERR_REDIRECT] 
2026-03-29 16:53:32,633 [ERROR] LogOutputStream:75 - [STDERR_REDIRECT] [Fatal Error] :1:1: Premature end of file.
2026-03-29 16:53:32,633 [ERROR] LogOutputStream:75 - [STDERR_REDIRECT] 
2026-03-29 16:53:33,629 [ERROR] LogOutputStream:75 - [STDERR_REDIRECT] [Fatal Error] :1:1: Premature end of file.
2026-03-29 16:53:33,629 [ERROR] LogOutputStream:75 - [STDERR_REDIRECT] 
2026-03-29 16:53:34,629 [ERROR] LogOutputStream:75 - [STDERR_REDIRECT] [Fatal Error] :1:1: Premature end of file.
2026-03-29 16:53:34,629 [ERROR] LogOutputStream:75 - [STDERR_REDIRECT] 
2026-03-29 16:53:35,628 [ERROR] LogOutputStream:75 - [STDERR_REDIRECT] [Fatal Error] :1:1: Premature end of file.
2026-03-29 16:53:35,629 [ERROR] LogOutputStream:75 - [STDERR_REDIRECT] 
2026-03-29 16:53:36,627 [ERROR] LogOutputStream:75 - [STDERR_REDIRECT] [Fatal Error] :1:1: Premature end of file.
2026-03-29 16:53:36,627 [ERROR] LogOutputStream:75 - [STDERR_REDIRECT] 
2026-03-29 16:53:37,626 [ERROR] LogOutputStream:75 - [STDERR_REDIRECT] [Fatal Error] :1:1: Premature end of file.
2026-03-29 16:53:37,626 [ERROR] LogOutputStream:75 - [STDERR_REDIRECT] 
2026-03-29 16:53:38,628 [ERROR] LogOutputStream:75 - [STDERR_REDIRECT] [Fatal Error] :1:1: Premature end of file.
2026-03-29 16:53:38,629 [ERROR] LogOutputStream:75 - [STDERR_REDIRECT] 
2026-03-29 16:53:39,636 [ERROR] LogOutputStream:75 - [STDERR_REDIRECT] [Fatal Error] :1:1: Premature end of file.
2026-03-29 16:53:39,636 [ERROR] LogOutputStream:75 - [STDERR_REDIRECT] 
2026-03-29 16:53:40,634 [ERROR] LogOutputStream:75 - [STDERR_REDIRECT] [Fatal Error] :1:1: Premature end of file.
2026-03-29 16:53:40,634 [ERROR] LogOutputStream:75 - [STDERR_REDIRECT] 
2026-03-29 16:53:41,626 [ERROR] LogOutputStream:75 - [STDERR_REDIRECT] [Fatal Error] :1:1: Premature end of file.
2026-03-29 16:53:41,626 [ERROR] LogOutputStream:75 - [STDERR_REDIRECT] 
2026-03-29 16:53:42,634 [ERROR] LogOutputStream:75 - [STDERR_REDIRECT] [Fatal Error] :1:1: Premature end of file.
2026-03-29 16:53:42,634 [ERROR] LogOutputStream:75 - [STDERR_REDIRECT] 
2026-03-29 16:53:43,627 [ERROR] LogOutputStream:75 - [STDERR_REDIRECT] [Fatal Error] :1:1: Premature end of file.
2026-03-29 16:53:43,627 [ERROR] LogOutputStream:75 - [STDERR_REDIRECT] 
2026-03-29 16:53:44,637 [ERROR] LogOutputStream:75 - [STDERR_REDIRECT] [Fatal Error] :1:1: Premature end of file.
2026-03-29 16:53:44,637 [ERROR] LogOutputStream:75 - [STDERR_REDIRECT] 
2026-03-29 16:53:45,626 [ERROR] LogOutputStream:75 - [STDERR_REDIRECT] [Fatal Error] :1:1: Premature end of file.
2026-03-29 16:53:45,626 [ERROR] LogOutputStream:75 - [STDERR_REDIRECT] 
2026-03-29 16:53:46,630 [ERROR] LogOutputStream:75 - [STDERR_REDIRECT] [Fatal Error] :1:1: Premature end of file.
2026-03-29 16:53:46,630 [ERROR] LogOutputStream:75 - [STDERR_REDIRECT] 
2026-03-29 16:53:47,630 [ERROR] LogOutputStream:75 - [STDERR_REDIRECT] [Fatal Error] :1:1: Premature end of file.
2026-03-29 16:53:47,630 [ERROR] LogOutputStream:75 - [STDERR_REDIRECT] 
2026-03-29 16:53:48,630 [ERROR] LogOutputStream:75 - [STDERR_REDIRECT] [Fatal Error] :1:1: Premature end of file.
2026-03-29 16:53:48,631 [ERROR] LogOutputStream:75 - [STDERR_REDIRECT] 
2026-03-29 16:53:49,645 [ERROR] LogOutputStream:75 - [STDERR_REDIRECT] [Fatal Error] :1:1: Premature end of file.
2026-03-29 16:53:49,647 [ERROR] LogOutputStream:75 - [STDERR_REDIRECT] 
2026-03-29 16:53:50,630 [ERROR] LogOutputStream:75 - [STDERR_REDIRECT] [Fatal Error] :1:1: Premature end of file.
2026-03-29 16:53:50,631 [ERROR] LogOutputStream:75 - [STDERR_REDIRECT] 
2026-03-29 16:53:51,629 [ERROR] LogOutputStream:75 - [STDERR_REDIRECT] [Fatal Error] :1:1: Premature end of file.
2026-03-29 16:53:51,629 [ERROR] LogOutputStream:75 - [STDERR_REDIRECT] 
2026-03-29 16:53:52,630 [ERROR] LogOutputStream:75 - [STDERR_REDIRECT] [Fatal Error] :1:1: Premature end of file.
2026-03-29 16:53:52,630 [ERROR] LogOutputStream:75 - [STDERR_REDIRECT] 
2026-03-29 16:53:53,633 [ERROR] LogOutputStream:75 - [STDERR_REDIRECT] [Fatal Error] :1:1: Premature end of file.
2026-03-29 16:53:53,633 [ERROR] LogOutputStream:75 - [STDERR_REDIRECT] 
2026-03-29 16:53:54,634 [ERROR] LogOutputStream:75 - [STDERR_REDIRECT] [Fatal Error] :1:1: Premature end of file.
2026-03-29 16:53:54,634 [ERROR] LogOutputStream:75 - [STDERR_REDIRECT] 
2026-03-29 16:53:55,630 [ERROR] LogOutputStream:75 - [STDERR_REDIRECT] [Fatal Error] :1:1: Premature end of file.
2026-03-29 16:53:55,630 [ERROR] LogOutputStream:75 - [STDERR_REDIRECT] 
2026-03-29 16:53:56,629 [ERROR] LogOutputStream:75 - [STDERR_REDIRECT] [Fatal Error] :1:1: Premature end of file.
2026-03-29 16:53:56,629 [ERROR] LogOutputStream:75 - [STDERR_REDIRECT] 
2026-03-29 16:53:57,629 [ERROR] LogOutputStream:75 - [STDERR_REDIRECT] [Fatal Error] :1:1: Premature end of file.
2026-03-29 16:53:57,629 [ERROR] LogOutputStream:75 - [STDERR_REDIRECT] 
2026-03-29 16:53:58,652 [ERROR] LogOutputStream:75 - [STDERR_REDIRECT] [Fatal Error] :1:1: Premature end of file.
2026-03-29 16:53:58,652 [ERROR] LogOutputStream:75 - [STDERR_REDIRECT] 
2026-03-29 16:53:59,631 [ERROR] LogOutputStream:75 - [STDERR_REDIRECT] [Fatal Error] :1:1: Premature end of file.
2026-03-29 16:53:59,632 [ERROR] LogOutputStream:75 - [STDERR_REDIRECT] 
2026-03-29 16:54:00,628 [ERROR] LogOutputStream:75 - [STDERR_REDIRECT] [Fatal Error] :1:1: Premature end of file.
2026-03-29 16:54:00,628 [ERROR] LogOutputStream:75 - [STDERR_REDIRECT] 
2026-03-29 16:54:01,635 [ERROR] LogOutputStream:75 - [STDERR_REDIRECT] [Fatal Error] :1:1: Premature end of file.
2026-03-29 16:54:01,635 [ERROR] LogOutputStream:75 - [STDERR_REDIRECT] 
2026-03-29 16:54:02,627 [ERROR] LogOutputStream:75 - [STDERR_REDIRECT] [Fatal Error] :1:1: Premature end of file.
2026-03-29 16:54:02,627 [ERROR] LogOutputStream:75 - [STDERR_REDIRECT] 
2026-03-29 16:54:03,632 [ERROR] LogOutputStream:75 - [STDERR_REDIRECT] [Fatal Error] :1:1: Premature end of file.
2026-03-29 16:54:03,632 [ERROR] LogOutputStream:75 - [STDERR_REDIRECT] 
2026-03-29 16:54:04,637 [ERROR] LogOutputStream:75 - [STDERR_REDIRECT] [Fatal Error] :1:1: Premature end of file.
2026-03-29 16:54:04,637 [ERROR] LogOutputStream:75 - [STDERR_REDIRECT] 
2026-03-29 16:54:05,635 [ERROR] LogOutputStream:75 - [STDERR_REDIRECT] [Fatal Error] :1:1: Premature end of file.
2026-03-29 16:54:05,635 [ERROR] LogOutputStream:75 - [STDERR_REDIRECT] 
2026-03-29 16:54:06,635 [ERROR] LogOutputStream:75 - [STDERR_REDIRECT] [Fatal Error] :1:1: Premature end of file.
2026-03-29 16:54:06,635 [ERROR] LogOutputStream:75 - [STDERR_REDIRECT] 
2026-03-29 16:54:07,629 [ERROR] LogOutputStream:75 - [STDERR_REDIRECT] [Fatal Error] :1:1: Premature end of file.
2026-03-29 16:54:07,629 [ERROR] LogOutputStream:75 - [STDERR_REDIRECT] 
2026-03-29 16:54:08,630 [ERROR] LogOutputStream:75 - [STDERR_REDIRECT] [Fatal Error] :1:1: Premature end of file.
2026-03-29 16:54:08,631 [ERROR] LogOutputStream:75 - [STDERR_REDIRECT] 
2026-03-29 16:54:09,629 [ERROR] LogOutputStream:75 - [STDERR_REDIRECT] [Fatal Error] :1:1: Premature end of file.
2026-03-29 16:54:09,629 [ERROR] LogOutputStream:75 - [STDERR_REDIRECT] 
2026-03-29 16:54:10,631 [ERROR] LogOutputStream:75 - [STDERR_REDIRECT] [Fatal Error] :1:1: Premature end of file.
2026-03-29 16:54:10,631 [ERROR] LogOutputStream:75 - [STDERR_REDIRECT] 
2026-03-29 16:54:11,627 [ERROR] LogOutputStream:75 - [STDERR_REDIRECT] [Fatal Error] :1:1: Premature end of file.
2026-03-29 16:54:11,627 [ERROR] LogOutputStream:75 - [STDERR_REDIRECT] 
2026-03-29 16:54:12,631 [ERROR] LogOutputStream:75 - [STDERR_REDIRECT] [Fatal Error] :1:1: Premature end of file.
2026-03-29 16:54:12,631 [ERROR] LogOutputStream:75 - [STDERR_REDIRECT] 
2026-03-29 16:54:13,627 [ERROR] LogOutputStream:75 - [STDERR_REDIRECT] [Fatal Error] :1:1: Premature end of file.
2026-03-29 16:54:13,627 [ERROR] LogOutputStream:75 - [STDERR_REDIRECT] 
2026-03-29 16:54:14,634 [ERROR] LogOutputStream:75 - [STDERR_REDIRECT] [Fatal Error] :1:1: Premature end of file.
2026-03-29 16:54:14,634 [ERROR] LogOutputStream:75 - [STDERR_REDIRECT] 
2026-03-29 16:54:15,629 [ERROR] LogOutputStream:75 - [STDERR_REDIRECT] [Fatal Error] :1:1: Premature end of file.
2026-03-29 16:54:15,629 [ERROR] LogOutputStream:75 - [STDERR_REDIRECT] 
2026-03-29 16:54:16,706 [ERROR] LogOutputStream:75 - [STDERR_REDIRECT] [Fatal Error] :1:1: Premature end of file.
2026-03-29 16:54:16,706 [ERROR] LogOutputStream:75 - [STDERR_REDIRECT] 
2026-03-29 16:54:17,630 [ERROR] LogOutputStream:75 - [STDERR_REDIRECT] [Fatal Error] :1:1: Premature end of file.
2026-03-29 16:54:17,630 [ERROR] LogOutputStream:75 - [STDERR_REDIRECT] 
2026-03-29 16:54:18,633 [ERROR] LogOutputStream:75 - [STDERR_REDIRECT] [Fatal Error] :1:1: Premature end of file.
2026-03-29 16:54:18,633 [ERROR] LogOutputStream:75 - [STDERR_REDIRECT] 
2026-03-29 16:54:19,634 [ERROR] LogOutputStream:75 - [STDERR_REDIRECT] [Fatal Error] :1:1: Premature end of file.
2026-03-29 16:54:19,634 [ERROR] LogOutputStream:75 - [STDERR_REDIRECT] 
2026-03-29 16:54:20,629 [ERROR] LogOutputStream:75 - [STDERR_REDIRECT] [Fatal Error] :1:1: Premature end of file.
2026-03-29 16:54:20,629 [ERROR] LogOutputStream:75 - [STDERR_REDIRECT] 
2026-03-29 16:54:21,629 [ERROR] LogOutputStream:75 - [STDERR_REDIRECT] [Fatal Error] :1:1: Premature end of file.
2026-03-29 16:54:21,629 [ERROR] LogOutputStream:75 - [STDERR_REDIRECT] 
2026-03-29 16:54:22,630 [ERROR] LogOutputStream:75 - [STDERR_REDIRECT] [Fatal Error] :1:1: Premature end of file.
2026-03-29 16:54:22,630 [ERROR] LogOutputStream:75 - [STDERR_REDIRECT] 
2026-03-29 16:54:23,625 [ERROR] LogOutputStream:75 - [STDERR_REDIRECT] [Fatal Error] :1:1: Premature end of file.
2026-03-29 16:54:23,626 [ERROR] LogOutputStream:75 - [STDERR_REDIRECT] 
2026-03-29 16:54:24,627 [ERROR] LogOutputStream:75 - [STDERR_REDIRECT] [Fatal Error] :1:1: Premature end of file.
2026-03-29 16:54:24,627 [ERROR] LogOutputStream:75 - [STDERR_REDIRECT] 
2026-03-29 16:54:25,750 [ERROR] LogOutputStream:75 - [STDERR_REDIRECT] [Fatal Error] :1:1: Premature end of file.
2026-03-29 16:54:25,751 [ERROR] LogOutputStream:75 - [STDERR_REDIRECT] 
2026-03-29 16:54:26,639 [ERROR] LogOutputStream:75 - [STDERR_REDIRECT] [Fatal Error] :1:1: Premature end of file.
2026-03-29 16:54:26,639 [ERROR] LogOutputStream:75 - [STDERR_REDIRECT] 
2026-03-29 16:54:27,633 [ERROR] LogOutputStream:75 - [STDERR_REDIRECT] [Fatal Error] :1:1: Premature end of file.
2026-03-29 16:54:27,633 [ERROR] LogOutputStream:75 - [STDERR_REDIRECT] 
2026-03-29 16:54:28,627 [ERROR] LogOutputStream:75 - [STDERR_REDIRECT] [Fatal Error] :1:1: Premature end of file.
2026-03-29 16:54:28,627 [ERROR] LogOutputStream:75 - [STDERR_REDIRECT] 
2026-03-29 16:54:29,624 [ERROR] LogOutputStream:75 - [STDERR_REDIRECT] [Fatal Error] :1:1: Premature end of file.
2026-03-29 16:54:29,624 [ERROR] LogOutputStream:75 - [STDERR_REDIRECT] 
2026-03-29 16:54:30,632 [ERROR] LogOutputStream:75 - [STDERR_REDIRECT] [Fatal Error] :1:1: Premature end of file.
2026-03-29 16:54:30,632 [ERROR] LogOutputStream:75 - [STDERR_REDIRECT] 
2026-03-29 16:54:31,627 [ERROR] LogOutputStream:75 - [STDERR_REDIRECT] [Fatal Error] :1:1: Premature end of file.
2026-03-29 16:54:31,627 [ERROR] LogOutputStream:75 - [STDERR_REDIRECT] 
2026-03-29 16:54:32,626 [ERROR] LogOutputStream:75 - [STDERR_REDIRECT] [Fatal Error] :1:1: Premature end of file.
2026-03-29 16:54:32,626 [ERROR] LogOutputStream:75 - [STDERR_REDIRECT] 
2026-03-29 16:54:33,627 [ERROR] LogOutputStream:75 - [STDERR_REDIRECT] [Fatal Error] :1:1: Premature end of file.
2026-03-29 16:54:33,627 [ERROR] LogOutputStream:75 - [STDERR_REDIRECT] 
2026-03-29 16:54:34,635 [ERROR] LogOutputStream:75 - [STDERR_REDIRECT] [Fatal Error] :1:1: Premature end of file.
2026-03-29 16:54:34,635 [ERROR] LogOutputStream:75 - [STDERR_REDIRECT] 
2026-03-29 16:54:35,627 [ERROR] LogOutputStream:75 - [STDERR_REDIRECT] [Fatal Error] :1:1: Premature end of file.
2026-03-29 16:54:35,627 [ERROR] LogOutputStream:75 - [STDERR_REDIRECT] 
2026-03-29 16:54:36,631 [ERROR] LogOutputStream:75 - [STDERR_REDIRECT] [Fatal Error] :1:1: Premature end of file.
2026-03-29 16:54:36,632 [ERROR] LogOutputStream:75 - [STDERR_REDIRECT] 
2026-03-29 16:54:37,626 [ERROR] LogOutputStream:75 - [STDERR_REDIRECT] [Fatal Error] :1:1: Premature end of file.
2026-03-29 16:54:37,626 [ERROR] LogOutputStream:75 - [STDERR_REDIRECT] 
2026-03-29 16:54:38,639 [ERROR] LogOutputStream:75 - [STDERR_REDIRECT] [Fatal Error] :1:1: Premature end of file.
2026-03-29 16:54:38,639 [ERROR] LogOutputStream:75 - [STDERR_REDIRECT] 
2026-03-29 16:54:39,629 [ERROR] LogOutputStream:75 - [STDERR_REDIRECT] [Fatal Error] :1:1: Premature end of file.
2026-03-29 16:54:39,629 [ERROR] LogOutputStream:75 - [STDERR_REDIRECT] 
2026-03-29 16:54:40,640 [ERROR] LogOutputStream:75 - [STDERR_REDIRECT] [Fatal Error] :1:1: Premature end of file.
2026-03-29 16:54:40,640 [ERROR] LogOutputStream:75 - [STDERR_REDIRECT] 
2026-03-29 16:54:41,626 [ERROR] LogOutputStream:75 - [STDERR_REDIRECT] [Fatal Error] :1:1: Premature end of file.
2026-03-29 16:54:41,626 [ERROR] LogOutputStream:75 - [STDERR_REDIRECT] 
2026-03-29 16:54:42,626 [ERROR] LogOutputStream:75 - [STDERR_REDIRECT] [Fatal Error] :1:1: Premature end of file.
2026-03-29 16:54:42,626 [ERROR] LogOutputStream:75 - [STDERR_REDIRECT] 
2026-03-29 16:54:43,657 [ERROR] LogOutputStream:75 - [STDERR_REDIRECT] [Fatal Error] :1:1: Premature end of file.
2026-03-29 16:54:43,658 [ERROR] LogOutputStream:75 - [STDERR_REDIRECT] 
2026-03-29 16:54:44,635 [ERROR] LogOutputStream:75 - [STDERR_REDIRECT] [Fatal Error] :1:1: Premature end of file.
2026-03-29 16:54:44,636 [ERROR] LogOutputStream:75 - [STDERR_REDIRECT] 
2026-03-29 16:54:45,627 [ERROR] LogOutputStream:75 - [STDERR_REDIRECT] [Fatal Error] :1:1: Premature end of file.
2026-03-29 16:54:45,627 [ERROR] LogOutputStream:75 - [STDERR_REDIRECT] 
2026-03-29 16:54:46,629 [ERROR] LogOutputStream:75 - [STDERR_REDIRECT] [Fatal Error] :1:1: Premature end of file.
2026-03-29 16:54:46,629 [ERROR] LogOutputStream:75 - [STDERR_REDIRECT] 
2026-03-29 16:54:47,637 [ERROR] LogOutputStream:75 - [STDERR_REDIRECT] [Fatal Error] :1:1: Premature end of file.
2026-03-29 16:54:47,638 [ERROR] LogOutputStream:75 - [STDERR_REDIRECT] 
2026-03-29 16:54:48,626 [ERROR] LogOutputStream:75 - [STDERR_REDIRECT] [Fatal Error] :1:1: Premature end of file.
2026-03-29 16:54:48,626 [ERROR] LogOutputStream:75 - [STDERR_REDIRECT] 
2026-03-29 16:54:49,625 [ERROR] LogOutputStream:75 - [STDERR_REDIRECT] [Fatal Error] :1:1: Premature end of file.
2026-03-29 16:54:49,625 [ERROR] LogOutputStream:75 - [STDERR_REDIRECT] 
2026-03-29 16:54:50,626 [ERROR] LogOutputStream:75 - [STDERR_REDIRECT] [Fatal Error] :1:1: Premature end of file.
2026-03-29 16:54:50,626 [ERROR] LogOutputStream:75 - [STDERR_REDIRECT] 
2026-03-29 16:54:51,634 [ERROR] LogOutputStream:75 - [STDERR_REDIRECT] [Fatal Error] :1:1: Premature end of file.
2026-03-29 16:54:51,634 [ERROR] LogOutputStream:75 - [STDERR_REDIRECT] 
2026-03-29 16:54:52,632 [ERROR] LogOutputStream:75 - [STDERR_REDIRECT] [Fatal Error] :1:1: Premature end of file.
2026-03-29 16:54:52,632 [ERROR] LogOutputStream:75 - [STDERR_REDIRECT] 
2026-03-29 16:54:53,627 [ERROR] LogOutputStream:75 - [STDERR_REDIRECT] [Fatal Error] :1:1: Premature end of file.
2026-03-29 16:54:53,627 [ERROR] LogOutputStream:75 - [STDERR_REDIRECT] 
2026-03-29 16:54:54,625 [ERROR] LogOutputStream:75 - [STDERR_REDIRECT] [Fatal Error] :1:1: Premature end of file.
2026-03-29 16:54:54,626 [ERROR] LogOutputStream:75 - [STDERR_REDIRECT] 
2026-03-29 16:54:55,628 [ERROR] LogOutputStream:75 - [STDERR_REDIRECT] [Fatal Error] :1:1: Premature end of file.
2026-03-29 16:54:55,628 [ERROR] LogOutputStream:75 - [STDERR_REDIRECT] 
2026-03-29 16:54:56,633 [ERROR] LogOutputStream:75 - [STDERR_REDIRECT] [Fatal Error] :1:1: Premature end of file.
2026-03-29 16:54:56,633 [ERROR] LogOutputStream:75 - [STDERR_REDIRECT] 
2026-03-29 16:54:57,628 [ERROR] LogOutputStream:75 - [STDERR_REDIRECT] [Fatal Error] :1:1: Premature end of file.
2026-03-29 16:54:57,628 [ERROR] LogOutputStream:75 - [STDERR_REDIRECT] 
2026-03-29 16:54:58,627 [ERROR] LogOutputStream:75 - [STDERR_REDIRECT] [Fatal Error] :1:1: Premature end of file.
2026-03-29 16:54:58,627 [ERROR] LogOutputStream:75 - [STDERR_REDIRECT] 
2026-03-29 16:54:59,626 [ERROR] LogOutputStream:75 - [STDERR_REDIRECT] [Fatal Error] :1:1: Premature end of file.
2026-03-29 16:54:59,626 [ERROR] LogOutputStream:75 - [STDERR_REDIRECT] 
2026-03-29 16:55:00,635 [ERROR] LogOutputStream:75 - [STDERR_REDIRECT] [Fatal Error] :1:1: Premature end of file.
2026-03-29 16:55:00,635 [ERROR] LogOutputStream:75 - [STDERR_REDIRECT] 
2026-03-29 16:55:01,894 [ERROR] LogOutputStream:75 - [STDERR_REDIRECT] [Fatal Error] :1:1: Premature end of file.
2026-03-29 16:55:01,895 [ERROR] LogOutputStream:75 - [STDERR_REDIRECT] 
2026-03-29 16:55:02,644 [ERROR] LogOutputStream:75 - [STDERR_REDIRECT] [Fatal Error] :1:1: Premature end of file.
2026-03-29 16:55:02,645 [ERROR] LogOutputStream:75 - [STDERR_REDIRECT] 
2026-03-29 16:55:03,633 [ERROR] LogOutputStream:75 - [STDERR_REDIRECT] [Fatal Error] :1:1: Premature end of file.
2026-03-29 16:55:03,633 [ERROR] LogOutputStream:75 - [STDERR_REDIRECT] 
2026-03-29 16:55:04,657 [ERROR] LogOutputStream:75 - [STDERR_REDIRECT] [Fatal Error] :1:1: Premature end of file.
2026-03-29 16:55:04,659 [ERROR] LogOutputStream:75 - [STDERR_REDIRECT] 
2026-03-29 16:55:05,641 [ERROR] LogOutputStream:75 - [STDERR_REDIRECT] [Fatal Error] :1:1: Premature end of file.
2026-03-29 16:55:05,641 [ERROR] LogOutputStream:75 - [STDERR_REDIRECT] 
2026-03-29 16:55:06,633 [ERROR] LogOutputStream:75 - [STDERR_REDIRECT] [Fatal Error] :1:1: Premature end of file.
2026-03-29 16:55:06,633 [ERROR] LogOutputStream:75 - [STDERR_REDIRECT] 
2026-03-29 16:55:07,636 [ERROR] LogOutputStream:75 - [STDERR_REDIRECT] [Fatal Error] :1:1: Premature end of file.
2026-03-29 16:55:07,636 [ERROR] LogOutputStream:75 - [STDERR_REDIRECT] 
2026-03-29 16:55:08,646 [ERROR] LogOutputStream:75 - [STDERR_REDIRECT] [Fatal Error] :1:1: Premature end of file.
2026-03-29 16:55:08,646 [ERROR] LogOutputStream:75 - [STDERR_REDIRECT] 
2026-03-29 16:55:09,627 [ERROR] LogOutputStream:75 - [STDERR_REDIRECT] [Fatal Error] :1:1: Premature end of file.
2026-03-29 16:55:09,627 [ERROR] LogOutputStream:75 - [STDERR_REDIRECT] 
2026-03-29 16:55:10,643 [ERROR] LogOutputStream:75 - [STDERR_REDIRECT] [Fatal Error] :1:1: Premature end of file.
2026-03-29 16:55:10,643 [ERROR] LogOutputStream:75 - [STDERR_REDIRECT] 
2026-03-29 16:55:11,626 [ERROR] LogOutputStream:75 - [STDERR_REDIRECT] [Fatal Error] :1:1: Premature end of file.
2026-03-29 16:55:11,626 [ERROR] LogOutputStream:75 - [STDERR_REDIRECT] 
2026-03-29 16:55:12,626 [ERROR] LogOutputStream:75 - [STDERR_REDIRECT] [Fatal Error] :1:1: Premature end of file.
2026-03-29 16:55:12,626 [ERROR] LogOutputStream:75 - [STDERR_REDIRECT] 
2026-03-29 16:55:13,626 [ERROR] LogOutputStream:75 - [STDERR_REDIRECT] [Fatal Error] :1:1: Premature end of file.
2026-03-29 16:55:13,631 [ERROR] LogOutputStream:75 - [STDERR_REDIRECT] 
2026-03-29 16:55:14,626 [ERROR] LogOutputStream:75 - [STDERR_REDIRECT] [Fatal Error] :1:1: Premature end of file.
2026-03-29 16:55:14,626 [ERROR] LogOutputStream:75 - [STDERR_REDIRECT] 
2026-03-29 16:55:15,626 [ERROR] LogOutputStream:75 - [STDERR_REDIRECT] [Fatal Error] :1:1: Premature end of file.
2026-03-29 16:55:15,626 [ERROR] LogOutputStream:75 - [STDERR_REDIRECT] 
2026-03-29 16:55:16,626 [ERROR] LogOutputStream:75 - [STDERR_REDIRECT] [Fatal Error] :1:1: Premature end of file.
2026-03-29 16:55:16,626 [ERROR] LogOutputStream:75 - [STDERR_REDIRECT] 
2026-03-29 16:55:17,631 [ERROR] LogOutputStream:75 - [STDERR_REDIRECT] [Fatal Error] :1:1: Premature end of file.
2026-03-29 16:55:17,631 [ERROR] LogOutputStream:75 - [STDERR_REDIRECT] 
2026-03-29 16:55:18,626 [ERROR] LogOutputStream:75 - [STDERR_REDIRECT] [Fatal Error] :1:1: Premature end of file.
2026-03-29 16:55:18,626 [ERROR] LogOutputStream:75 - [STDERR_REDIRECT] 
2026-03-29 16:55:19,626 [ERROR] LogOutputStream:75 - [STDERR_REDIRECT] [Fatal Error] :1:1: Premature end of file.
2026-03-29 16:55:19,626 [ERROR] LogOutputStream:75 - [STDERR_REDIRECT] 
2026-03-29 16:55:20,626 [ERROR] LogOutputStream:75 - [STDERR_REDIRECT] [Fatal Error] :1:1: Premature end of file.
2026-03-29 16:55:20,626 [ERROR] LogOutputStream:75 - [STDERR_REDIRECT] 
2026-03-29 16:55:21,631 [ERROR] LogOutputStream:75 - [STDERR_REDIRECT] [Fatal Error] :1:1: Premature end of file.
2026-03-29 16:55:21,631 [ERROR] LogOutputStream:75 - [STDERR_REDIRECT] 
2026-03-29 16:55:22,632 [ERROR] LogOutputStream:75 - [STDERR_REDIRECT] [Fatal Error] :1:1: Premature end of file.
2026-03-29 16:55:22,633 [ERROR] LogOutputStream:75 - [STDERR_REDIRECT] 
2026-03-29 16:55:23,626 [ERROR] LogOutputStream:75 - [STDERR_REDIRECT] [Fatal Error] :1:1: Premature end of file.
2026-03-29 16:55:23,626 [ERROR] LogOutputStream:75 - [STDERR_REDIRECT] 
2026-03-29 16:55:24,626 [ERROR] LogOutputStream:75 - [STDERR_REDIRECT] [Fatal Error] :1:1: Premature end of file.
2026-03-29 16:55:24,626 [ERROR] LogOutputStream:75 - [STDERR_REDIRECT] 
2026-03-29 16:55:25,648 [ERROR] LogOutputStream:75 - [STDERR_REDIRECT] [Fatal Error] :1:1: Premature end of file.
2026-03-29 16:55:25,648 [ERROR] LogOutputStream:75 - [STDERR_REDIRECT] 
2026-03-29 16:55:26,636 [ERROR] LogOutputStream:75 - [STDERR_REDIRECT] [Fatal Error] :1:1: Premature end of file.
2026-03-29 16:55:26,637 [ERROR] LogOutputStream:75 - [STDERR_REDIRECT] 
2026-03-29 16:55:27,626 [ERROR] LogOutputStream:75 - [STDERR_REDIRECT] [Fatal Error] :1:1: Premature end of file.
2026-03-29 16:55:27,626 [ERROR] LogOutputStream:75 - [STDERR_REDIRECT] 
2026-03-29 16:55:28,639 [ERROR] LogOutputStream:75 - [STDERR_REDIRECT] [Fatal Error] :1:1: Premature end of file.
2026-03-29 16:55:28,639 [ERROR] LogOutputStream:75 - [STDERR_REDIRECT] 
2026-03-29 16:55:29,634 [ERROR] LogOutputStream:75 - [STDERR_REDIRECT] [Fatal Error] :1:1: Premature end of file.
2026-03-29 16:55:29,634 [ERROR] LogOutputStream:75 - [STDERR_REDIRECT] 
2026-03-29 16:55:30,634 [ERROR] LogOutputStream:75 - [STDERR_REDIRECT] [Fatal Error] :1:1: Premature end of file.
2026-03-29 16:55:30,634 [ERROR] LogOutputStream:75 - [STDERR_REDIRECT] 
2026-03-29 16:55:31,626 [ERROR] LogOutputStream:75 - [STDERR_REDIRECT] [Fatal Error] :1:1: Premature end of file.
2026-03-29 16:55:31,626 [ERROR] LogOutputStream:75 - [STDERR_REDIRECT] 
2026-03-29 16:55:32,626 [ERROR] LogOutputStream:75 - [STDERR_REDIRECT] [Fatal Error] :1:1: Premature end of file.
2026-03-29 16:55:32,626 [ERROR] LogOutputStream:75 - [STDERR_REDIRECT] 
2026-03-29 16:55:33,640 [ERROR] LogOutputStream:75 - [STDERR_REDIRECT] [Fatal Error] :1:1: Premature end of file.
2026-03-29 16:55:33,640 [ERROR] LogOutputStream:75 - [STDERR_REDIRECT] 
2026-03-29 16:55:34,633 [ERROR] LogOutputStream:75 - [STDERR_REDIRECT] [Fatal Error] :1:1: Premature end of file.
2026-03-29 16:55:34,633 [ERROR] LogOutputStream:75 - [STDERR_REDIRECT] 
2026-03-29 16:55:35,628 [ERROR] LogOutputStream:75 - [STDERR_REDIRECT] [Fatal Error] :1:1: Premature end of file.
2026-03-29 16:55:35,628 [ERROR] LogOutputStream:75 - [STDERR_REDIRECT] 
2026-03-29 16:55:36,627 [ERROR] LogOutputStream:75 - [STDERR_REDIRECT] [Fatal Error] :1:1: Premature end of file.
2026-03-29 16:55:36,627 [ERROR] LogOutputStream:75 - [STDERR_REDIRECT] 
2026-03-29 16:55:37,631 [ERROR] LogOutputStream:75 - [STDERR_REDIRECT] [Fatal Error] :1:1: Premature end of file.
2026-03-29 16:55:37,636 [ERROR] LogOutputStream:75 - [STDERR_REDIRECT] 
2026-03-29 16:55:38,625 [ERROR] LogOutputStream:75 - [STDERR_REDIRECT] [Fatal Error] :1:1: Premature end of file.
2026-03-29 16:55:38,625 [ERROR] LogOutputStream:75 - [STDERR_REDIRECT] 
2026-03-29 16:55:39,633 [ERROR] LogOutputStream:75 - [STDERR_REDIRECT] [Fatal Error] :1:1: Premature end of file.
2026-03-29 16:55:39,633 [ERROR] LogOutputStream:75 - [STDERR_REDIRECT] 
2026-03-29 16:55:40,631 [ERROR] LogOutputStream:75 - [STDERR_REDIRECT] [Fatal Error] :1:1: Premature end of file.
2026-03-29 16:55:40,631 [ERROR] LogOutputStream:75 - [STDERR_REDIRECT] 
2026-03-29 16:55:41,623 [ERROR] LogOutputStream:75 - [STDERR_REDIRECT] [Fatal Error] :1:1: Premature end of file.
2026-03-29 16:55:41,623 [ERROR] LogOutputStream:75 - [STDERR_REDIRECT] 
2026-03-29 16:55:42,641 [ERROR] LogOutputStream:75 - [STDERR_REDIRECT] [Fatal Error] :1:1: Premature end of file.
2026-03-29 16:55:42,641 [ERROR] LogOutputStream:75 - [STDERR_REDIRECT] 
2026-03-29 16:55:43,627 [ERROR] LogOutputStream:75 - [STDERR_REDIRECT] [Fatal Error] :1:1: Premature end of file.
2026-03-29 16:55:43,628 [ERROR] LogOutputStream:75 - [STDERR_REDIRECT] 
2026-03-29 16:55:44,633 [ERROR] LogOutputStream:75 - [STDERR_REDIRECT] [Fatal Error] :1:1: Premature end of file.
2026-03-29 16:55:44,633 [ERROR] LogOutputStream:75 - [STDERR_REDIRECT] 
2026-03-29 16:55:45,624 [ERROR] LogOutputStream:75 - [STDERR_REDIRECT] [Fatal Error] :1:1: Premature end of file.
2026-03-29 16:55:45,624 [ERROR] LogOutputStream:75 - [STDERR_REDIRECT] 
2026-03-29 16:55:46,627 [ERROR] LogOutputStream:75 - [STDERR_REDIRECT] [Fatal Error] :1:1: Premature end of file.
2026-03-29 16:55:46,627 [ERROR] LogOutputStream:75 - [STDERR_REDIRECT] 
2026-03-29 16:55:47,636 [ERROR] LogOutputStream:75 - [STDERR_REDIRECT] [Fatal Error] :1:1: Premature end of file.
2026-03-29 16:55:47,636 [ERROR] LogOutputStream:75 - [STDERR_REDIRECT] 
2026-03-29 16:55:48,625 [ERROR] LogOutputStream:75 - [STDERR_REDIRECT] [Fatal Error] :1:1: Premature end of file.
2026-03-29 16:55:48,625 [ERROR] LogOutputStream:75 - [STDERR_REDIRECT] 
2026-03-29 16:55:49,626 [ERROR] LogOutputStream:75 - [STDERR_REDIRECT] [Fatal Error] :1:1: Premature end of file.
2026-03-29 16:55:49,626 [ERROR] LogOutputStream:75 - [STDERR_REDIRECT] 
2026-03-29 16:55:50,619 [ERROR] LogOutputStream:75 - [STDERR_REDIRECT] [Fatal Error] :1:1: Premature end of file.
2026-03-29 16:55:50,619 [ERROR] LogOutputStream:75 - [STDERR_REDIRECT] 
2026-03-29 16:55:51,629 [ERROR] LogOutputStream:75 - [STDERR_REDIRECT] [Fatal Error] :1:1: Premature end of file.
2026-03-29 16:55:51,630 [ERROR] LogOutputStream:75 - [STDERR_REDIRECT] 
2026-03-29 16:55:52,625 [ERROR] LogOutputStream:75 - [STDERR_REDIRECT] [Fatal Error] :1:1: Premature end of file.
2026-03-29 16:55:52,625 [ERROR] LogOutputStream:75 - [STDERR_REDIRECT] 
2026-03-29 16:55:53,622 [ERROR] LogOutputStream:75 - [STDERR_REDIRECT] [Fatal Error] :1:1: Premature end of file.
2026-03-29 16:55:53,622 [ERROR] LogOutputStream:75 - [STDERR_REDIRECT] 
2026-03-29 16:55:54,647 [ERROR] LogOutputStream:75 - [STDERR_REDIRECT] [Fatal Error] :1:1: Premature end of file.
2026-03-29 16:55:54,648 [ERROR] LogOutputStream:75 - [STDERR_REDIRECT] 
2026-03-29 16:55:55,622 [ERROR] LogOutputStream:75 - [STDERR_REDIRECT] [Fatal Error] :1:1: Premature end of file.
2026-03-29 16:55:55,622 [ERROR] LogOutputStream:75 - [STDERR_REDIRECT] 
2026-03-29 16:55:56,626 [ERROR] LogOutputStream:75 - [STDERR_REDIRECT] [Fatal Error] :1:1: Premature end of file.
2026-03-29 16:55:56,626 [ERROR] LogOutputStream:75 - [STDERR_REDIRECT] 
2026-03-29 16:55:57,631 [ERROR] LogOutputStream:75 - [STDERR_REDIRECT] [Fatal Error] :1:1: Premature end of file.
2026-03-29 16:55:57,631 [ERROR] LogOutputStream:75 - [STDERR_REDIRECT] 
2026-03-29 16:55:58,621 [ERROR] LogOutputStream:75 - [STDERR_REDIRECT] [Fatal Error] :1:1: Premature end of file.
2026-03-29 16:55:58,621 [ERROR] LogOutputStream:75 - [STDERR_REDIRECT] 
2026-03-29 16:55:59,631 [ERROR] LogOutputStream:75 - [STDERR_REDIRECT] [Fatal Error] :1:1: Premature end of file.
2026-03-29 16:55:59,631 [ERROR] LogOutputStream:75 - [STDERR_REDIRECT] 
2026-03-29 16:56:00,627 [ERROR] LogOutputStream:75 - [STDERR_REDIRECT] [Fatal Error] :1:1: Premature end of file.
2026-03-29 16:56:00,627 [ERROR] LogOutputStream:75 - [STDERR_REDIRECT] 
2026-03-29 16:56:01,631 [ERROR] LogOutputStream:75 - [STDERR_REDIRECT] [Fatal Error] :1:1: Premature end of file.
2026-03-29 16:56:01,631 [ERROR] LogOutputStream:75 - [STDERR_REDIRECT] 
2026-03-29 16:56:02,632 [ERROR] LogOutputStream:75 - [STDERR_REDIRECT] [Fatal Error] :1:1: Premature end of file.
2026-03-29 16:56:02,632 [ERROR] LogOutputStream:75 - [STDERR_REDIRECT] 
2026-03-29 16:56:03,633 [ERROR] LogOutputStream:75 - [STDERR_REDIRECT] [Fatal Error] :1:1: Premature end of file.
2026-03-29 16:56:03,633 [ERROR] LogOutputStream:75 - [STDERR_REDIRECT] 
2026-03-29 16:56:04,627 [ERROR] LogOutputStream:75 - [STDERR_REDIRECT] [Fatal Error] :1:1: Premature end of file.
2026-03-29 16:56:04,627 [ERROR] LogOutputStream:75 - [STDERR_REDIRECT] 
2026-03-29 16:56:05,642 [ERROR] LogOutputStream:75 - [STDERR_REDIRECT] [Fatal Error] :1:1: Premature end of file.
2026-03-29 16:56:05,642 [ERROR] LogOutputStream:75 - [STDERR_REDIRECT] 
2026-03-29 16:56:06,645 [ERROR] LogOutputStream:75 - [STDERR_REDIRECT] [Fatal Error] :1:1: Premature end of file.
2026-03-29 16:56:06,645 [ERROR] LogOutputStream:75 - [STDERR_REDIRECT] 
2026-03-29 16:56:07,632 [ERROR] LogOutputStream:75 - [STDERR_REDIRECT] [Fatal Error] :1:1: Premature end of file.
2026-03-29 16:56:07,633 [ERROR] LogOutputStream:75 - [STDERR_REDIRECT] 
2026-03-29 16:56:08,633 [ERROR] LogOutputStream:75 - [STDERR_REDIRECT] [Fatal Error] :1:1: Premature end of file.
2026-03-29 16:56:08,633 [ERROR] LogOutputStream:75 - [STDERR_REDIRECT] 
2026-03-29 16:56:09,638 [ERROR] LogOutputStream:75 - [STDERR_REDIRECT] [Fatal Error] :1:1: Premature end of file.
2026-03-29 16:56:09,638 [ERROR] LogOutputStream:75 - [STDERR_REDIRECT] 
2026-03-29 16:56:10,626 [ERROR] LogOutputStream:75 - [STDERR_REDIRECT] [Fatal Error] :1:1: Premature end of file.
2026-03-29 16:56:10,626 [ERROR] LogOutputStream:75 - [STDERR_REDIRECT] 
2026-03-29 16:56:11,629 [ERROR] LogOutputStream:75 - [STDERR_REDIRECT] [Fatal Error] :1:1: Premature end of file.
2026-03-29 16:56:11,629 [ERROR] LogOutputStream:75 - [STDERR_REDIRECT] 
2026-03-29 16:56:12,633 [ERROR] LogOutputStream:75 - [STDERR_REDIRECT] [Fatal Error] :1:1: Premature end of file.
2026-03-29 16:56:12,633 [ERROR] LogOutputStream:75 - [STDERR_REDIRECT] 
2026-03-29 16:56:13,638 [ERROR] LogOutputStream:75 - [STDERR_REDIRECT] [Fatal Error] :1:1: Premature end of file.
2026-03-29 16:56:13,638 [ERROR] LogOutputStream:75 - [STDERR_REDIRECT] 
2026-03-29 16:56:14,626 [ERROR] LogOutputStream:75 - [STDERR_REDIRECT] [Fatal Error] :1:1: Premature end of file.
2026-03-29 16:56:14,626 [ERROR] LogOutputStream:75 - [STDERR_REDIRECT] 
2026-03-29 16:56:15,632 [ERROR] LogOutputStream:75 - [STDERR_REDIRECT] [Fatal Error] :1:1: Premature end of file.
2026-03-29 16:56:15,632 [ERROR] LogOutputStream:75 - [STDERR_REDIRECT] 
2026-03-29 16:56:16,631 [ERROR] LogOutputStream:75 - [STDERR_REDIRECT] [Fatal Error] :1:1: Premature end of file.
2026-03-29 16:56:16,631 [ERROR] LogOutputStream:75 - [STDERR_REDIRECT] 
2026-03-29 16:56:17,630 [ERROR] LogOutputStream:75 - [STDERR_REDIRECT] [Fatal Error] :1:1: Premature end of file.
2026-03-29 16:56:17,630 [ERROR] LogOutputStream:75 - [STDERR_REDIRECT] 
2026-03-29 16:56:18,629 [ERROR] LogOutputStream:75 - [STDERR_REDIRECT] [Fatal Error] :1:1: Premature end of file.
2026-03-29 16:56:18,629 [ERROR] LogOutputStream:75 - [STDERR_REDIRECT] 
2026-03-29 16:56:19,627 [ERROR] LogOutputStream:75 - [STDERR_REDIRECT] [Fatal Error] :1:1: Premature end of file.
2026-03-29 16:56:19,627 [ERROR] LogOutputStream:75 - [STDERR_REDIRECT] 
2026-03-29 16:56:20,634 [ERROR] LogOutputStream:75 - [STDERR_REDIRECT] [Fatal Error] :1:1: Premature end of file.
2026-03-29 16:56:20,634 [ERROR] LogOutputStream:75 - [STDERR_REDIRECT] 
2026-03-29 16:56:21,627 [ERROR] LogOutputStream:75 - [STDERR_REDIRECT] [Fatal Error] :1:1: Premature end of file.
2026-03-29 16:56:21,627 [ERROR] LogOutputStream:75 - [STDERR_REDIRECT] 
2026-03-29 16:56:22,625 [ERROR] LogOutputStream:75 - [STDERR_REDIRECT] [Fatal Error] :1:1: Premature end of file.
2026-03-29 16:56:22,625 [ERROR] LogOutputStream:75 - [STDERR_REDIRECT] 
2026-03-29 16:56:23,635 [ERROR] LogOutputStream:75 - [STDERR_REDIRECT] [Fatal Error] :1:1: Premature end of file.
2026-03-29 16:56:23,635 [ERROR] LogOutputStream:75 - [STDERR_REDIRECT] 
2026-03-29 16:56:24,633 [ERROR] LogOutputStream:75 - [STDERR_REDIRECT] [Fatal Error] :1:1: Premature end of file.
2026-03-29 16:56:24,633 [ERROR] LogOutputStream:75 - [STDERR_REDIRECT] 
2026-03-29 16:56:25,633 [ERROR] LogOutputStream:75 - [STDERR_REDIRECT] [Fatal Error] :1:1: Premature end of file.
2026-03-29 16:56:25,633 [ERROR] LogOutputStream:75 - [STDERR_REDIRECT] 
2026-03-29 16:56:26,632 [ERROR] LogOutputStream:75 - [STDERR_REDIRECT] [Fatal Error] :1:1: Premature end of file.
2026-03-29 16:56:26,632 [ERROR] LogOutputStream:75 - [STDERR_REDIRECT] 
2026-03-29 16:56:27,629 [ERROR] LogOutputStream:75 - [STDERR_REDIRECT] [Fatal Error] :1:1: Premature end of file.
2026-03-29 16:56:27,629 [ERROR] LogOutputStream:75 - [STDERR_REDIRECT] 
2026-03-29 16:56:28,637 [ERROR] LogOutputStream:75 - [STDERR_REDIRECT] [Fatal Error] :1:1: Premature end of file.
2026-03-29 16:56:28,638 [ERROR] LogOutputStream:75 - [STDERR_REDIRECT] 
2026-03-29 16:56:29,631 [ERROR] LogOutputStream:75 - [STDERR_REDIRECT] [Fatal Error] :1:1: Premature end of file.
2026-03-29 16:56:29,631 [ERROR] LogOutputStream:75 - [STDERR_REDIRECT] 
2026-03-29 16:56:30,635 [ERROR] LogOutputStream:75 - [STDERR_REDIRECT] [Fatal Error] :1:1: Premature end of file.
2026-03-29 16:56:30,636 [ERROR] LogOutputStream:75 - [STDERR_REDIRECT] 
2026-03-29 16:56:31,643 [ERROR] LogOutputStream:75 - [STDERR_REDIRECT] [Fatal Error] :1:1: Premature end of file.
2026-03-29 16:56:31,643 [ERROR] LogOutputStream:75 - [STDERR_REDIRECT] 
2026-03-29 16:56:32,626 [ERROR] LogOutputStream:75 - [STDERR_REDIRECT] [Fatal Error] :1:1: Premature end of file.
2026-03-29 16:56:32,626 [ERROR] LogOutputStream:75 - [STDERR_REDIRECT] 
2026-03-29 16:56:33,634 [ERROR] LogOutputStream:75 - [STDERR_REDIRECT] [Fatal Error] :1:1: Premature end of file.
2026-03-29 16:56:33,634 [ERROR] LogOutputStream:75 - [STDERR_REDIRECT] 
2026-03-29 16:56:34,627 [ERROR] LogOutputStream:75 - [STDERR_REDIRECT] [Fatal Error] :1:1: Premature end of file.
2026-03-29 16:56:34,627 [ERROR] LogOutputStream:75 - [STDERR_REDIRECT] 
2026-03-29 16:56:35,625 [ERROR] LogOutputStream:75 - [STDERR_REDIRECT] [Fatal Error] :1:1: Premature end of file.
2026-03-29 16:56:35,625 [ERROR] LogOutputStream:75 - [STDERR_REDIRECT] 
2026-03-29 16:56:36,632 [ERROR] LogOutputStream:75 - [STDERR_REDIRECT] [Fatal Error] :1:1: Premature end of file.
2026-03-29 16:56:36,632 [ERROR] LogOutputStream:75 - [STDERR_REDIRECT] 
2026-03-29 16:56:37,625 [ERROR] LogOutputStream:75 - [STDERR_REDIRECT] [Fatal Error] :1:1: Premature end of file.
2026-03-29 16:56:37,625 [ERROR] LogOutputStream:75 - [STDERR_REDIRECT] 
2026-03-29 16:56:38,633 [ERROR] LogOutputStream:75 - [STDERR_REDIRECT] [Fatal Error] :1:1: Premature end of file.
2026-03-29 16:56:38,633 [ERROR] LogOutputStream:75 - [STDERR_REDIRECT] 
2026-03-29 16:56:39,646 [ERROR] LogOutputStream:75 - [STDERR_REDIRECT] [Fatal Error] :1:1: Premature end of file.
2026-03-29 16:56:39,646 [ERROR] LogOutputStream:75 - [STDERR_REDIRECT] 
2026-03-29 16:56:40,677 [ERROR] LogOutputStream:75 - [STDERR_REDIRECT] [Fatal Error] :1:1: Premature end of file.
2026-03-29 16:56:40,677 [ERROR] LogOutputStream:75 - [STDERR_REDIRECT] 
2026-03-29 16:56:41,633 [ERROR] LogOutputStream:75 - [STDERR_REDIRECT] [Fatal Error] :1:1: Premature end of file.
2026-03-29 16:56:41,633 [ERROR] LogOutputStream:75 - [STDERR_REDIRECT] 
2026-03-29 16:56:42,632 [ERROR] LogOutputStream:75 - [STDERR_REDIRECT] [Fatal Error] :1:1: Premature end of file.
2026-03-29 16:56:42,632 [ERROR] LogOutputStream:75 - [STDERR_REDIRECT] 
2026-03-29 16:56:43,642 [ERROR] LogOutputStream:75 - [STDERR_REDIRECT] [Fatal Error] :1:1: Premature end of file.
2026-03-29 16:56:43,642 [ERROR] LogOutputStream:75 - [STDERR_REDIRECT] 
2026-03-29 16:56:44,639 [ERROR] LogOutputStream:75 - [STDERR_REDIRECT] [Fatal Error] :1:1: Premature end of file.
2026-03-29 16:56:44,640 [ERROR] LogOutputStream:75 - [STDERR_REDIRECT] 
2026-03-29 16:56:45,633 [ERROR] LogOutputStream:75 - [STDERR_REDIRECT] [Fatal Error] :1:1: Premature end of file.
2026-03-29 16:56:45,633 [ERROR] LogOutputStream:75 - [STDERR_REDIRECT] 
2026-03-29 16:56:46,635 [ERROR] LogOutputStream:75 - [STDERR_REDIRECT] [Fatal Error] :1:1: Premature end of file.
2026-03-29 16:56:46,636 [ERROR] LogOutputStream:75 - [STDERR_REDIRECT] 
2026-03-29 16:56:47,631 [ERROR] LogOutputStream:75 - [STDERR_REDIRECT] [Fatal Error] :1:1: Premature end of file.
2026-03-29 16:56:47,631 [ERROR] LogOutputStream:75 - [STDERR_REDIRECT] 
2026-03-29 16:56:48,628 [ERROR] LogOutputStream:75 - [STDERR_REDIRECT] [Fatal Error] :1:1: Premature end of file.
2026-03-29 16:56:48,628 [ERROR] LogOutputStream:75 - [STDERR_REDIRECT] 
2026-03-29 16:56:49,626 [ERROR] LogOutputStream:75 - [STDERR_REDIRECT] [Fatal Error] :1:1: Premature end of file.
2026-03-29 16:56:49,627 [ERROR] LogOutputStream:75 - [STDERR_REDIRECT] 
2026-03-29 16:56:50,630 [ERROR] LogOutputStream:75 - [STDERR_REDIRECT] [Fatal Error] :1:1: Premature end of file.
2026-03-29 16:56:50,630 [ERROR] LogOutputStream:75 - [STDERR_REDIRECT] 
2026-03-29 16:56:51,649 [ERROR] LogOutputStream:75 - [STDERR_REDIRECT] [Fatal Error] :1:1: Premature end of file.
2026-03-29 16:56:51,649 [ERROR] LogOutputStream:75 - [STDERR_REDIRECT] 
2026-03-29 16:56:52,629 [ERROR] LogOutputStream:75 - [STDERR_REDIRECT] [Fatal Error] :1:1: Premature end of file.
2026-03-29 16:56:52,629 [ERROR] LogOutputStream:75 - [STDERR_REDIRECT] 
2026-03-29 16:56:53,627 [ERROR] LogOutputStream:75 - [STDERR_REDIRECT] [Fatal Error] :1:1: Premature end of file.
2026-03-29 16:56:53,628 [ERROR] LogOutputStream:75 - [STDERR_REDIRECT] 
2026-03-29 16:56:54,627 [ERROR] LogOutputStream:75 - [STDERR_REDIRECT] [Fatal Error] :1:1: Premature end of file.
2026-03-29 16:56:54,627 [ERROR] LogOutputStream:75 - [STDERR_REDIRECT] 
2026-03-29 16:56:55,635 [ERROR] LogOutputStream:75 - [STDERR_REDIRECT] [Fatal Error] :1:1: Premature end of file.
2026-03-29 16:56:55,635 [ERROR] LogOutputStream:75 - [STDERR_REDIRECT] 
2026-03-29 16:56:56,627 [ERROR] LogOutputStream:75 - [STDERR_REDIRECT] [Fatal Error] :1:1: Premature end of file.
2026-03-29 16:56:56,628 [ERROR] LogOutputStream:75 - [STDERR_REDIRECT] 
2026-03-29 16:56:57,647 [ERROR] LogOutputStream:75 - [STDERR_REDIRECT] [Fatal Error] :1:1: Premature end of file.
2026-03-29 16:56:57,649 [ERROR] LogOutputStream:75 - [STDERR_REDIRECT] 
2026-03-29 16:56:58,635 [ERROR] LogOutputStream:75 - [STDERR_REDIRECT] [Fatal Error] :1:1: Premature end of file.
2026-03-29 16:56:58,635 [ERROR] LogOutputStream:75 - [STDERR_REDIRECT] 
2026-03-29 16:56:59,627 [ERROR] LogOutputStream:75 - [STDERR_REDIRECT] [Fatal Error] :1:1: Premature end of file.
2026-03-29 16:56:59,627 [ERROR] LogOutputStream:75 - [STDERR_REDIRECT] 
2026-03-29 16:57:00,628 [ERROR] LogOutputStream:75 - [STDERR_REDIRECT] [Fatal Error] :1:1: Premature end of file.
2026-03-29 16:57:00,628 [ERROR] LogOutputStream:75 - [STDERR_REDIRECT] 
2026-03-29 16:57:01,643 [ERROR] LogOutputStream:75 - [STDERR_REDIRECT] [Fatal Error] :1:1: Premature end of file.
2026-03-29 16:57:01,643 [ERROR] LogOutputStream:75 - [STDERR_REDIRECT] 
2026-03-29 16:57:02,628 [ERROR] LogOutputStream:75 - [STDERR_REDIRECT] [Fatal Error] :1:1: Premature end of file.
2026-03-29 16:57:02,628 [ERROR] LogOutputStream:75 - [STDERR_REDIRECT] 
2026-03-29 16:57:03,639 [ERROR] LogOutputStream:75 - [STDERR_REDIRECT] [Fatal Error] :1:1: Premature end of file.
2026-03-29 16:57:03,639 [ERROR] LogOutputStream:75 - [STDERR_REDIRECT] 
2026-03-29 16:57:04,626 [ERROR] LogOutputStream:75 - [STDERR_REDIRECT] [Fatal Error] :1:1: Premature end of file.
2026-03-29 16:57:04,626 [ERROR] LogOutputStream:75 - [STDERR_REDIRECT] 
2026-03-29 16:57:05,625 [ERROR] LogOutputStream:75 - [STDERR_REDIRECT] [Fatal Error] :1:1: Premature end of file.
2026-03-29 16:57:05,625 [ERROR] LogOutputStream:75 - [STDERR_REDIRECT] 
2026-03-29 16:57:06,625 [ERROR] LogOutputStream:75 - [STDERR_REDIRECT] [Fatal Error] :1:1: Premature end of file.
2026-03-29 16:57:06,625 [ERROR] LogOutputStream:75 - [STDERR_REDIRECT] 
2026-03-29 16:57:07,633 [ERROR] LogOutputStream:75 - [STDERR_REDIRECT] [Fatal Error] :1:1: Premature end of file.
2026-03-29 16:57:07,633 [ERROR] LogOutputStream:75 - [STDERR_REDIRECT] 
2026-03-29 16:57:08,625 [ERROR] LogOutputStream:75 - [STDERR_REDIRECT] [Fatal Error] :1:1: Premature end of file.
2026-03-29 16:57:08,625 [ERROR] LogOutputStream:75 - [STDERR_REDIRECT] 
2026-03-29 16:57:09,625 [ERROR] LogOutputStream:75 - [STDERR_REDIRECT] [Fatal Error] :1:1: Premature end of file.
2026-03-29 16:57:09,625 [ERROR] LogOutputStream:75 - [STDERR_REDIRECT] 
2026-03-29 16:57:10,625 [ERROR] LogOutputStream:75 - [STDERR_REDIRECT] [Fatal Error] :1:1: Premature end of file.
2026-03-29 16:57:10,625 [ERROR] LogOutputStream:75 - [STDERR_REDIRECT] 
2026-03-29 16:57:11,632 [ERROR] LogOutputStream:75 - [STDERR_REDIRECT] [Fatal Error] :1:1: Premature end of file.
2026-03-29 16:57:11,632 [ERROR] LogOutputStream:75 - [STDERR_REDIRECT] 
2026-03-29 16:57:12,626 [ERROR] LogOutputStream:75 - [STDERR_REDIRECT] [Fatal Error] :1:1: Premature end of file.
2026-03-29 16:57:12,626 [ERROR] LogOutputStream:75 - [STDERR_REDIRECT] 
2026-03-29 16:57:13,626 [ERROR] LogOutputStream:75 - [STDERR_REDIRECT] [Fatal Error] :1:1: Premature end of file.
2026-03-29 16:57:13,626 [ERROR] LogOutputStream:75 - [STDERR_REDIRECT] 
2026-03-29 16:57:14,630 [ERROR] LogOutputStream:75 - [STDERR_REDIRECT] [Fatal Error] :1:1: Premature end of file.
2026-03-29 16:57:14,630 [ERROR] LogOutputStream:75 - [STDERR_REDIRECT] 
2026-03-29 16:57:15,625 [ERROR] LogOutputStream:75 - [STDERR_REDIRECT] [Fatal Error] :1:1: Premature end of file.
2026-03-29 16:57:15,625 [ERROR] LogOutputStream:75 - [STDERR_REDIRECT] 
2026-03-29 16:57:16,626 [ERROR] LogOutputStream:75 - [STDERR_REDIRECT] [Fatal Error] :1:1: Premature end of file.
2026-03-29 16:57:16,626 [ERROR] LogOutputStream:75 - [STDERR_REDIRECT] 
2026-03-29 16:57:17,634 [ERROR] LogOutputStream:75 - [STDERR_REDIRECT] [Fatal Error] :1:1: Premature end of file.
2026-03-29 16:57:17,634 [ERROR] LogOutputStream:75 - [STDERR_REDIRECT] 
2026-03-29 16:57:18,646 [ERROR] LogOutputStream:75 - [STDERR_REDIRECT] [Fatal Error] :1:1: Premature end of file.
2026-03-29 16:57:18,647 [ERROR] LogOutputStream:75 - [STDERR_REDIRECT] 
2026-03-29 16:57:19,820 [ERROR] LogOutputStream:75 - [STDERR_REDIRECT] [Fatal Error] :1:1: Premature end of file.
2026-03-29 16:57:19,820 [ERROR] LogOutputStream:75 - [STDERR_REDIRECT] 
2026-03-29 16:57:20,652 [ERROR] LogOutputStream:75 - [STDERR_REDIRECT] [Fatal Error] :1:1: Premature end of file.
2026-03-29 16:57:20,652 [ERROR] LogOutputStream:75 - [STDERR_REDIRECT] 
2026-03-29 16:57:21,655 [ERROR] LogOutputStream:75 - [STDERR_REDIRECT] [Fatal Error] :1:1: Premature end of file.
2026-03-29 16:57:21,655 [ERROR] LogOutputStream:75 - [STDERR_REDIRECT] 
2026-03-29 16:57:22,658 [ERROR] LogOutputStream:75 - [STDERR_REDIRECT] [Fatal Error] :1:1: Premature end of file.
2026-03-29 16:57:22,661 [ERROR] LogOutputStream:75 - [STDERR_REDIRECT] 
2026-03-29 16:57:23,632 [ERROR] LogOutputStream:75 - [STDERR_REDIRECT] [Fatal Error] :1:1: Premature end of file.
2026-03-29 16:57:23,633 [ERROR] LogOutputStream:75 - [STDERR_REDIRECT] 
2026-03-29 16:57:24,635 [ERROR] LogOutputStream:75 - [STDERR_REDIRECT] [Fatal Error] :1:1: Premature end of file.
2026-03-29 16:57:24,635 [ERROR] LogOutputStream:75 - [STDERR_REDIRECT] 
2026-03-29 16:57:25,632 [ERROR] LogOutputStream:75 - [STDERR_REDIRECT] [Fatal Error] :1:1: Premature end of file.
2026-03-29 16:57:25,633 [ERROR] LogOutputStream:75 - [STDERR_REDIRECT] 
2026-03-29 16:57:26,635 [ERROR] LogOutputStream:75 - [STDERR_REDIRECT] [Fatal Error] :1:1: Premature end of file.
2026-03-29 16:57:26,635 [ERROR] LogOutputStream:75 - [STDERR_REDIRECT] 
2026-03-29 16:57:27,627 [ERROR] LogOutputStream:75 - [STDERR_REDIRECT] [Fatal Error] :1:1: Premature end of file.
2026-03-29 16:57:27,627 [ERROR] LogOutputStream:75 - [STDERR_REDIRECT] 
2026-03-29 16:57:28,626 [ERROR] LogOutputStream:75 - [STDERR_REDIRECT] [Fatal Error] :1:1: Premature end of file.
2026-03-29 16:57:28,626 [ERROR] LogOutputStream:75 - [STDERR_REDIRECT] 
2026-03-29 16:57:29,634 [ERROR] LogOutputStream:75 - [STDERR_REDIRECT] [Fatal Error] :1:1: Premature end of file.
2026-03-29 16:57:29,634 [ERROR] LogOutputStream:75 - [STDERR_REDIRECT] 
2026-03-29 16:57:30,633 [ERROR] LogOutputStream:75 - [STDERR_REDIRECT] [Fatal Error] :1:1: Premature end of file.
2026-03-29 16:57:30,633 [ERROR] LogOutputStream:75 - [STDERR_REDIRECT] 
2026-03-29 16:57:31,629 [ERROR] LogOutputStream:75 - [STDERR_REDIRECT] [Fatal Error] :1:1: Premature end of file.
2026-03-29 16:57:31,629 [ERROR] LogOutputStream:75 - [STDERR_REDIRECT] 
2026-03-29 16:57:32,639 [ERROR] LogOutputStream:75 - [STDERR_REDIRECT] [Fatal Error] :1:1: Premature end of file.
2026-03-29 16:57:32,639 [ERROR] LogOutputStream:75 - [STDERR_REDIRECT] 
2026-03-29 16:57:33,617 [ERROR] LogOutputStream:75 - [STDERR_REDIRECT] [Fatal Error] :1:1: Premature end of file.
2026-03-29 16:57:33,617 [ERROR] LogOutputStream:75 - [STDERR_REDIRECT] 
2026-03-29 16:57:34,629 [ERROR] LogOutputStream:75 - [STDERR_REDIRECT] [Fatal Error] :1:1: Premature end of file.
2026-03-29 16:57:34,629 [ERROR] LogOutputStream:75 - [STDERR_REDIRECT] 
2026-03-29 16:57:35,634 [ERROR] LogOutputStream:75 - [STDERR_REDIRECT] [Fatal Error] :1:1: Premature end of file.
2026-03-29 16:57:35,634 [ERROR] LogOutputStream:75 - [STDERR_REDIRECT] 
2026-03-29 16:57:36,640 [ERROR] LogOutputStream:75 - [STDERR_REDIRECT] [Fatal Error] :1:1: Premature end of file.
2026-03-29 16:57:36,640 [ERROR] LogOutputStream:75 - [STDERR_REDIRECT] 
2026-03-29 16:57:37,635 [ERROR] LogOutputStream:75 - [STDERR_REDIRECT] [Fatal Error] :1:1: Premature end of file.
2026-03-29 16:57:37,635 [ERROR] LogOutputStream:75 - [STDERR_REDIRECT] 
2026-03-29 16:57:38,640 [ERROR] LogOutputStream:75 - [STDERR_REDIRECT] [Fatal Error] :1:1: Premature end of file.
2026-03-29 16:57:38,641 [ERROR] LogOutputStream:75 - [STDERR_REDIRECT] 
2026-03-29 16:57:39,640 [ERROR] LogOutputStream:75 - [STDERR_REDIRECT] [Fatal Error] :1:1: Premature end of file.
2026-03-29 16:57:39,640 [ERROR] LogOutputStream:75 - [STDERR_REDIRECT] 
2026-03-29 16:57:40,645 [ERROR] LogOutputStream:75 - [STDERR_REDIRECT] [Fatal Error] :1:1: Premature end of file.
2026-03-29 16:57:40,645 [ERROR] LogOutputStream:75 - [STDERR_REDIRECT] 
2026-03-29 16:57:41,634 [ERROR] LogOutputStream:75 - [STDERR_REDIRECT] [Fatal Error] :1:1: Premature end of file.
2026-03-29 16:57:41,634 [ERROR] LogOutputStream:75 - [STDERR_REDIRECT] 
2026-03-29 16:57:42,631 [ERROR] LogOutputStream:75 - [STDERR_REDIRECT] [Fatal Error] :1:1: Premature end of file.
2026-03-29 16:57:42,631 [ERROR] LogOutputStream:75 - [STDERR_REDIRECT] 
2026-03-29 16:57:43,627 [ERROR] LogOutputStream:75 - [STDERR_REDIRECT] [Fatal Error] :1:1: Premature end of file.
2026-03-29 16:57:43,627 [ERROR] LogOutputStream:75 - [STDERR_REDIRECT] 
2026-03-29 16:57:44,630 [ERROR] LogOutputStream:75 - [STDERR_REDIRECT] [Fatal Error] :1:1: Premature end of file.
2026-03-29 16:57:44,630 [ERROR] LogOutputStream:75 - [STDERR_REDIRECT] 
2026-03-29 16:57:45,637 [ERROR] LogOutputStream:75 - [STDERR_REDIRECT] [Fatal Error] :1:1: Premature end of file.
2026-03-29 16:57:45,637 [ERROR] LogOutputStream:75 - [STDERR_REDIRECT] 
2026-03-29 16:57:46,633 [ERROR] LogOutputStream:75 - [STDERR_REDIRECT] [Fatal Error] :1:1: Premature end of file.
2026-03-29 16:57:46,633 [ERROR] LogOutputStream:75 - [STDERR_REDIRECT] 
2026-03-29 16:57:47,634 [ERROR] LogOutputStream:75 - [STDERR_REDIRECT] [Fatal Error] :1:1: Premature end of file.
2026-03-29 16:57:47,634 [ERROR] LogOutputStream:75 - [STDERR_REDIRECT] 
2026-03-29 16:57:48,630 [ERROR] LogOutputStream:75 - [STDERR_REDIRECT] [Fatal Error] :1:1: Premature end of file.
2026-03-29 16:57:48,630 [ERROR] LogOutputStream:75 - [STDERR_REDIRECT] 
2026-03-29 16:57:49,742 [ERROR] LogOutputStream:75 - [STDERR_REDIRECT] [Fatal Error] :1:1: Premature end of file.
2026-03-29 16:57:49,742 [ERROR] LogOutputStream:75 - [STDERR_REDIRECT] 
2026-03-29 16:57:50,626 [ERROR] LogOutputStream:75 - [STDERR_REDIRECT] [Fatal Error] :1:1: Premature end of file.
2026-03-29 16:57:50,626 [ERROR] LogOutputStream:75 - [STDERR_REDIRECT] 
2026-03-29 16:57:51,624 [ERROR] LogOutputStream:75 - [STDERR_REDIRECT] [Fatal Error] :1:1: Premature end of file.
2026-03-29 16:57:51,624 [ERROR] LogOutputStream:75 - [STDERR_REDIRECT] 
2026-03-29 16:57:52,632 [ERROR] LogOutputStream:75 - [STDERR_REDIRECT] [Fatal Error] :1:1: Premature end of file.
2026-03-29 16:57:52,632 [ERROR] LogOutputStream:75 - [STDERR_REDIRECT] 
2026-03-29 16:57:53,633 [ERROR] LogOutputStream:75 - [STDERR_REDIRECT] [Fatal Error] :1:1: Premature end of file.
2026-03-29 16:57:53,633 [ERROR] LogOutputStream:75 - [STDERR_REDIRECT] 
2026-03-29 16:57:54,632 [ERROR] LogOutputStream:75 - [STDERR_REDIRECT] [Fatal Error] :1:1: Premature end of file.
2026-03-29 16:57:54,632 [ERROR] LogOutputStream:75 - [STDERR_REDIRECT] 
2026-03-29 16:57:55,621 [ERROR] LogOutputStream:75 - [STDERR_REDIRECT] [Fatal Error] :1:1: Premature end of file.
2026-03-29 16:57:55,621 [ERROR] LogOutputStream:75 - [STDERR_REDIRECT] 
2026-03-29 16:57:56,630 [ERROR] LogOutputStream:75 - [STDERR_REDIRECT] [Fatal Error] :1:1: Premature end of file.
2026-03-29 16:57:56,630 [ERROR] LogOutputStream:75 - [STDERR_REDIRECT] 
2026-03-29 16:57:57,621 [ERROR] LogOutputStream:75 - [STDERR_REDIRECT] [Fatal Error] :1:1: Premature end of file.
2026-03-29 16:57:57,621 [ERROR] LogOutputStream:75 - [STDERR_REDIRECT] 
2026-03-29 16:57:58,636 [ERROR] LogOutputStream:75 - [STDERR_REDIRECT] [Fatal Error] :1:1: Premature end of file.
2026-03-29 16:57:58,636 [ERROR] LogOutputStream:75 - [STDERR_REDIRECT] 
2026-03-29 16:57:59,634 [ERROR] LogOutputStream:75 - [STDERR_REDIRECT] [Fatal Error] :1:1: Premature end of file.
2026-03-29 16:57:59,634 [ERROR] LogOutputStream:75 - [STDERR_REDIRECT] 
2026-03-29 16:58:00,627 [ERROR] LogOutputStream:75 - [STDERR_REDIRECT] [Fatal Error] :1:1: Premature end of file.
2026-03-29 16:58:00,627 [ERROR] LogOutputStream:75 - [STDERR_REDIRECT] 
2026-03-29 16:58:01,627 [ERROR] LogOutputStream:75 - [STDERR_REDIRECT] [Fatal Error] :1:1: Premature end of file.
2026-03-29 16:58:01,627 [ERROR] LogOutputStream:75 - [STDERR_REDIRECT] 
2026-03-29 16:58:02,623 [ERROR] LogOutputStream:75 - [STDERR_REDIRECT] [Fatal Error] :1:1: Premature end of file.
2026-03-29 16:58:02,623 [ERROR] LogOutputStream:75 - [STDERR_REDIRECT] 
2026-03-29 16:58:03,636 [ERROR] LogOutputStream:75 - [STDERR_REDIRECT] [Fatal Error] :1:1: Premature end of file.
2026-03-29 16:58:03,636 [ERROR] LogOutputStream:75 - [STDERR_REDIRECT] 
2026-03-29 16:58:04,636 [ERROR] LogOutputStream:75 - [STDERR_REDIRECT] [Fatal Error] :1:1: Premature end of file.
2026-03-29 16:58:04,636 [ERROR] LogOutputStream:75 - [STDERR_REDIRECT] 
2026-03-29 16:58:05,635 [ERROR] LogOutputStream:75 - [STDERR_REDIRECT] [Fatal Error] :1:1: Premature end of file.
2026-03-29 16:58:05,635 [ERROR] LogOutputStream:75 - [STDERR_REDIRECT] 
2026-03-29 16:58:06,626 [ERROR] LogOutputStream:75 - [STDERR_REDIRECT] [Fatal Error] :1:1: Premature end of file.
2026-03-29 16:58:06,626 [ERROR] LogOutputStream:75 - [STDERR_REDIRECT] 
2026-03-29 16:58:07,632 [ERROR] LogOutputStream:75 - [STDERR_REDIRECT] [Fatal Error] :1:1: Premature end of file.
2026-03-29 16:58:07,632 [ERROR] LogOutputStream:75 - [STDERR_REDIRECT] 
2026-03-29 16:58:08,627 [ERROR] LogOutputStream:75 - [STDERR_REDIRECT] [Fatal Error] :1:1: Premature end of file.
2026-03-29 16:58:08,627 [ERROR] LogOutputStream:75 - [STDERR_REDIRECT] 
2026-03-29 16:58:09,633 [ERROR] LogOutputStream:75 - [STDERR_REDIRECT] [Fatal Error] :1:1: Premature end of file.
2026-03-29 16:58:09,633 [ERROR] LogOutputStream:75 - [STDERR_REDIRECT] 
2026-03-29 16:58:10,629 [ERROR] LogOutputStream:75 - [STDERR_REDIRECT] [Fatal Error] :1:1: Premature end of file.
2026-03-29 16:58:10,629 [ERROR] LogOutputStream:75 - [STDERR_REDIRECT] 
2026-03-29 16:58:11,636 [ERROR] LogOutputStream:75 - [STDERR_REDIRECT] [Fatal Error] :1:1: Premature end of file.
2026-03-29 16:58:11,636 [ERROR] LogOutputStream:75 - [STDERR_REDIRECT] 
2026-03-29 16:58:12,635 [ERROR] LogOutputStream:75 - [STDERR_REDIRECT] [Fatal Error] :1:1: Premature end of file.
2026-03-29 16:58:12,635 [ERROR] LogOutputStream:75 - [STDERR_REDIRECT] 
2026-03-29 16:58:13,635 [ERROR] LogOutputStream:75 - [STDERR_REDIRECT] [Fatal Error] :1:1: Premature end of file.
2026-03-29 16:58:13,635 [ERROR] LogOutputStream:75 - [STDERR_REDIRECT] 
2026-03-29 16:58:14,628 [ERROR] LogOutputStream:75 - [STDERR_REDIRECT] [Fatal Error] :1:1: Premature end of file.
2026-03-29 16:58:14,628 [ERROR] LogOutputStream:75 - [STDERR_REDIRECT] 
2026-03-29 16:58:15,640 [ERROR] LogOutputStream:75 - [STDERR_REDIRECT] [Fatal Error] :1:1: Premature end of file.
2026-03-29 16:58:15,640 [ERROR] LogOutputStream:75 - [STDERR_REDIRECT] 
2026-03-29 16:58:16,640 [ERROR] LogOutputStream:75 - [STDERR_REDIRECT] [Fatal Error] :1:1: Premature end of file.
2026-03-29 16:58:16,640 [ERROR] LogOutputStream:75 - [STDERR_REDIRECT] 
2026-03-29 16:58:17,632 [ERROR] LogOutputStream:75 - [STDERR_REDIRECT] [Fatal Error] :1:1: Premature end of file.
2026-03-29 16:58:17,632 [ERROR] LogOutputStream:75 - [STDERR_REDIRECT] 
2026-03-29 16:58:18,626 [ERROR] LogOutputStream:75 - [STDERR_REDIRECT] [Fatal Error] :1:1: Premature end of file.
2026-03-29 16:58:18,626 [ERROR] LogOutputStream:75 - [STDERR_REDIRECT] 
2026-03-29 16:58:19,627 [ERROR] LogOutputStream:75 - [STDERR_REDIRECT] [Fatal Error] :1:1: Premature end of file.
2026-03-29 16:58:19,628 [ERROR] LogOutputStream:75 - [STDERR_REDIRECT] 
2026-03-29 16:58:20,617 [ERROR] LogOutputStream:75 - [STDERR_REDIRECT] [Fatal Error] :1:1: Premature end of file.
2026-03-29 16:58:20,617 [ERROR] LogOutputStream:75 - [STDERR_REDIRECT] 
2026-03-29 16:58:21,632 [ERROR] LogOutputStream:75 - [STDERR_REDIRECT] [Fatal Error] :1:1: Premature end of file.
2026-03-29 16:58:21,632 [ERROR] LogOutputStream:75 - [STDERR_REDIRECT] 
2026-03-29 16:58:22,628 [ERROR] LogOutputStream:75 - [STDERR_REDIRECT] [Fatal Error] :1:1: Premature end of file.
2026-03-29 16:58:22,628 [ERROR] LogOutputStream:75 - [STDERR_REDIRECT] 
2026-03-29 16:58:23,628 [ERROR] LogOutputStream:75 - [STDERR_REDIRECT] [Fatal Error] :1:1: Premature end of file.
2026-03-29 16:58:23,628 [ERROR] LogOutputStream:75 - [STDERR_REDIRECT] 
2026-03-29 16:58:24,633 [ERROR] LogOutputStream:75 - [STDERR_REDIRECT] [Fatal Error] :1:1: Premature end of file.
2026-03-29 16:58:24,633 [ERROR] LogOutputStream:75 - [STDERR_REDIRECT] 
2026-03-29 16:58:25,641 [ERROR] LogOutputStream:75 - [STDERR_REDIRECT] [Fatal Error] :1:1: Premature end of file.
2026-03-29 16:58:25,642 [ERROR] LogOutputStream:75 - [STDERR_REDIRECT] 
2026-03-29 16:58:26,632 [ERROR] LogOutputStream:75 - [STDERR_REDIRECT] [Fatal Error] :1:1: Premature end of file.
2026-03-29 16:58:26,633 [ERROR] LogOutputStream:75 - [STDERR_REDIRECT] 
2026-03-29 16:58:27,631 [ERROR] LogOutputStream:75 - [STDERR_REDIRECT] [Fatal Error] :1:1: Premature end of file.
2026-03-29 16:58:27,631 [ERROR] LogOutputStream:75 - [STDERR_REDIRECT] 
2026-03-29 16:58:28,628 [ERROR] LogOutputStream:75 - [STDERR_REDIRECT] [Fatal Error] :1:1: Premature end of file.
2026-03-29 16:58:28,628 [ERROR] LogOutputStream:75 - [STDERR_REDIRECT] 
2026-03-29 16:58:29,635 [ERROR] LogOutputStream:75 - [STDERR_REDIRECT] [Fatal Error] :1:1: Premature end of file.
2026-03-29 16:58:29,635 [ERROR] LogOutputStream:75 - [STDERR_REDIRECT] 
2026-03-29 16:58:30,633 [ERROR] LogOutputStream:75 - [STDERR_REDIRECT] [Fatal Error] :1:1: Premature end of file.
2026-03-29 16:58:30,633 [ERROR] LogOutputStream:75 - [STDERR_REDIRECT] 
2026-03-29 16:58:31,627 [ERROR] LogOutputStream:75 - [STDERR_REDIRECT] [Fatal Error] :1:1: Premature end of file.
2026-03-29 16:58:31,627 [ERROR] LogOutputStream:75 - [STDERR_REDIRECT] 
2026-03-29 16:58:32,631 [ERROR] LogOutputStream:75 - [STDERR_REDIRECT] [Fatal Error] :1:1: Premature end of file.
2026-03-29 16:58:32,631 [ERROR] LogOutputStream:75 - [STDERR_REDIRECT] 
2026-03-29 16:58:33,634 [ERROR] LogOutputStream:75 - [STDERR_REDIRECT] [Fatal Error] :1:1: Premature end of file.
2026-03-29 16:58:33,634 [ERROR] LogOutputStream:75 - [STDERR_REDIRECT] 
2026-03-29 16:58:34,638 [ERROR] LogOutputStream:75 - [STDERR_REDIRECT] [Fatal Error] :1:1: Premature end of file.
2026-03-29 16:58:34,638 [ERROR] LogOutputStream:75 - [STDERR_REDIRECT] 
2026-03-29 16:58:35,642 [ERROR] LogOutputStream:75 - [STDERR_REDIRECT] [Fatal Error] :1:1: Premature end of file.
2026-03-29 16:58:35,642 [ERROR] LogOutputStream:75 - [STDERR_REDIRECT] 
2026-03-29 16:58:36,627 [ERROR] LogOutputStream:75 - [STDERR_REDIRECT] [Fatal Error] :1:1: Premature end of file.
2026-03-29 16:58:36,627 [ERROR] LogOutputStream:75 - [STDERR_REDIRECT] 
2026-03-29 16:58:37,631 [ERROR] LogOutputStream:75 - [STDERR_REDIRECT] [Fatal Error] :1:1: Premature end of file.
2026-03-29 16:58:37,631 [ERROR] LogOutputStream:75 - [STDERR_REDIRECT] 
2026-03-29 16:58:38,634 [ERROR] LogOutputStream:75 - [STDERR_REDIRECT] [Fatal Error] :1:1: Premature end of file.
2026-03-29 16:58:38,635 [ERROR] LogOutputStream:75 - [STDERR_REDIRECT] 
2026-03-29 16:58:39,648 [ERROR] LogOutputStream:75 - [STDERR_REDIRECT] [Fatal Error] :1:1: Premature end of file.
2026-03-29 16:58:39,648 [ERROR] LogOutputStream:75 - [STDERR_REDIRECT] 
2026-03-29 16:58:40,630 [ERROR] LogOutputStream:75 - [STDERR_REDIRECT] [Fatal Error] :1:1: Premature end of file.
2026-03-29 16:58:40,630 [ERROR] LogOutputStream:75 - [STDERR_REDIRECT] 
2026-03-29 16:58:41,631 [ERROR] LogOutputStream:75 - [STDERR_REDIRECT] [Fatal Error] :1:1: Premature end of file.
2026-03-29 16:58:41,635 [ERROR] LogOutputStream:75 - [STDERR_REDIRECT] 
2026-03-29 16:58:42,632 [ERROR] LogOutputStream:75 - [STDERR_REDIRECT] [Fatal Error] :1:1: Premature end of file.
2026-03-29 16:58:42,632 [ERROR] LogOutputStream:75 - [STDERR_REDIRECT] 
2026-03-29 16:58:43,632 [ERROR] LogOutputStream:75 - [STDERR_REDIRECT] [Fatal Error] :1:1: Premature end of file.
2026-03-29 16:58:43,632 [ERROR] LogOutputStream:75 - [STDERR_REDIRECT] 
2026-03-29 16:58:44,634 [ERROR] LogOutputStream:75 - [STDERR_REDIRECT] [Fatal Error] :1:1: Premature end of file.
2026-03-29 16:58:44,638 [ERROR] LogOutputStream:75 - [STDERR_REDIRECT] 
2026-03-29 16:58:45,622 [ERROR] LogOutputStream:75 - [STDERR_REDIRECT] [Fatal Error] :1:1: Premature end of file.
2026-03-29 16:58:45,622 [ERROR] LogOutputStream:75 - [STDERR_REDIRECT] 
2026-03-29 16:58:46,627 [ERROR] LogOutputStream:75 - [STDERR_REDIRECT] [Fatal Error] :1:1: Premature end of file.
2026-03-29 16:58:46,627 [ERROR] LogOutputStream:75 - [STDERR_REDIRECT] 
2026-03-29 16:58:47,627 [ERROR] LogOutputStream:75 - [STDERR_REDIRECT] [Fatal Error] :1:1: Premature end of file.
2026-03-29 16:58:47,627 [ERROR] LogOutputStream:75 - [STDERR_REDIRECT] 
2026-03-29 16:58:48,613 [ERROR] LogOutputStream:75 - [STDERR_REDIRECT] [Fatal Error] :1:1: Premature end of file.
2026-03-29 16:58:48,613 [ERROR] LogOutputStream:75 - [STDERR_REDIRECT] 
2026-03-29 16:58:49,626 [ERROR] LogOutputStream:75 - [STDERR_REDIRECT] [Fatal Error] :1:1: Premature end of file.
2026-03-29 16:58:49,630 [ERROR] LogOutputStream:75 - [STDERR_REDIRECT] 
2026-03-29 16:58:50,625 [ERROR] LogOutputStream:75 - [STDERR_REDIRECT] [Fatal Error] :1:1: Premature end of file.
2026-03-29 16:58:50,625 [ERROR] LogOutputStream:75 - [STDERR_REDIRECT] 
2026-03-29 16:58:51,633 [ERROR] LogOutputStream:75 - [STDERR_REDIRECT] [Fatal Error] :1:1: Premature end of file.
2026-03-29 16:58:51,633 [ERROR] LogOutputStream:75 - [STDERR_REDIRECT] 
2026-03-29 16:58:52,647 [ERROR] LogOutputStream:75 - [STDERR_REDIRECT] [Fatal Error] :1:1: Premature end of file.
2026-03-29 16:58:52,647 [ERROR] LogOutputStream:75 - [STDERR_REDIRECT] 
2026-03-29 16:58:53,629 [ERROR] LogOutputStream:75 - [STDERR_REDIRECT] [Fatal Error] :1:1: Premature end of file.
2026-03-29 16:58:53,629 [ERROR] LogOutputStream:75 - [STDERR_REDIRECT] 
2026-03-29 16:58:54,628 [ERROR] LogOutputStream:75 - [STDERR_REDIRECT] [Fatal Error] :1:1: Premature end of file.
2026-03-29 16:58:54,628 [ERROR] LogOutputStream:75 - [STDERR_REDIRECT] 
2026-03-29 16:58:55,629 [ERROR] LogOutputStream:75 - [STDERR_REDIRECT] [Fatal Error] :1:1: Premature end of file.
2026-03-29 16:58:55,629 [ERROR] LogOutputStream:75 - [STDERR_REDIRECT] 
2026-03-29 16:58:56,633 [ERROR] LogOutputStream:75 - [STDERR_REDIRECT] [Fatal Error] :1:1: Premature end of file.
2026-03-29 16:58:56,633 [ERROR] LogOutputStream:75 - [STDERR_REDIRECT] 
2026-03-29 16:58:57,643 [ERROR] LogOutputStream:75 - [STDERR_REDIRECT] [Fatal Error] :1:1: Premature end of file.
2026-03-29 16:58:57,643 [ERROR] LogOutputStream:75 - [STDERR_REDIRECT] 
2026-03-29 16:58:58,634 [ERROR] LogOutputStream:75 - [STDERR_REDIRECT] [Fatal Error] :1:1: Premature end of file.
2026-03-29 16:58:58,636 [ERROR] LogOutputStream:75 - [STDERR_REDIRECT] 
2026-03-29 16:58:59,649 [ERROR] LogOutputStream:75 - [STDERR_REDIRECT] [Fatal Error] :1:1: Premature end of file.
2026-03-29 16:58:59,649 [ERROR] LogOutputStream:75 - [STDERR_REDIRECT] 
2026-03-29 16:59:00,641 [ERROR] LogOutputStream:75 - [STDERR_REDIRECT] [Fatal Error] :1:1: Premature end of file.
2026-03-29 16:59:00,641 [ERROR] LogOutputStream:75 - [STDERR_REDIRECT] 
2026-03-29 16:59:01,634 [ERROR] LogOutputStream:75 - [STDERR_REDIRECT] [Fatal Error] :1:1: Premature end of file.
2026-03-29 16:59:01,634 [ERROR] LogOutputStream:75 - [STDERR_REDIRECT] 
2026-03-29 16:59:02,616 [ERROR] LogOutputStream:75 - [STDERR_REDIRECT] [Fatal Error] :1:1: Premature end of file.
2026-03-29 16:59:02,616 [ERROR] LogOutputStream:75 - [STDERR_REDIRECT] 
2026-03-29 16:59:03,635 [ERROR] LogOutputStream:75 - [STDERR_REDIRECT] [Fatal Error] :1:1: Premature end of file.
2026-03-29 16:59:03,635 [ERROR] LogOutputStream:75 - [STDERR_REDIRECT] 
2026-03-29 16:59:04,636 [ERROR] LogOutputStream:75 - [STDERR_REDIRECT] [Fatal Error] :1:1: Premature end of file.
2026-03-29 16:59:04,636 [ERROR] LogOutputStream:75 - [STDERR_REDIRECT] 
2026-03-29 16:59:05,633 [ERROR] LogOutputStream:75 - [STDERR_REDIRECT] [Fatal Error] :1:1: Premature end of file.
2026-03-29 16:59:05,633 [ERROR] LogOutputStream:75 - [STDERR_REDIRECT] 
2026-03-29 16:59:06,636 [ERROR] LogOutputStream:75 - [STDERR_REDIRECT] [Fatal Error] :1:1: Premature end of file.
2026-03-29 16:59:06,636 [ERROR] LogOutputStream:75 - [STDERR_REDIRECT] 
2026-03-29 16:59:07,629 [ERROR] LogOutputStream:75 - [STDERR_REDIRECT] [Fatal Error] :1:1: Premature end of file.
2026-03-29 16:59:07,629 [ERROR] LogOutputStream:75 - [STDERR_REDIRECT] 
2026-03-29 16:59:08,639 [ERROR] LogOutputStream:75 - [STDERR_REDIRECT] [Fatal Error] :1:1: Premature end of file.
2026-03-29 16:59:08,640 [ERROR] LogOutputStream:75 - [STDERR_REDIRECT] 
2026-03-29 16:59:09,626 [ERROR] LogOutputStream:75 - [STDERR_REDIRECT] [Fatal Error] :1:1: Premature end of file.
2026-03-29 16:59:09,626 [ERROR] LogOutputStream:75 - [STDERR_REDIRECT] 
2026-03-29 16:59:10,626 [ERROR] LogOutputStream:75 - [STDERR_REDIRECT] [Fatal Error] :1:1: Premature end of file.
2026-03-29 16:59:10,626 [ERROR] LogOutputStream:75 - [STDERR_REDIRECT] 
2026-03-29 16:59:11,625 [ERROR] LogOutputStream:75 - [STDERR_REDIRECT] [Fatal Error] :1:1: Premature end of file.
2026-03-29 16:59:11,625 [ERROR] LogOutputStream:75 - [STDERR_REDIRECT] 
2026-03-29 16:59:12,624 [ERROR] LogOutputStream:75 - [STDERR_REDIRECT] [Fatal Error] :1:1: Premature end of file.
2026-03-29 16:59:12,624 [ERROR] LogOutputStream:75 - [STDERR_REDIRECT] 
2026-03-29 16:59:13,623 [ERROR] LogOutputStream:75 - [STDERR_REDIRECT] [Fatal Error] :1:1: Premature end of file.
2026-03-29 16:59:13,623 [ERROR] LogOutputStream:75 - [STDERR_REDIRECT] 
2026-03-29 16:59:14,636 [ERROR] LogOutputStream:75 - [STDERR_REDIRECT] [Fatal Error] :1:1: Premature end of file.
2026-03-29 16:59:14,636 [ERROR] LogOutputStream:75 - [STDERR_REDIRECT] 
2026-03-29 16:59:15,627 [ERROR] LogOutputStream:75 - [STDERR_REDIRECT] [Fatal Error] :1:1: Premature end of file.
2026-03-29 16:59:15,627 [ERROR] LogOutputStream:75 - [STDERR_REDIRECT] 
2026-03-29 16:59:16,642 [ERROR] LogOutputStream:75 - [STDERR_REDIRECT] [Fatal Error] :1:1: Premature end of file.
2026-03-29 16:59:16,642 [ERROR] LogOutputStream:75 - [STDERR_REDIRECT] 
2026-03-29 16:59:17,638 [ERROR] LogOutputStream:75 - [STDERR_REDIRECT] [Fatal Error] :1:1: Premature end of file.
2026-03-29 16:59:17,639 [ERROR] LogOutputStream:75 - [STDERR_REDIRECT] 
2026-03-29 16:59:18,639 [ERROR] LogOutputStream:75 - [STDERR_REDIRECT] [Fatal Error] :1:1: Premature end of file.
2026-03-29 16:59:18,639 [ERROR] LogOutputStream:75 - [STDERR_REDIRECT] 
2026-03-29 16:59:19,622 [ERROR] LogOutputStream:75 - [STDERR_REDIRECT] [Fatal Error] :1:1: Premature end of file.
2026-03-29 16:59:19,622 [ERROR] LogOutputStream:75 - [STDERR_REDIRECT] 
2026-03-29 16:59:20,639 [ERROR] LogOutputStream:75 - [STDERR_REDIRECT] [Fatal Error] :1:1: Premature end of file.
2026-03-29 16:59:20,639 [ERROR] LogOutputStream:75 - [STDERR_REDIRECT] 
2026-03-29 16:59:21,650 [ERROR] LogOutputStream:75 - [STDERR_REDIRECT] [Fatal Error] :1:1: Premature end of file.
2026-03-29 16:59:21,652 [ERROR] LogOutputStream:75 - [STDERR_REDIRECT] 
2026-03-29 16:59:22,638 [ERROR] LogOutputStream:75 - [STDERR_REDIRECT] [Fatal Error] :1:1: Premature end of file.
2026-03-29 16:59:22,638 [ERROR] LogOutputStream:75 - [STDERR_REDIRECT] 
2026-03-29 16:59:23,631 [ERROR] LogOutputStream:75 - [STDERR_REDIRECT] [Fatal Error] :1:1: Premature end of file.
2026-03-29 16:59:23,631 [ERROR] LogOutputStream:75 - [STDERR_REDIRECT] 
2026-03-29 16:59:24,643 [ERROR] LogOutputStream:75 - [STDERR_REDIRECT] [Fatal Error] :1:1: Premature end of file.
2026-03-29 16:59:24,643 [ERROR] LogOutputStream:75 - [STDERR_REDIRECT] 
2026-03-29 16:59:25,631 [ERROR] LogOutputStream:75 - [STDERR_REDIRECT] [Fatal Error] :1:1: Premature end of file.
2026-03-29 16:59:25,631 [ERROR] LogOutputStream:75 - [STDERR_REDIRECT] 
2026-03-29 16:59:26,627 [ERROR] LogOutputStream:75 - [STDERR_REDIRECT] [Fatal Error] :1:1: Premature end of file.
2026-03-29 16:59:26,628 [ERROR] LogOutputStream:75 - [STDERR_REDIRECT] 
2026-03-29 16:59:27,631 [ERROR] LogOutputStream:75 - [STDERR_REDIRECT] [Fatal Error] :1:1: Premature end of file.
2026-03-29 16:59:27,631 [ERROR] LogOutputStream:75 - [STDERR_REDIRECT] 
2026-03-29 16:59:28,628 [ERROR] LogOutputStream:75 - [STDERR_REDIRECT] [Fatal Error] :1:1: Premature end of file.
2026-03-29 16:59:28,628 [ERROR] LogOutputStream:75 - [STDERR_REDIRECT] 
2026-03-29 16:59:29,628 [ERROR] LogOutputStream:75 - [STDERR_REDIRECT] [Fatal Error] :1:1: Premature end of file.
2026-03-29 16:59:29,628 [ERROR] LogOutputStream:75 - [STDERR_REDIRECT] 
2026-03-29 16:59:30,631 [ERROR] LogOutputStream:75 - [STDERR_REDIRECT] [Fatal Error] :1:1: Premature end of file.
2026-03-29 16:59:30,631 [ERROR] LogOutputStream:75 - [STDERR_REDIRECT] 
2026-03-29 16:59:31,626 [ERROR] LogOutputStream:75 - [STDERR_REDIRECT] [Fatal Error] :1:1: Premature end of file.
2026-03-29 16:59:31,626 [ERROR] LogOutputStream:75 - [STDERR_REDIRECT] 
2026-03-29 16:59:32,644 [ERROR] LogOutputStream:75 - [STDERR_REDIRECT] [Fatal Error] :1:1: Premature end of file.
2026-03-29 16:59:32,644 [ERROR] LogOutputStream:75 - [STDERR_REDIRECT] 
2026-03-29 16:59:33,664 [ERROR] LogOutputStream:75 - [STDERR_REDIRECT] [Fatal Error] :1:1: Premature end of file.
2026-03-29 16:59:33,664 [ERROR] LogOutputStream:75 - [STDERR_REDIRECT] 
2026-03-29 16:59:34,647 [ERROR] LogOutputStream:75 - [STDERR_REDIRECT] [Fatal Error] :1:1: Premature end of file.
2026-03-29 16:59:34,647 [ERROR] LogOutputStream:75 - [STDERR_REDIRECT] 
2026-03-29 16:59:35,623 [ERROR] LogOutputStream:75 - [STDERR_REDIRECT] [Fatal Error] :1:1: Premature end of file.
2026-03-29 16:59:35,625 [ERROR] LogOutputStream:75 - [STDERR_REDIRECT] 
2026-03-29 16:59:36,630 [ERROR] LogOutputStream:75 - [STDERR_REDIRECT] [Fatal Error] :1:1: Premature end of file.
2026-03-29 16:59:36,630 [ERROR] LogOutputStream:75 - [STDERR_REDIRECT] 
2026-03-29 16:59:37,641 [ERROR] LogOutputStream:75 - [STDERR_REDIRECT] [Fatal Error] :1:1: Premature end of file.
2026-03-29 16:59:37,641 [ERROR] LogOutputStream:75 - [STDERR_REDIRECT] 
2026-03-29 16:59:38,624 [ERROR] LogOutputStream:75 - [STDERR_REDIRECT] [Fatal Error] :1:1: Premature end of file.
2026-03-29 16:59:38,624 [ERROR] LogOutputStream:75 - [STDERR_REDIRECT] 
2026-03-29 16:59:39,634 [ERROR] LogOutputStream:75 - [STDERR_REDIRECT] [Fatal Error] :1:1: Premature end of file.
2026-03-29 16:59:39,634 [ERROR] LogOutputStream:75 - [STDERR_REDIRECT] 
2026-03-29 16:59:40,634 [ERROR] LogOutputStream:75 - [STDERR_REDIRECT] [Fatal Error] :1:1: Premature end of file.
2026-03-29 16:59:40,634 [ERROR] LogOutputStream:75 - [STDERR_REDIRECT] 
2026-03-29 16:59:41,629 [ERROR] LogOutputStream:75 - [STDERR_REDIRECT] [Fatal Error] :1:1: Premature end of file.
2026-03-29 16:59:41,629 [ERROR] LogOutputStream:75 - [STDERR_REDIRECT] 
2026-03-29 16:59:42,638 [ERROR] LogOutputStream:75 - [STDERR_REDIRECT] [Fatal Error] :1:1: Premature end of file.
2026-03-29 16:59:42,638 [ERROR] LogOutputStream:75 - [STDERR_REDIRECT] 
2026-03-29 16:59:43,647 [ERROR] LogOutputStream:75 - [STDERR_REDIRECT] [Fatal Error] :1:1: Premature end of file.
2026-03-29 16:59:43,647 [ERROR] LogOutputStream:75 - [STDERR_REDIRECT] 
2026-03-29 16:59:44,633 [ERROR] LogOutputStream:75 - [STDERR_REDIRECT] [Fatal Error] :1:1: Premature end of file.
2026-03-29 16:59:44,633 [ERROR] LogOutputStream:75 - [STDERR_REDIRECT] 
2026-03-29 16:59:45,627 [ERROR] LogOutputStream:75 - [STDERR_REDIRECT] [Fatal Error] :1:1: Premature end of file.
2026-03-29 16:59:45,627 [ERROR] LogOutputStream:75 - [STDERR_REDIRECT] 
2026-03-29 16:59:46,631 [ERROR] LogOutputStream:75 - [STDERR_REDIRECT] [Fatal Error] :1:1: Premature end of file.
2026-03-29 16:59:46,631 [ERROR] LogOutputStream:75 - [STDERR_REDIRECT] 
2026-03-29 16:59:47,639 [ERROR] LogOutputStream:75 - [STDERR_REDIRECT] [Fatal Error] :1:1: Premature end of file.
2026-03-29 16:59:47,639 [ERROR] LogOutputStream:75 - [STDERR_REDIRECT] 
2026-03-29 16:59:48,628 [ERROR] LogOutputStream:75 - [STDERR_REDIRECT] [Fatal Error] :1:1: Premature end of file.
2026-03-29 16:59:48,628 [ERROR] LogOutputStream:75 - [STDERR_REDIRECT] 
2026-03-29 16:59:49,628 [ERROR] LogOutputStream:75 - [STDERR_REDIRECT] [Fatal Error] :1:1: Premature end of file.
2026-03-29 16:59:49,628 [ERROR] LogOutputStream:75 - [STDERR_REDIRECT] 
2026-03-29 16:59:50,629 [ERROR] LogOutputStream:75 - [STDERR_REDIRECT] [Fatal Error] :1:1: Premature end of file.
2026-03-29 16:59:50,629 [ERROR] LogOutputStream:75 - [STDERR_REDIRECT] 
2026-03-29 16:59:51,632 [ERROR] LogOutputStream:75 - [STDERR_REDIRECT] [Fatal Error] :1:1: Premature end of file.
2026-03-29 16:59:51,632 [ERROR] LogOutputStream:75 - [STDERR_REDIRECT] 
2026-03-29 16:59:52,627 [ERROR] LogOutputStream:75 - [STDERR_REDIRECT] [Fatal Error] :1:1: Premature end of file.
2026-03-29 16:59:52,627 [ERROR] LogOutputStream:75 - [STDERR_REDIRECT] 
2026-03-29 16:59:53,631 [ERROR] LogOutputStream:75 - [STDERR_REDIRECT] [Fatal Error] :1:1: Premature end of file.
2026-03-29 16:59:53,631 [ERROR] LogOutputStream:75 - [STDERR_REDIRECT] 
2026-03-29 16:59:54,629 [ERROR] LogOutputStream:75 - [STDERR_REDIRECT] [Fatal Error] :1:1: Premature end of file.
2026-03-29 16:59:54,629 [ERROR] LogOutputStream:75 - [STDERR_REDIRECT] 
2026-03-29 16:59:55,632 [ERROR] LogOutputStream:75 - [STDERR_REDIRECT] [Fatal Error] :1:1: Premature end of file.
2026-03-29 16:59:55,632 [ERROR] LogOutputStream:75 - [STDERR_REDIRECT] 
2026-03-29 16:59:56,627 [ERROR] LogOutputStream:75 - [STDERR_REDIRECT] [Fatal Error] :1:1: Premature end of file.
2026-03-29 16:59:56,627 [ERROR] LogOutputStream:75 - [STDERR_REDIRECT] 
2026-03-29 16:59:57,627 [ERROR] LogOutputStream:75 - [STDERR_REDIRECT] [Fatal Error] :1:1: Premature end of file.
2026-03-29 16:59:57,627 [ERROR] LogOutputStream:75 - [STDERR_REDIRECT] 
2026-03-29 16:59:58,628 [ERROR] LogOutputStream:75 - [STDERR_REDIRECT] [Fatal Error] :1:1: Premature end of file.
2026-03-29 16:59:58,628 [ERROR] LogOutputStream:75 - [STDERR_REDIRECT] 
2026-03-29 16:59:59,627 [ERROR] LogOutputStream:75 - [STDERR_REDIRECT] [Fatal Error] :1:1: Premature end of file.
2026-03-29 16:59:59,627 [ERROR] LogOutputStream:75 - [STDERR_REDIRECT] 
2026-03-29 17:00:00,662 [ERROR] LogOutputStream:75 - [STDERR_REDIRECT] [Fatal Error] :1:1: Premature end of file.
2026-03-29 17:00:00,662 [ERROR] LogOutputStream:75 - [STDERR_REDIRECT] 
2026-03-29 17:00:01,625 [ERROR] LogOutputStream:75 - [STDERR_REDIRECT] [Fatal Error] :1:1: Premature end of file.
2026-03-29 17:00:01,625 [ERROR] LogOutputStream:75 - [STDERR_REDIRECT] 
2026-03-29 17:00:02,625 [ERROR] LogOutputStream:75 - [STDERR_REDIRECT] [Fatal Error] :1:1: Premature end of file.
2026-03-29 17:00:02,625 [ERROR] LogOutputStream:75 - [STDERR_REDIRECT] 
2026-03-29 17:00:03,632 [ERROR] LogOutputStream:75 - [STDERR_REDIRECT] [Fatal Error] :1:1: Premature end of file.
2026-03-29 17:00:03,632 [ERROR] LogOutputStream:75 - [STDERR_REDIRECT] 
2026-03-29 17:00:04,632 [ERROR] LogOutputStream:75 - [STDERR_REDIRECT] [Fatal Error] :1:1: Premature end of file.
2026-03-29 17:00:04,632 [ERROR] LogOutputStream:75 - [STDERR_REDIRECT] 
2026-03-29 17:00:05,628 [ERROR] LogOutputStream:75 - [STDERR_REDIRECT] [Fatal Error] :1:1: Premature end of file.
2026-03-29 17:00:05,629 [ERROR] LogOutputStream:75 - [STDERR_REDIRECT] 
2026-03-29 17:00:06,632 [ERROR] LogOutputStream:75 - [STDERR_REDIRECT] [Fatal Error] :1:1: Premature end of file.
2026-03-29 17:00:06,632 [ERROR] LogOutputStream:75 - [STDERR_REDIRECT] 
2026-03-29 17:00:07,634 [ERROR] LogOutputStream:75 - [STDERR_REDIRECT] [Fatal Error] :1:1: Premature end of file.
2026-03-29 17:00:07,634 [ERROR] LogOutputStream:75 - [STDERR_REDIRECT] 
2026-03-29 17:00:08,626 [ERROR] LogOutputStream:75 - [STDERR_REDIRECT] [Fatal Error] :1:1: Premature end of file.
2026-03-29 17:00:08,626 [ERROR] LogOutputStream:75 - [STDERR_REDIRECT] 
2026-03-29 17:00:09,634 [ERROR] LogOutputStream:75 - [STDERR_REDIRECT] [Fatal Error] :1:1: Premature end of file.
2026-03-29 17:00:09,634 [ERROR] LogOutputStream:75 - [STDERR_REDIRECT] 
2026-03-29 17:00:10,640 [ERROR] LogOutputStream:75 - [STDERR_REDIRECT] [Fatal Error] :1:1: Premature end of file.
2026-03-29 17:00:10,640 [ERROR] LogOutputStream:75 - [STDERR_REDIRECT] 
2026-03-29 17:00:11,624 [ERROR] LogOutputStream:75 - [STDERR_REDIRECT] [Fatal Error] :1:1: Premature end of file.
2026-03-29 17:00:11,624 [ERROR] LogOutputStream:75 - [STDERR_REDIRECT] 
2026-03-29 17:00:12,628 [ERROR] LogOutputStream:75 - [STDERR_REDIRECT] [Fatal Error] :1:1: Premature end of file.
2026-03-29 17:00:12,628 [ERROR] LogOutputStream:75 - [STDERR_REDIRECT] 
2026-03-29 17:00:13,629 [ERROR] LogOutputStream:75 - [STDERR_REDIRECT] [Fatal Error] :1:1: Premature end of file.
2026-03-29 17:00:13,629 [ERROR] LogOutputStream:75 - [STDERR_REDIRECT] 
2026-03-29 17:00:14,634 [ERROR] LogOutputStream:75 - [STDERR_REDIRECT] [Fatal Error] :1:1: Premature end of file.
2026-03-29 17:00:14,634 [ERROR] LogOutputStream:75 - [STDERR_REDIRECT] 
2026-03-29 17:00:15,630 [ERROR] LogOutputStream:75 - [STDERR_REDIRECT] [Fatal Error] :1:1: Premature end of file.
2026-03-29 17:00:15,632 [ERROR] LogOutputStream:75 - [STDERR_REDIRECT] 
2026-03-29 17:00:16,636 [ERROR] LogOutputStream:75 - [STDERR_REDIRECT] [Fatal Error] :1:1: Premature end of file.
2026-03-29 17:00:16,636 [ERROR] LogOutputStream:75 - [STDERR_REDIRECT] 
2026-03-29 17:00:17,625 [ERROR] LogOutputStream:75 - [STDERR_REDIRECT] [Fatal Error] :1:1: Premature end of file.
2026-03-29 17:00:17,625 [ERROR] LogOutputStream:75 - [STDERR_REDIRECT] 
2026-03-29 17:00:18,623 [ERROR] LogOutputStream:75 - [STDERR_REDIRECT] [Fatal Error] :1:1: Premature end of file.
2026-03-29 17:00:18,623 [ERROR] LogOutputStream:75 - [STDERR_REDIRECT] 
2026-03-29 17:00:19,625 [ERROR] LogOutputStream:75 - [STDERR_REDIRECT] [Fatal Error] :1:1: Premature end of file.
2026-03-29 17:00:19,625 [ERROR] LogOutputStream:75 - [STDERR_REDIRECT] 
2026-03-29 17:00:20,627 [ERROR] LogOutputStream:75 - [STDERR_REDIRECT] [Fatal Error] :1:1: Premature end of file.
2026-03-29 17:00:20,627 [ERROR] LogOutputStream:75 - [STDERR_REDIRECT] 
2026-03-29 17:00:21,625 [ERROR] LogOutputStream:75 - [STDERR_REDIRECT] [Fatal Error] :1:1: Premature end of file.
2026-03-29 17:00:21,625 [ERROR] LogOutputStream:75 - [STDERR_REDIRECT] 
2026-03-29 17:00:22,622 [ERROR] LogOutputStream:75 - [STDERR_REDIRECT] [Fatal Error] :1:1: Premature end of file.
2026-03-29 17:00:22,622 [ERROR] LogOutputStream:75 - [STDERR_REDIRECT] 
2026-03-29 17:00:23,622 [ERROR] LogOutputStream:75 - [STDERR_REDIRECT] [Fatal Error] :1:1: Premature end of file.
2026-03-29 17:00:23,622 [ERROR] LogOutputStream:75 - [STDERR_REDIRECT] 
2026-03-29 17:00:24,632 [ERROR] LogOutputStream:75 - [STDERR_REDIRECT] [Fatal Error] :1:1: Premature end of file.
2026-03-29 17:00:24,632 [ERROR] LogOutputStream:75 - [STDERR_REDIRECT] 
2026-03-29 17:00:25,628 [ERROR] LogOutputStream:75 - [STDERR_REDIRECT] [Fatal Error] :1:1: Premature end of file.
2026-03-29 17:00:25,628 [ERROR] LogOutputStream:75 - [STDERR_REDIRECT] 
2026-03-29 17:00:26,642 [ERROR] LogOutputStream:75 - [STDERR_REDIRECT] [Fatal Error] :1:1: Premature end of file.
2026-03-29 17:00:26,642 [ERROR] LogOutputStream:75 - [STDERR_REDIRECT] 
2026-03-29 17:00:27,635 [ERROR] LogOutputStream:75 - [STDERR_REDIRECT] [Fatal Error] :1:1: Premature end of file.
2026-03-29 17:00:27,635 [ERROR] LogOutputStream:75 - [STDERR_REDIRECT] 
2026-03-29 17:00:28,644 [ERROR] LogOutputStream:75 - [STDERR_REDIRECT] [Fatal Error] :1:1: Premature end of file.
2026-03-29 17:00:28,644 [ERROR] LogOutputStream:75 - [STDERR_REDIRECT] 
2026-03-29 17:00:29,638 [ERROR] LogOutputStream:75 - [STDERR_REDIRECT] [Fatal Error] :1:1: Premature end of file.
2026-03-29 17:00:29,638 [ERROR] LogOutputStream:75 - [STDERR_REDIRECT] 
2026-03-29 17:00:30,647 [ERROR] LogOutputStream:75 - [STDERR_REDIRECT] [Fatal Error] :1:1: Premature end of file.
2026-03-29 17:00:30,647 [ERROR] LogOutputStream:75 - [STDERR_REDIRECT] 
2026-03-29 17:00:31,629 [ERROR] LogOutputStream:75 - [STDERR_REDIRECT] [Fatal Error] :1:1: Premature end of file.
2026-03-29 17:00:31,629 [ERROR] LogOutputStream:75 - [STDERR_REDIRECT] 
2026-03-29 17:00:32,647 [ERROR] LogOutputStream:75 - [STDERR_REDIRECT] [Fatal Error] :1:1: Premature end of file.
2026-03-29 17:00:32,647 [ERROR] LogOutputStream:75 - [STDERR_REDIRECT] 
2026-03-29 17:00:33,627 [ERROR] LogOutputStream:75 - [STDERR_REDIRECT] [Fatal Error] :1:1: Premature end of file.
2026-03-29 17:00:33,627 [ERROR] LogOutputStream:75 - [STDERR_REDIRECT] 
2026-03-29 17:00:34,637 [ERROR] LogOutputStream:75 - [STDERR_REDIRECT] [Fatal Error] :1:1: Premature end of file.
2026-03-29 17:00:34,637 [ERROR] LogOutputStream:75 - [STDERR_REDIRECT] 
2026-03-29 17:00:35,635 [ERROR] LogOutputStream:75 - [STDERR_REDIRECT] [Fatal Error] :1:1: Premature end of file.
2026-03-29 17:00:35,635 [ERROR] LogOutputStream:75 - [STDERR_REDIRECT] 
2026-03-29 17:00:36,635 [ERROR] LogOutputStream:75 - [STDERR_REDIRECT] [Fatal Error] :1:1: Premature end of file.
2026-03-29 17:00:36,635 [ERROR] LogOutputStream:75 - [STDERR_REDIRECT] 
2026-03-29 17:00:37,644 [ERROR] LogOutputStream:75 - [STDERR_REDIRECT] [Fatal Error] :1:1: Premature end of file.
2026-03-29 17:00:37,645 [ERROR] LogOutputStream:75 - [STDERR_REDIRECT] 
2026-03-29 17:00:38,629 [ERROR] LogOutputStream:75 - [STDERR_REDIRECT] [Fatal Error] :1:1: Premature end of file.
2026-03-29 17:00:38,629 [ERROR] LogOutputStream:75 - [STDERR_REDIRECT] 
2026-03-29 17:00:39,638 [ERROR] LogOutputStream:75 - [STDERR_REDIRECT] [Fatal Error] :1:1: Premature end of file.
2026-03-29 17:00:39,638 [ERROR] LogOutputStream:75 - [STDERR_REDIRECT] 
2026-03-29 17:00:40,627 [ERROR] LogOutputStream:75 - [STDERR_REDIRECT] [Fatal Error] :1:1: Premature end of file.
2026-03-29 17:00:40,627 [ERROR] LogOutputStream:75 - [STDERR_REDIRECT] 
2026-03-29 17:00:41,627 [ERROR] LogOutputStream:75 - [STDERR_REDIRECT] [Fatal Error] :1:1: Premature end of file.
2026-03-29 17:00:41,627 [ERROR] LogOutputStream:75 - [STDERR_REDIRECT] 
2026-03-29 17:00:42,626 [ERROR] LogOutputStream:75 - [STDERR_REDIRECT] [Fatal Error] :1:1: Premature end of file.
2026-03-29 17:00:42,626 [ERROR] LogOutputStream:75 - [STDERR_REDIRECT] 
2026-03-29 17:00:43,628 [ERROR] LogOutputStream:75 - [STDERR_REDIRECT] [Fatal Error] :1:1: Premature end of file.
2026-03-29 17:00:43,629 [ERROR] LogOutputStream:75 - [STDERR_REDIRECT] 
2026-03-29 17:00:44,631 [ERROR] LogOutputStream:75 - [STDERR_REDIRECT] [Fatal Error] :1:1: Premature end of file.
2026-03-29 17:00:44,631 [ERROR] LogOutputStream:75 - [STDERR_REDIRECT] 
2026-03-29 17:00:45,629 [ERROR] LogOutputStream:75 - [STDERR_REDIRECT] [Fatal Error] :1:1: Premature end of file.
2026-03-29 17:00:45,629 [ERROR] LogOutputStream:75 - [STDERR_REDIRECT] 
2026-03-29 17:00:46,640 [ERROR] LogOutputStream:75 - [STDERR_REDIRECT] [Fatal Error] :1:1: Premature end of file.
2026-03-29 17:00:46,640 [ERROR] LogOutputStream:75 - [STDERR_REDIRECT] 
2026-03-29 17:00:47,652 [ERROR] LogOutputStream:75 - [STDERR_REDIRECT] [Fatal Error] :1:1: Premature end of file.
2026-03-29 17:00:47,652 [ERROR] LogOutputStream:75 - [STDERR_REDIRECT] 
2026-03-29 17:00:48,643 [ERROR] LogOutputStream:75 - [STDERR_REDIRECT] [Fatal Error] :1:1: Premature end of file.
2026-03-29 17:00:48,643 [ERROR] LogOutputStream:75 - [STDERR_REDIRECT] 
2026-03-29 17:00:49,626 [ERROR] LogOutputStream:75 - [STDERR_REDIRECT] [Fatal Error] :1:1: Premature end of file.
2026-03-29 17:00:49,626 [ERROR] LogOutputStream:75 - [STDERR_REDIRECT] 
2026-03-29 17:00:50,627 [ERROR] LogOutputStream:75 - [STDERR_REDIRECT] [Fatal Error] :1:1: Premature end of file.
2026-03-29 17:00:50,627 [ERROR] LogOutputStream:75 - [STDERR_REDIRECT] 
2026-03-29 17:00:51,623 [ERROR] LogOutputStream:75 - [STDERR_REDIRECT] [Fatal Error] :1:1: Premature end of file.
2026-03-29 17:00:51,623 [ERROR] LogOutputStream:75 - [STDERR_REDIRECT] 
2026-03-29 17:00:52,627 [ERROR] LogOutputStream:75 - [STDERR_REDIRECT] [Fatal Error] :1:1: Premature end of file.
2026-03-29 17:00:52,627 [ERROR] LogOutputStream:75 - [STDERR_REDIRECT] 
2026-03-29 17:00:53,626 [ERROR] LogOutputStream:75 - [STDERR_REDIRECT] [Fatal Error] :1:1: Premature end of file.
2026-03-29 17:00:53,626 [ERROR] LogOutputStream:75 - [STDERR_REDIRECT] 
2026-03-29 17:00:54,618 [ERROR] LogOutputStream:75 - [STDERR_REDIRECT] [Fatal Error] :1:1: Premature end of file.
2026-03-29 17:00:54,618 [ERROR] LogOutputStream:75 - [STDERR_REDIRECT] 
2026-03-29 17:00:55,622 [ERROR] LogOutputStream:75 - [STDERR_REDIRECT] [Fatal Error] :1:1: Premature end of file.
2026-03-29 17:00:55,622 [ERROR] LogOutputStream:75 - [STDERR_REDIRECT] 
2026-03-29 17:00:56,636 [ERROR] LogOutputStream:75 - [STDERR_REDIRECT] [Fatal Error] :1:1: Premature end of file.
2026-03-29 17:00:56,637 [ERROR] LogOutputStream:75 - [STDERR_REDIRECT] 
2026-03-29 17:00:57,627 [ERROR] LogOutputStream:75 - [STDERR_REDIRECT] [Fatal Error] :1:1: Premature end of file.
2026-03-29 17:00:57,632 [ERROR] LogOutputStream:75 - [STDERR_REDIRECT] 
2026-03-29 17:00:58,637 [ERROR] LogOutputStream:75 - [STDERR_REDIRECT] [Fatal Error] :1:1: Premature end of file.
2026-03-29 17:00:58,637 [ERROR] LogOutputStream:75 - [STDERR_REDIRECT] 
2026-03-29 17:00:59,642 [ERROR] LogOutputStream:75 - [STDERR_REDIRECT] [Fatal Error] :1:1: Premature end of file.
2026-03-29 17:00:59,643 [ERROR] LogOutputStream:75 - [STDERR_REDIRECT] 
2026-03-29 17:01:00,636 [ERROR] LogOutputStream:75 - [STDERR_REDIRECT] [Fatal Error] :1:1: Premature end of file.
2026-03-29 17:01:00,636 [ERROR] LogOutputStream:75 - [STDERR_REDIRECT] 
2026-03-29 17:01:01,637 [ERROR] LogOutputStream:75 - [STDERR_REDIRECT] [Fatal Error] :1:1: Premature end of file.
2026-03-29 17:01:01,637 [ERROR] LogOutputStream:75 - [STDERR_REDIRECT] 
2026-03-29 17:01:02,642 [ERROR] LogOutputStream:75 - [STDERR_REDIRECT] [Fatal Error] :1:1: Premature end of file.
2026-03-29 17:01:02,643 [ERROR] LogOutputStream:75 - [STDERR_REDIRECT] 
2026-03-29 17:01:03,630 [ERROR] LogOutputStream:75 - [STDERR_REDIRECT] [Fatal Error] :1:1: Premature end of file.
2026-03-29 17:01:03,630 [ERROR] LogOutputStream:75 - [STDERR_REDIRECT] 
2026-03-29 17:01:04,627 [ERROR] LogOutputStream:75 - [STDERR_REDIRECT] [Fatal Error] :1:1: Premature end of file.
2026-03-29 17:01:04,627 [ERROR] LogOutputStream:75 - [STDERR_REDIRECT] 
2026-03-29 17:01:05,634 [ERROR] LogOutputStream:75 - [STDERR_REDIRECT] [Fatal Error] :1:1: Premature end of file.
2026-03-29 17:01:05,634 [ERROR] LogOutputStream:75 - [STDERR_REDIRECT] 
2026-03-29 17:01:06,640 [ERROR] LogOutputStream:75 - [STDERR_REDIRECT] [Fatal Error] :1:1: Premature end of file.
2026-03-29 17:01:06,640 [ERROR] LogOutputStream:75 - [STDERR_REDIRECT] 
2026-03-29 17:01:07,631 [ERROR] LogOutputStream:75 - [STDERR_REDIRECT] [Fatal Error] :1:1: Premature end of file.
2026-03-29 17:01:07,631 [ERROR] LogOutputStream:75 - [STDERR_REDIRECT] 
2026-03-29 17:01:08,627 [ERROR] LogOutputStream:75 - [STDERR_REDIRECT] [Fatal Error] :1:1: Premature end of file.
2026-03-29 17:01:08,627 [ERROR] LogOutputStream:75 - [STDERR_REDIRECT] 
2026-03-29 17:01:09,638 [ERROR] LogOutputStream:75 - [STDERR_REDIRECT] [Fatal Error] :1:1: Premature end of file.
2026-03-29 17:01:09,638 [ERROR] LogOutputStream:75 - [STDERR_REDIRECT] 
2026-03-29 17:01:10,629 [ERROR] LogOutputStream:75 - [STDERR_REDIRECT] [Fatal Error] :1:1: Premature end of file.
2026-03-29 17:01:10,629 [ERROR] LogOutputStream:75 - [STDERR_REDIRECT] 
2026-03-29 17:01:11,639 [ERROR] LogOutputStream:75 - [STDERR_REDIRECT] [Fatal Error] :1:1: Premature end of file.
2026-03-29 17:01:11,639 [ERROR] LogOutputStream:75 - [STDERR_REDIRECT] 
2026-03-29 17:01:12,626 [ERROR] LogOutputStream:75 - [STDERR_REDIRECT] [Fatal Error] :1:1: Premature end of file.
2026-03-29 17:01:12,626 [ERROR] LogOutputStream:75 - [STDERR_REDIRECT] 
2026-03-29 17:01:13,625 [ERROR] LogOutputStream:75 - [STDERR_REDIRECT] [Fatal Error] :1:1: Premature end of file.
2026-03-29 17:01:13,625 [ERROR] LogOutputStream:75 - [STDERR_REDIRECT] 
2026-03-29 17:01:14,635 [ERROR] LogOutputStream:75 - [STDERR_REDIRECT] [Fatal Error] :1:1: Premature end of file.
2026-03-29 17:01:14,635 [ERROR] LogOutputStream:75 - [STDERR_REDIRECT] 
2026-03-29 17:01:15,626 [ERROR] LogOutputStream:75 - [STDERR_REDIRECT] [Fatal Error] :1:1: Premature end of file.
2026-03-29 17:01:15,626 [ERROR] LogOutputStream:75 - [STDERR_REDIRECT] 
2026-03-29 17:01:16,633 [ERROR] LogOutputStream:75 - [STDERR_REDIRECT] [Fatal Error] :1:1: Premature end of file.
2026-03-29 17:01:16,633 [ERROR] LogOutputStream:75 - [STDERR_REDIRECT] 
2026-03-29 17:01:17,633 [ERROR] LogOutputStream:75 - [STDERR_REDIRECT] [Fatal Error] :1:1: Premature end of file.
2026-03-29 17:01:17,633 [ERROR] LogOutputStream:75 - [STDERR_REDIRECT] 
2026-03-29 17:01:18,636 [ERROR] LogOutputStream:75 - [STDERR_REDIRECT] [Fatal Error] :1:1: Premature end of file.
2026-03-29 17:01:18,636 [ERROR] LogOutputStream:75 - [STDERR_REDIRECT] 
2026-03-29 17:01:19,631 [ERROR] LogOutputStream:75 - [STDERR_REDIRECT] [Fatal Error] :1:1: Premature end of file.
2026-03-29 17:01:19,631 [ERROR] LogOutputStream:75 - [STDERR_REDIRECT] 
2026-03-29 17:01:20,629 [ERROR] LogOutputStream:75 - [STDERR_REDIRECT] [Fatal Error] :1:1: Premature end of file.
2026-03-29 17:01:20,629 [ERROR] LogOutputStream:75 - [STDERR_REDIRECT] 
2026-03-29 17:01:21,635 [ERROR] LogOutputStream:75 - [STDERR_REDIRECT] [Fatal Error] :1:1: Premature end of file.
2026-03-29 17:01:21,635 [ERROR] LogOutputStream:75 - [STDERR_REDIRECT] 
2026-03-29 17:01:22,638 [ERROR] LogOutputStream:75 - [STDERR_REDIRECT] [Fatal Error] :1:1: Premature end of file.
2026-03-29 17:01:22,638 [ERROR] LogOutputStream:75 - [STDERR_REDIRECT] 
2026-03-29 17:01:23,631 [ERROR] LogOutputStream:75 - [STDERR_REDIRECT] [Fatal Error] :1:1: Premature end of file.
2026-03-29 17:01:23,631 [ERROR] LogOutputStream:75 - [STDERR_REDIRECT] 
2026-03-29 17:01:24,631 [ERROR] LogOutputStream:75 - [STDERR_REDIRECT] [Fatal Error] :1:1: Premature end of file.
2026-03-29 17:01:24,631 [ERROR] LogOutputStream:75 - [STDERR_REDIRECT] 
2026-03-29 17:01:25,629 [ERROR] LogOutputStream:75 - [STDERR_REDIRECT] [Fatal Error] :1:1: Premature end of file.
2026-03-29 17:01:25,629 [ERROR] LogOutputStream:75 - [STDERR_REDIRECT] 
2026-03-29 17:01:26,624 [ERROR] LogOutputStream:75 - [STDERR_REDIRECT] [Fatal Error] :1:1: Premature end of file.
2026-03-29 17:01:26,624 [ERROR] LogOutputStream:75 - [STDERR_REDIRECT] 
2026-03-29 17:01:27,628 [ERROR] LogOutputStream:75 - [STDERR_REDIRECT] [Fatal Error] :1:1: Premature end of file.
2026-03-29 17:01:27,628 [ERROR] LogOutputStream:75 - [STDERR_REDIRECT] 
2026-03-29 17:01:28,631 [ERROR] LogOutputStream:75 - [STDERR_REDIRECT] [Fatal Error] :1:1: Premature end of file.
2026-03-29 17:01:28,631 [ERROR] LogOutputStream:75 - [STDERR_REDIRECT] 
2026-03-29 17:01:29,633 [ERROR] LogOutputStream:75 - [STDERR_REDIRECT] [Fatal Error] :1:1: Premature end of file.
2026-03-29 17:01:29,633 [ERROR] LogOutputStream:75 - [STDERR_REDIRECT] 
2026-03-29 17:01:30,624 [ERROR] LogOutputStream:75 - [STDERR_REDIRECT] [Fatal Error] :1:1: Premature end of file.
2026-03-29 17:01:30,624 [ERROR] LogOutputStream:75 - [STDERR_REDIRECT] 
2026-03-29 17:01:31,627 [ERROR] LogOutputStream:75 - [STDERR_REDIRECT] [Fatal Error] :1:1: Premature end of file.
2026-03-29 17:01:31,627 [ERROR] LogOutputStream:75 - [STDERR_REDIRECT] 
2026-03-29 17:01:32,632 [ERROR] LogOutputStream:75 - [STDERR_REDIRECT] [Fatal Error] :1:1: Premature end of file.
2026-03-29 17:01:32,633 [ERROR] LogOutputStream:75 - [STDERR_REDIRECT] 
2026-03-29 17:01:33,629 [ERROR] LogOutputStream:75 - [STDERR_REDIRECT] [Fatal Error] :1:1: Premature end of file.
2026-03-29 17:01:33,632 [ERROR] LogOutputStream:75 - [STDERR_REDIRECT] 
2026-03-29 17:01:34,629 [ERROR] LogOutputStream:75 - [STDERR_REDIRECT] [Fatal Error] :1:1: Premature end of file.
2026-03-29 17:01:34,629 [ERROR] LogOutputStream:75 - [STDERR_REDIRECT] 
2026-03-29 17:01:35,625 [ERROR] LogOutputStream:75 - [STDERR_REDIRECT] [Fatal Error] :1:1: Premature end of file.
2026-03-29 17:01:35,625 [ERROR] LogOutputStream:75 - [STDERR_REDIRECT] 
2026-03-29 17:01:36,623 [ERROR] LogOutputStream:75 - [STDERR_REDIRECT] [Fatal Error] :1:1: Premature end of file.
2026-03-29 17:01:36,623 [ERROR] LogOutputStream:75 - [STDERR_REDIRECT] 
2026-03-29 17:01:37,637 [ERROR] LogOutputStream:75 - [STDERR_REDIRECT] [Fatal Error] :1:1: Premature end of file.
2026-03-29 17:01:37,637 [ERROR] LogOutputStream:75 - [STDERR_REDIRECT] 
2026-03-29 17:01:38,636 [ERROR] LogOutputStream:75 - [STDERR_REDIRECT] [Fatal Error] :1:1: Premature end of file.
2026-03-29 17:01:38,636 [ERROR] LogOutputStream:75 - [STDERR_REDIRECT] 
2026-03-29 17:01:39,635 [ERROR] LogOutputStream:75 - [STDERR_REDIRECT] [Fatal Error] :1:1: Premature end of file.
2026-03-29 17:01:39,635 [ERROR] LogOutputStream:75 - [STDERR_REDIRECT] 
2026-03-29 17:01:40,638 [ERROR] LogOutputStream:75 - [STDERR_REDIRECT] [Fatal Error] :1:1: Premature end of file.
2026-03-29 17:01:40,638 [ERROR] LogOutputStream:75 - [STDERR_REDIRECT] 
2026-03-29 17:01:41,634 [ERROR] LogOutputStream:75 - [STDERR_REDIRECT] [Fatal Error] :1:1: Premature end of file.
2026-03-29 17:01:41,634 [ERROR] LogOutputStream:75 - [STDERR_REDIRECT] 
2026-03-29 17:01:42,625 [ERROR] LogOutputStream:75 - [STDERR_REDIRECT] [Fatal Error] :1:1: Premature end of file.
2026-03-29 17:01:42,625 [ERROR] LogOutputStream:75 - [STDERR_REDIRECT] 
2026-03-29 17:01:43,630 [ERROR] LogOutputStream:75 - [STDERR_REDIRECT] [Fatal Error] :1:1: Premature end of file.
2026-03-29 17:01:43,630 [ERROR] LogOutputStream:75 - [STDERR_REDIRECT] 
2026-03-29 17:01:44,632 [ERROR] LogOutputStream:75 - [STDERR_REDIRECT] [Fatal Error] :1:1: Premature end of file.
2026-03-29 17:01:44,632 [ERROR] LogOutputStream:75 - [STDERR_REDIRECT] 
2026-03-29 17:01:45,628 [ERROR] LogOutputStream:75 - [STDERR_REDIRECT] [Fatal Error] :1:1: Premature end of file.
2026-03-29 17:01:45,628 [ERROR] LogOutputStream:75 - [STDERR_REDIRECT] 
2026-03-29 17:01:46,629 [ERROR] LogOutputStream:75 - [STDERR_REDIRECT] [Fatal Error] :1:1: Premature end of file.
2026-03-29 17:01:46,629 [ERROR] LogOutputStream:75 - [STDERR_REDIRECT] 
2026-03-29 17:01:47,627 [ERROR] LogOutputStream:75 - [STDERR_REDIRECT] [Fatal Error] :1:1: Premature end of file.
2026-03-29 17:01:47,627 [ERROR] LogOutputStream:75 - [STDERR_REDIRECT] 
2026-03-29 17:01:48,636 [ERROR] LogOutputStream:75 - [STDERR_REDIRECT] [Fatal Error] :1:1: Premature end of file.
2026-03-29 17:01:48,636 [ERROR] LogOutputStream:75 - [STDERR_REDIRECT] 
2026-03-29 17:01:49,631 [ERROR] LogOutputStream:75 - [STDERR_REDIRECT] [Fatal Error] :1:1: Premature end of file.
2026-03-29 17:01:49,633 [ERROR] LogOutputStream:75 - [STDERR_REDIRECT] 
2026-03-29 17:01:50,628 [ERROR] LogOutputStream:75 - [STDERR_REDIRECT] [Fatal Error] :1:1: Premature end of file.
2026-03-29 17:01:50,628 [ERROR] LogOutputStream:75 - [STDERR_REDIRECT] 
2026-03-29 17:01:51,624 [ERROR] LogOutputStream:75 - [STDERR_REDIRECT] [Fatal Error] :1:1: Premature end of file.
2026-03-29 17:01:51,624 [ERROR] LogOutputStream:75 - [STDERR_REDIRECT] 
2026-03-29 17:01:52,641 [ERROR] LogOutputStream:75 - [STDERR_REDIRECT] [Fatal Error] :1:1: Premature end of file.
2026-03-29 17:01:52,641 [ERROR] LogOutputStream:75 - [STDERR_REDIRECT] 
2026-03-29 17:01:53,645 [ERROR] LogOutputStream:75 - [STDERR_REDIRECT] [Fatal Error] :1:1: Premature end of file.
2026-03-29 17:01:53,645 [ERROR] LogOutputStream:75 - [STDERR_REDIRECT] 
2026-03-29 17:01:54,629 [ERROR] LogOutputStream:75 - [STDERR_REDIRECT] [Fatal Error] :1:1: Premature end of file.
2026-03-29 17:01:54,629 [ERROR] LogOutputStream:75 - [STDERR_REDIRECT] 
2026-03-29 17:01:55,636 [ERROR] LogOutputStream:75 - [STDERR_REDIRECT] [Fatal Error] :1:1: Premature end of file.
2026-03-29 17:01:55,636 [ERROR] LogOutputStream:75 - [STDERR_REDIRECT] 
2026-03-29 17:01:56,627 [ERROR] LogOutputStream:75 - [STDERR_REDIRECT] [Fatal Error] :1:1: Premature end of file.
2026-03-29 17:01:56,627 [ERROR] LogOutputStream:75 - [STDERR_REDIRECT] 
2026-03-29 17:01:57,638 [ERROR] LogOutputStream:75 - [STDERR_REDIRECT] [Fatal Error] :1:1: Premature end of file.
2026-03-29 17:01:57,639 [ERROR] LogOutputStream:75 - [STDERR_REDIRECT] 
2026-03-29 17:01:58,624 [ERROR] LogOutputStream:75 - [STDERR_REDIRECT] [Fatal Error] :1:1: Premature end of file.
2026-03-29 17:01:58,624 [ERROR] LogOutputStream:75 - [STDERR_REDIRECT] 
2026-03-29 17:01:59,646 [ERROR] LogOutputStream:75 - [STDERR_REDIRECT] [Fatal Error] :1:1: Premature end of file.
2026-03-29 17:01:59,646 [ERROR] LogOutputStream:75 - [STDERR_REDIRECT] 
2026-03-29 17:02:00,626 [ERROR] LogOutputStream:75 - [STDERR_REDIRECT] [Fatal Error] :1:1: Premature end of file.
2026-03-29 17:02:00,626 [ERROR] LogOutputStream:75 - [STDERR_REDIRECT] 
2026-03-29 17:02:01,624 [ERROR] LogOutputStream:75 - [STDERR_REDIRECT] [Fatal Error] :1:1: Premature end of file.
2026-03-29 17:02:01,624 [ERROR] LogOutputStream:75 - [STDERR_REDIRECT] 
2026-03-29 17:02:02,625 [ERROR] LogOutputStream:75 - [STDERR_REDIRECT] [Fatal Error] :1:1: Premature end of file.
2026-03-29 17:02:02,625 [ERROR] LogOutputStream:75 - [STDERR_REDIRECT] 
2026-03-29 17:02:03,626 [ERROR] LogOutputStream:75 - [STDERR_REDIRECT] [Fatal Error] :1:1: Premature end of file.
2026-03-29 17:02:03,626 [ERROR] LogOutputStream:75 - [STDERR_REDIRECT] 
2026-03-29 17:02:04,625 [ERROR] LogOutputStream:75 - [STDERR_REDIRECT] [Fatal Error] :1:1: Premature end of file.
2026-03-29 17:02:04,625 [ERROR] LogOutputStream:75 - [STDERR_REDIRECT] 
2026-03-29 17:02:05,625 [ERROR] LogOutputStream:75 - [STDERR_REDIRECT] [Fatal Error] :1:1: Premature end of file.
2026-03-29 17:02:05,625 [ERROR] LogOutputStream:75 - [STDERR_REDIRECT] 
2026-03-29 17:02:06,627 [ERROR] LogOutputStream:75 - [STDERR_REDIRECT] [Fatal Error] :1:1: Premature end of file.
2026-03-29 17:02:06,627 [ERROR] LogOutputStream:75 - [STDERR_REDIRECT] 
2026-03-29 17:02:07,625 [ERROR] LogOutputStream:75 - [STDERR_REDIRECT] [Fatal Error] :1:1: Premature end of file.
2026-03-29 17:02:07,626 [ERROR] LogOutputStream:75 - [STDERR_REDIRECT] 
2026-03-29 17:02:08,627 [ERROR] LogOutputStream:75 - [STDERR_REDIRECT] [Fatal Error] :1:1: Premature end of file.
2026-03-29 17:02:08,627 [ERROR] LogOutputStream:75 - [STDERR_REDIRECT] 
2026-03-29 17:02:09,628 [ERROR] LogOutputStream:75 - [STDERR_REDIRECT] [Fatal Error] :1:1: Premature end of file.
2026-03-29 17:02:09,629 [ERROR] LogOutputStream:75 - [STDERR_REDIRECT] 
2026-03-29 17:02:10,626 [ERROR] LogOutputStream:75 - [STDERR_REDIRECT] [Fatal Error] :1:1: Premature end of file.
2026-03-29 17:02:10,626 [ERROR] LogOutputStream:75 - [STDERR_REDIRECT] 
2026-03-29 17:02:11,627 [ERROR] LogOutputStream:75 - [STDERR_REDIRECT] [Fatal Error] :1:1: Premature end of file.
2026-03-29 17:02:11,627 [ERROR] LogOutputStream:75 - [STDERR_REDIRECT] 
2026-03-29 17:02:12,625 [ERROR] LogOutputStream:75 - [STDERR_REDIRECT] [Fatal Error] :1:1: Premature end of file.
2026-03-29 17:02:12,625 [ERROR] LogOutputStream:75 - [STDERR_REDIRECT] 
2026-03-29 17:02:13,627 [ERROR] LogOutputStream:75 - [STDERR_REDIRECT] [Fatal Error] :1:1: Premature end of file.
2026-03-29 17:02:13,627 [ERROR] LogOutputStream:75 - [STDERR_REDIRECT] 
2026-03-29 17:02:14,625 [ERROR] LogOutputStream:75 - [STDERR_REDIRECT] [Fatal Error] :1:1: Premature end of file.
2026-03-29 17:02:14,625 [ERROR] LogOutputStream:75 - [STDERR_REDIRECT] 
2026-03-29 17:02:15,633 [ERROR] LogOutputStream:75 - [STDERR_REDIRECT] [Fatal Error] :1:1: Premature end of file.
2026-03-29 17:02:15,634 [ERROR] LogOutputStream:75 - [STDERR_REDIRECT] 
2026-03-29 17:02:16,628 [ERROR] LogOutputStream:75 - [STDERR_REDIRECT] [Fatal Error] :1:1: Premature end of file.
2026-03-29 17:02:16,628 [ERROR] LogOutputStream:75 - [STDERR_REDIRECT] 
2026-03-29 17:02:17,626 [ERROR] LogOutputStream:75 - [STDERR_REDIRECT] [Fatal Error] :1:1: Premature end of file.
2026-03-29 17:02:17,626 [ERROR] LogOutputStream:75 - [STDERR_REDIRECT] 
2026-03-29 17:02:18,631 [ERROR] LogOutputStream:75 - [STDERR_REDIRECT] [Fatal Error] :1:1: Premature end of file.
2026-03-29 17:02:18,631 [ERROR] LogOutputStream:75 - [STDERR_REDIRECT] 
2026-03-29 17:02:19,626 [ERROR] LogOutputStream:75 - [STDERR_REDIRECT] [Fatal Error] :1:1: Premature end of file.
2026-03-29 17:02:19,626 [ERROR] LogOutputStream:75 - [STDERR_REDIRECT] 
2026-03-29 17:02:20,627 [ERROR] LogOutputStream:75 - [STDERR_REDIRECT] [Fatal Error] :1:1: Premature end of file.
2026-03-29 17:02:20,627 [ERROR] LogOutputStream:75 - [STDERR_REDIRECT] 
2026-03-29 17:02:21,625 [ERROR] LogOutputStream:75 - [STDERR_REDIRECT] [Fatal Error] :1:1: Premature end of file.
2026-03-29 17:02:21,625 [ERROR] LogOutputStream:75 - [STDERR_REDIRECT] 
2026-03-29 17:02:22,629 [ERROR] LogOutputStream:75 - [STDERR_REDIRECT] [Fatal Error] :1:1: Premature end of file.
2026-03-29 17:02:22,629 [ERROR] LogOutputStream:75 - [STDERR_REDIRECT] 
2026-03-29 17:02:23,626 [ERROR] LogOutputStream:75 - [STDERR_REDIRECT] [Fatal Error] :1:1: Premature end of file.
2026-03-29 17:02:23,626 [ERROR] LogOutputStream:75 - [STDERR_REDIRECT] 
2026-03-29 17:02:24,626 [ERROR] LogOutputStream:75 - [STDERR_REDIRECT] [Fatal Error] :1:1: Premature end of file.
2026-03-29 17:02:24,626 [ERROR] LogOutputStream:75 - [STDERR_REDIRECT] 
2026-03-29 17:02:25,624 [ERROR] LogOutputStream:75 - [STDERR_REDIRECT] [Fatal Error] :1:1: Premature end of file.
2026-03-29 17:02:25,624 [ERROR] LogOutputStream:75 - [STDERR_REDIRECT] 
2026-03-29 17:02:26,624 [ERROR] LogOutputStream:75 - [STDERR_REDIRECT] [Fatal Error] :1:1: Premature end of file.
2026-03-29 17:02:26,624 [ERROR] LogOutputStream:75 - [STDERR_REDIRECT] 
2026-03-29 17:02:27,630 [ERROR] LogOutputStream:75 - [STDERR_REDIRECT] [Fatal Error] :1:1: Premature end of file.
2026-03-29 17:02:27,630 [ERROR] LogOutputStream:75 - [STDERR_REDIRECT] 
2026-03-29 17:02:28,624 [ERROR] LogOutputStream:75 - [STDERR_REDIRECT] [Fatal Error] :1:1: Premature end of file.
2026-03-29 17:02:28,625 [ERROR] LogOutputStream:75 - [STDERR_REDIRECT] 
2026-03-29 17:02:29,626 [ERROR] LogOutputStream:75 - [STDERR_REDIRECT] [Fatal Error] :1:1: Premature end of file.
2026-03-29 17:02:29,626 [ERROR] LogOutputStream:75 - [STDERR_REDIRECT] 
2026-03-29 17:02:30,625 [ERROR] LogOutputStream:75 - [STDERR_REDIRECT] [Fatal Error] :1:1: Premature end of file.
2026-03-29 17:02:30,625 [ERROR] LogOutputStream:75 - [STDERR_REDIRECT] 
2026-03-29 17:02:31,627 [ERROR] LogOutputStream:75 - [STDERR_REDIRECT] [Fatal Error] :1:1: Premature end of file.
2026-03-29 17:02:31,627 [ERROR] LogOutputStream:75 - [STDERR_REDIRECT] 
2026-03-29 17:02:32,630 [ERROR] LogOutputStream:75 - [STDERR_REDIRECT] [Fatal Error] :1:1: Premature end of file.
2026-03-29 17:02:32,631 [ERROR] LogOutputStream:75 - [STDERR_REDIRECT] 
2026-03-29 17:02:33,629 [ERROR] LogOutputStream:75 - [STDERR_REDIRECT] [Fatal Error] :1:1: Premature end of file.
2026-03-29 17:02:33,629 [ERROR] LogOutputStream:75 - [STDERR_REDIRECT] 
2026-03-29 17:02:34,629 [ERROR] LogOutputStream:75 - [STDERR_REDIRECT] [Fatal Error] :1:1: Premature end of file.
2026-03-29 17:02:34,630 [ERROR] LogOutputStream:75 - [STDERR_REDIRECT] 
2026-03-29 17:02:35,630 [ERROR] LogOutputStream:75 - [STDERR_REDIRECT] [Fatal Error] :1:1: Premature end of file.
2026-03-29 17:02:35,630 [ERROR] LogOutputStream:75 - [STDERR_REDIRECT] 
2026-03-29 17:02:36,627 [ERROR] LogOutputStream:75 - [STDERR_REDIRECT] [Fatal Error] :1:1: Premature end of file.
2026-03-29 17:02:36,627 [ERROR] LogOutputStream:75 - [STDERR_REDIRECT] 
2026-03-29 17:02:37,624 [ERROR] LogOutputStream:75 - [STDERR_REDIRECT] [Fatal Error] :1:1: Premature end of file.
2026-03-29 17:02:37,624 [ERROR] LogOutputStream:75 - [STDERR_REDIRECT] 
2026-03-29 17:02:38,627 [ERROR] LogOutputStream:75 - [STDERR_REDIRECT] [Fatal Error] :1:1: Premature end of file.
2026-03-29 17:02:38,627 [ERROR] LogOutputStream:75 - [STDERR_REDIRECT] 
2026-03-29 17:02:39,626 [ERROR] LogOutputStream:75 - [STDERR_REDIRECT] [Fatal Error] :1:1: Premature end of file.
2026-03-29 17:02:39,626 [ERROR] LogOutputStream:75 - [STDERR_REDIRECT] 
2026-03-29 17:02:40,629 [ERROR] LogOutputStream:75 - [STDERR_REDIRECT] [Fatal Error] :1:1: Premature end of file.
2026-03-29 17:02:40,629 [ERROR] LogOutputStream:75 - [STDERR_REDIRECT] 
2026-03-29 17:02:41,625 [ERROR] LogOutputStream:75 - [STDERR_REDIRECT] [Fatal Error] :1:1: Premature end of file.
2026-03-29 17:02:41,625 [ERROR] LogOutputStream:75 - [STDERR_REDIRECT] 
2026-03-29 17:02:42,629 [ERROR] LogOutputStream:75 - [STDERR_REDIRECT] [Fatal Error] :1:1: Premature end of file.
2026-03-29 17:02:42,629 [ERROR] LogOutputStream:75 - [STDERR_REDIRECT] 
2026-03-29 17:02:43,626 [ERROR] LogOutputStream:75 - [STDERR_REDIRECT] [Fatal Error] :1:1: Premature end of file.
2026-03-29 17:02:43,626 [ERROR] LogOutputStream:75 - [STDERR_REDIRECT] 
2026-03-29 17:02:44,629 [ERROR] LogOutputStream:75 - [STDERR_REDIRECT] [Fatal Error] :1:1: Premature end of file.
2026-03-29 17:02:44,629 [ERROR] LogOutputStream:75 - [STDERR_REDIRECT] 
2026-03-29 17:02:45,624 [ERROR] LogOutputStream:75 - [STDERR_REDIRECT] [Fatal Error] :1:1: Premature end of file.
2026-03-29 17:02:45,624 [ERROR] LogOutputStream:75 - [STDERR_REDIRECT] 
2026-03-29 17:02:46,626 [ERROR] LogOutputStream:75 - [STDERR_REDIRECT] [Fatal Error] :1:1: Premature end of file.
2026-03-29 17:02:46,626 [ERROR] LogOutputStream:75 - [STDERR_REDIRECT] 
2026-03-29 17:02:47,626 [ERROR] LogOutputStream:75 - [STDERR_REDIRECT] [Fatal Error] :1:1: Premature end of file.
2026-03-29 17:02:47,626 [ERROR] LogOutputStream:75 - [STDERR_REDIRECT] 
2026-03-29 17:02:48,625 [ERROR] LogOutputStream:75 - [STDERR_REDIRECT] [Fatal Error] :1:1: Premature end of file.
2026-03-29 17:02:48,625 [ERROR] LogOutputStream:75 - [STDERR_REDIRECT] 
2026-03-29 17:02:49,626 [ERROR] LogOutputStream:75 - [STDERR_REDIRECT] [Fatal Error] :1:1: Premature end of file.
2026-03-29 17:02:49,626 [ERROR] LogOutputStream:75 - [STDERR_REDIRECT] 
2026-03-29 17:02:50,626 [ERROR] LogOutputStream:75 - [STDERR_REDIRECT] [Fatal Error] :1:1: Premature end of file.
2026-03-29 17:02:50,626 [ERROR] LogOutputStream:75 - [STDERR_REDIRECT] 
2026-03-29 17:02:51,625 [ERROR] LogOutputStream:75 - [STDERR_REDIRECT] [Fatal Error] :1:1: Premature end of file.
2026-03-29 17:02:51,625 [ERROR] LogOutputStream:75 - [STDERR_REDIRECT] 
2026-03-29 17:02:52,625 [ERROR] LogOutputStream:75 - [STDERR_REDIRECT] [Fatal Error] :1:1: Premature end of file.
2026-03-29 17:02:52,625 [ERROR] LogOutputStream:75 - [STDERR_REDIRECT] 
2026-03-29 17:02:53,624 [ERROR] LogOutputStream:75 - [STDERR_REDIRECT] [Fatal Error] :1:1: Premature end of file.
2026-03-29 17:02:53,624 [ERROR] LogOutputStream:75 - [STDERR_REDIRECT] 
2026-03-29 17:02:54,626 [ERROR] LogOutputStream:75 - [STDERR_REDIRECT] [Fatal Error] :1:1: Premature end of file.
2026-03-29 17:02:54,626 [ERROR] LogOutputStream:75 - [STDERR_REDIRECT] 
2026-03-29 17:02:55,624 [ERROR] LogOutputStream:75 - [STDERR_REDIRECT] [Fatal Error] :1:1: Premature end of file.
2026-03-29 17:02:55,624 [ERROR] LogOutputStream:75 - [STDERR_REDIRECT] 
2026-03-29 17:02:56,625 [ERROR] LogOutputStream:75 - [STDERR_REDIRECT] [Fatal Error] :1:1: Premature end of file.
2026-03-29 17:02:56,625 [ERROR] LogOutputStream:75 - [STDERR_REDIRECT] 
2026-03-29 17:02:57,627 [ERROR] LogOutputStream:75 - [STDERR_REDIRECT] [Fatal Error] :1:1: Premature end of file.
2026-03-29 17:02:57,627 [ERROR] LogOutputStream:75 - [STDERR_REDIRECT] 
2026-03-29 17:02:58,623 [ERROR] LogOutputStream:75 - [STDERR_REDIRECT] [Fatal Error] :1:1: Premature end of file.
2026-03-29 17:02:58,623 [ERROR] LogOutputStream:75 - [STDERR_REDIRECT] 
2026-03-29 17:02:59,636 [ERROR] LogOutputStream:75 - [STDERR_REDIRECT] [Fatal Error] :1:1: Premature end of file.
2026-03-29 17:02:59,636 [ERROR] LogOutputStream:75 - [STDERR_REDIRECT] 
2026-03-29 17:03:00,626 [ERROR] LogOutputStream:75 - [STDERR_REDIRECT] [Fatal Error] :1:1: Premature end of file.
2026-03-29 17:03:00,626 [ERROR] LogOutputStream:75 - [STDERR_REDIRECT] 
2026-03-29 17:03:01,625 [ERROR] LogOutputStream:75 - [STDERR_REDIRECT] [Fatal Error] :1:1: Premature end of file.
2026-03-29 17:03:01,627 [ERROR] LogOutputStream:75 - [STDERR_REDIRECT] 
2026-03-29 17:03:02,625 [ERROR] LogOutputStream:75 - [STDERR_REDIRECT] [Fatal Error] :1:1: Premature end of file.
2026-03-29 17:03:02,625 [ERROR] LogOutputStream:75 - [STDERR_REDIRECT] 
2026-03-29 17:03:03,625 [ERROR] LogOutputStream:75 - [STDERR_REDIRECT] [Fatal Error] :1:1: Premature end of file.
2026-03-29 17:03:03,625 [ERROR] LogOutputStream:75 - [STDERR_REDIRECT] 
2026-03-29 17:03:04,624 [ERROR] LogOutputStream:75 - [STDERR_REDIRECT] [Fatal Error] :1:1: Premature end of file.
2026-03-29 17:03:04,624 [ERROR] LogOutputStream:75 - [STDERR_REDIRECT] 
2026-03-29 17:03:05,632 [ERROR] LogOutputStream:75 - [STDERR_REDIRECT] [Fatal Error] :1:1: Premature end of file.
2026-03-29 17:03:05,632 [ERROR] LogOutputStream:75 - [STDERR_REDIRECT] 
2026-03-29 17:03:06,735 [ERROR] LogOutputStream:75 - [STDERR_REDIRECT] [Fatal Error] :1:1: Premature end of file.
2026-03-29 17:03:06,735 [ERROR] LogOutputStream:75 - [STDERR_REDIRECT] 
2026-03-29 17:03:07,822 [ERROR] LogOutputStream:75 - [STDERR_REDIRECT] [Fatal Error] :1:1: Premature end of file.
2026-03-29 17:03:07,822 [ERROR] LogOutputStream:75 - [STDERR_REDIRECT] 
2026-03-29 17:03:08,643 [ERROR] LogOutputStream:75 - [STDERR_REDIRECT] [Fatal Error] :1:1: Premature end of file.
2026-03-29 17:03:08,643 [ERROR] LogOutputStream:75 - [STDERR_REDIRECT] 
2026-03-29 17:03:09,635 [ERROR] LogOutputStream:75 - [STDERR_REDIRECT] [Fatal Error] :1:1: Premature end of file.
2026-03-29 17:03:09,635 [ERROR] LogOutputStream:75 - [STDERR_REDIRECT] 
2026-03-29 17:03:10,684 [ERROR] LogOutputStream:75 - [STDERR_REDIRECT] [Fatal Error] :1:1: Premature end of file.
2026-03-29 17:03:10,684 [ERROR] LogOutputStream:75 - [STDERR_REDIRECT] 
2026-03-29 17:03:11,644 [ERROR] LogOutputStream:75 - [STDERR_REDIRECT] [Fatal Error] :1:1: Premature end of file.
2026-03-29 17:03:11,644 [ERROR] LogOutputStream:75 - [STDERR_REDIRECT] 
2026-03-29 17:03:12,632 [ERROR] LogOutputStream:75 - [STDERR_REDIRECT] [Fatal Error] :1:1: Premature end of file.
2026-03-29 17:03:12,632 [ERROR] LogOutputStream:75 - [STDERR_REDIRECT] 
2026-03-29 17:03:13,640 [ERROR] LogOutputStream:75 - [STDERR_REDIRECT] [Fatal Error] :1:1: Premature end of file.
2026-03-29 17:03:13,641 [ERROR] LogOutputStream:75 - [STDERR_REDIRECT] 
2026-03-29 17:03:14,641 [ERROR] LogOutputStream:75 - [STDERR_REDIRECT] [Fatal Error] :1:1: Premature end of file.
2026-03-29 17:03:14,641 [ERROR] LogOutputStream:75 - [STDERR_REDIRECT] 
2026-03-29 17:03:15,634 [ERROR] LogOutputStream:75 - [STDERR_REDIRECT] [Fatal Error] :1:1: Premature end of file.
2026-03-29 17:03:15,636 [ERROR] LogOutputStream:75 - [STDERR_REDIRECT] 
2026-03-29 17:03:16,635 [ERROR] LogOutputStream:75 - [STDERR_REDIRECT] [Fatal Error] :1:1: Premature end of file.
2026-03-29 17:03:16,635 [ERROR] LogOutputStream:75 - [STDERR_REDIRECT] 
2026-03-29 17:03:17,630 [ERROR] LogOutputStream:75 - [STDERR_REDIRECT] [Fatal Error] :1:1: Premature end of file.
2026-03-29 17:03:17,630 [ERROR] LogOutputStream:75 - [STDERR_REDIRECT] 
2026-03-29 17:03:18,638 [ERROR] LogOutputStream:75 - [STDERR_REDIRECT] [Fatal Error] :1:1: Premature end of file.
2026-03-29 17:03:18,638 [ERROR] LogOutputStream:75 - [STDERR_REDIRECT] 
2026-03-29 17:03:19,641 [ERROR] LogOutputStream:75 - [STDERR_REDIRECT] [Fatal Error] :1:1: Premature end of file.
2026-03-29 17:03:19,641 [ERROR] LogOutputStream:75 - [STDERR_REDIRECT] 
2026-03-29 17:03:20,627 [ERROR] LogOutputStream:75 - [STDERR_REDIRECT] [Fatal Error] :1:1: Premature end of file.
2026-03-29 17:03:20,627 [ERROR] LogOutputStream:75 - [STDERR_REDIRECT] 
2026-03-29 17:03:21,638 [ERROR] LogOutputStream:75 - [STDERR_REDIRECT] [Fatal Error] :1:1: Premature end of file.
2026-03-29 17:03:21,638 [ERROR] LogOutputStream:75 - [STDERR_REDIRECT] 
2026-03-29 17:03:22,635 [ERROR] LogOutputStream:75 - [STDERR_REDIRECT] [Fatal Error] :1:1: Premature end of file.
2026-03-29 17:03:22,635 [ERROR] LogOutputStream:75 - [STDERR_REDIRECT] 
2026-03-29 17:03:23,649 [ERROR] LogOutputStream:75 - [STDERR_REDIRECT] [Fatal Error] :1:1: Premature end of file.
2026-03-29 17:03:23,649 [ERROR] LogOutputStream:75 - [STDERR_REDIRECT] 
2026-03-29 17:03:24,648 [ERROR] LogOutputStream:75 - [STDERR_REDIRECT] [Fatal Error] :1:1: Premature end of file.
2026-03-29 17:03:24,648 [ERROR] LogOutputStream:75 - [STDERR_REDIRECT] 
2026-03-29 17:03:25,634 [ERROR] LogOutputStream:75 - [STDERR_REDIRECT] [Fatal Error] :1:1: Premature end of file.
2026-03-29 17:03:25,634 [ERROR] LogOutputStream:75 - [STDERR_REDIRECT] 
2026-03-29 17:03:26,642 [ERROR] LogOutputStream:75 - [STDERR_REDIRECT] [Fatal Error] :1:1: Premature end of file.
2026-03-29 17:03:26,642 [ERROR] LogOutputStream:75 - [STDERR_REDIRECT] 
2026-03-29 17:03:27,632 [ERROR] LogOutputStream:75 - [STDERR_REDIRECT] [Fatal Error] :1:1: Premature end of file.
2026-03-29 17:03:27,632 [ERROR] LogOutputStream:75 - [STDERR_REDIRECT] 
2026-03-29 17:03:28,630 [ERROR] LogOutputStream:75 - [STDERR_REDIRECT] [Fatal Error] :1:1: Premature end of file.
2026-03-29 17:03:28,630 [ERROR] LogOutputStream:75 - [STDERR_REDIRECT] 
2026-03-29 17:03:29,653 [ERROR] LogOutputStream:75 - [STDERR_REDIRECT] [Fatal Error] :1:1: Premature end of file.
2026-03-29 17:03:29,658 [ERROR] LogOutputStream:75 - [STDERR_REDIRECT] 
2026-03-29 17:03:30,632 [ERROR] LogOutputStream:75 - [STDERR_REDIRECT] [Fatal Error] :1:1: Premature end of file.
2026-03-29 17:03:30,632 [ERROR] LogOutputStream:75 - [STDERR_REDIRECT] 
2026-03-29 17:03:31,623 [ERROR] LogOutputStream:75 - [STDERR_REDIRECT] [Fatal Error] :1:1: Premature end of file.
2026-03-29 17:03:31,623 [ERROR] LogOutputStream:75 - [STDERR_REDIRECT] 
2026-03-29 17:03:32,650 [ERROR] LogOutputStream:75 - [STDERR_REDIRECT] [Fatal Error] :1:1: Premature end of file.
2026-03-29 17:03:32,650 [ERROR] LogOutputStream:75 - [STDERR_REDIRECT] 
2026-03-29 17:03:33,631 [ERROR] LogOutputStream:75 - [STDERR_REDIRECT] [Fatal Error] :1:1: Premature end of file.
2026-03-29 17:03:33,631 [ERROR] LogOutputStream:75 - [STDERR_REDIRECT] 
2026-03-29 17:03:34,625 [ERROR] LogOutputStream:75 - [STDERR_REDIRECT] [Fatal Error] :1:1: Premature end of file.
2026-03-29 17:03:34,625 [ERROR] LogOutputStream:75 - [STDERR_REDIRECT] 
2026-03-29 17:03:35,625 [ERROR] LogOutputStream:75 - [STDERR_REDIRECT] [Fatal Error] :1:1: Premature end of file.
2026-03-29 17:03:35,625 [ERROR] LogOutputStream:75 - [STDERR_REDIRECT] 
2026-03-29 17:03:36,625 [ERROR] LogOutputStream:75 - [STDERR_REDIRECT] [Fatal Error] :1:1: Premature end of file.
2026-03-29 17:03:36,625 [ERROR] LogOutputStream:75 - [STDERR_REDIRECT] 
2026-03-29 17:03:37,633 [ERROR] LogOutputStream:75 - [STDERR_REDIRECT] [Fatal Error] :1:1: Premature end of file.
2026-03-29 17:03:37,633 [ERROR] LogOutputStream:75 - [STDERR_REDIRECT] 
2026-03-29 17:03:38,629 [ERROR] LogOutputStream:75 - [STDERR_REDIRECT] [Fatal Error] :1:1: Premature end of file.
2026-03-29 17:03:38,630 [ERROR] LogOutputStream:75 - [STDERR_REDIRECT] 
2026-03-29 17:03:39,625 [ERROR] LogOutputStream:75 - [STDERR_REDIRECT] [Fatal Error] :1:1: Premature end of file.
2026-03-29 17:03:39,625 [ERROR] LogOutputStream:75 - [STDERR_REDIRECT] 
2026-03-29 17:03:40,629 [ERROR] LogOutputStream:75 - [STDERR_REDIRECT] [Fatal Error] :1:1: Premature end of file.
2026-03-29 17:03:40,629 [ERROR] LogOutputStream:75 - [STDERR_REDIRECT] 
2026-03-29 17:03:41,636 [ERROR] LogOutputStream:75 - [STDERR_REDIRECT] [Fatal Error] :1:1: Premature end of file.
2026-03-29 17:03:41,636 [ERROR] LogOutputStream:75 - [STDERR_REDIRECT] 
2026-03-29 17:03:42,636 [ERROR] LogOutputStream:75 - [STDERR_REDIRECT] [Fatal Error] :1:1: Premature end of file.
2026-03-29 17:03:42,636 [ERROR] LogOutputStream:75 - [STDERR_REDIRECT] 
2026-03-29 17:03:43,625 [ERROR] LogOutputStream:75 - [STDERR_REDIRECT] [Fatal Error] :1:1: Premature end of file.
2026-03-29 17:03:43,625 [ERROR] LogOutputStream:75 - [STDERR_REDIRECT] 
2026-03-29 17:03:44,628 [ERROR] LogOutputStream:75 - [STDERR_REDIRECT] [Fatal Error] :1:1: Premature end of file.
2026-03-29 17:03:44,628 [ERROR] LogOutputStream:75 - [STDERR_REDIRECT] 
2026-03-29 17:03:45,637 [ERROR] LogOutputStream:75 - [STDERR_REDIRECT] [Fatal Error] :1:1: Premature end of file.
2026-03-29 17:03:45,637 [ERROR] LogOutputStream:75 - [STDERR_REDIRECT] 
2026-03-29 17:03:46,637 [ERROR] LogOutputStream:75 - [STDERR_REDIRECT] [Fatal Error] :1:1: Premature end of file.
2026-03-29 17:03:46,637 [ERROR] LogOutputStream:75 - [STDERR_REDIRECT] 
2026-03-29 17:03:47,629 [ERROR] LogOutputStream:75 - [STDERR_REDIRECT] [Fatal Error] :1:1: Premature end of file.
2026-03-29 17:03:47,630 [ERROR] LogOutputStream:75 - [STDERR_REDIRECT] 
2026-03-29 17:03:48,636 [ERROR] LogOutputStream:75 - [STDERR_REDIRECT] [Fatal Error] :1:1: Premature end of file.
2026-03-29 17:03:48,636 [ERROR] LogOutputStream:75 - [STDERR_REDIRECT] 
2026-03-29 17:03:49,627 [ERROR] LogOutputStream:75 - [STDERR_REDIRECT] [Fatal Error] :1:1: Premature end of file.
2026-03-29 17:03:49,627 [ERROR] LogOutputStream:75 - [STDERR_REDIRECT] 
2026-03-29 17:03:50,629 [ERROR] LogOutputStream:75 - [STDERR_REDIRECT] [Fatal Error] :1:1: Premature end of file.
2026-03-29 17:03:50,629 [ERROR] LogOutputStream:75 - [STDERR_REDIRECT] 
2026-03-29 17:03:51,628 [ERROR] LogOutputStream:75 - [STDERR_REDIRECT] [Fatal Error] :1:1: Premature end of file.
2026-03-29 17:03:51,629 [ERROR] LogOutputStream:75 - [STDERR_REDIRECT] 
2026-03-29 17:03:52,627 [ERROR] LogOutputStream:75 - [STDERR_REDIRECT] [Fatal Error] :1:1: Premature end of file.
2026-03-29 17:03:52,627 [ERROR] LogOutputStream:75 - [STDERR_REDIRECT] 
2026-03-29 17:03:53,626 [ERROR] LogOutputStream:75 - [STDERR_REDIRECT] [Fatal Error] :1:1: Premature end of file.
2026-03-29 17:03:53,626 [ERROR] LogOutputStream:75 - [STDERR_REDIRECT] 
2026-03-29 17:03:54,628 [ERROR] LogOutputStream:75 - [STDERR_REDIRECT] [Fatal Error] :1:1: Premature end of file.
2026-03-29 17:03:54,628 [ERROR] LogOutputStream:75 - [STDERR_REDIRECT] 
2026-03-29 17:03:55,629 [ERROR] LogOutputStream:75 - [STDERR_REDIRECT] [Fatal Error] :1:1: Premature end of file.
2026-03-29 17:03:55,629 [ERROR] LogOutputStream:75 - [STDERR_REDIRECT] 
2026-03-29 17:03:56,669 [ERROR] LogOutputStream:75 - [STDERR_REDIRECT] [Fatal Error] :1:1: Premature end of file.
2026-03-29 17:03:56,669 [ERROR] LogOutputStream:75 - [STDERR_REDIRECT] 
2026-03-29 17:03:57,656 [ERROR] LogOutputStream:75 - [STDERR_REDIRECT] [Fatal Error] :1:1: Premature end of file.
2026-03-29 17:03:57,656 [ERROR] LogOutputStream:75 - [STDERR_REDIRECT] 
2026-03-29 17:03:58,629 [ERROR] LogOutputStream:75 - [STDERR_REDIRECT] [Fatal Error] :1:1: Premature end of file.
2026-03-29 17:03:58,629 [ERROR] LogOutputStream:75 - [STDERR_REDIRECT] 
2026-03-29 17:03:59,630 [ERROR] LogOutputStream:75 - [STDERR_REDIRECT] [Fatal Error] :1:1: Premature end of file.
2026-03-29 17:03:59,630 [ERROR] LogOutputStream:75 - [STDERR_REDIRECT] 
2026-03-29 17:04:00,628 [ERROR] LogOutputStream:75 - [STDERR_REDIRECT] [Fatal Error] :1:1: Premature end of file.
2026-03-29 17:04:00,629 [ERROR] LogOutputStream:75 - [STDERR_REDIRECT] 
2026-03-29 17:04:01,629 [ERROR] LogOutputStream:75 - [STDERR_REDIRECT] [Fatal Error] :1:1: Premature end of file.
2026-03-29 17:04:01,630 [ERROR] LogOutputStream:75 - [STDERR_REDIRECT] 
2026-03-29 17:04:02,637 [ERROR] LogOutputStream:75 - [STDERR_REDIRECT] [Fatal Error] :1:1: Premature end of file.
2026-03-29 17:04:02,637 [ERROR] LogOutputStream:75 - [STDERR_REDIRECT] 
2026-03-29 17:04:03,625 [ERROR] LogOutputStream:75 - [STDERR_REDIRECT] [Fatal Error] :1:1: Premature end of file.
2026-03-29 17:04:03,625 [ERROR] LogOutputStream:75 - [STDERR_REDIRECT] 
2026-03-29 17:04:04,628 [ERROR] LogOutputStream:75 - [STDERR_REDIRECT] [Fatal Error] :1:1: Premature end of file.
2026-03-29 17:04:04,628 [ERROR] LogOutputStream:75 - [STDERR_REDIRECT] 
2026-03-29 17:04:05,632 [ERROR] LogOutputStream:75 - [STDERR_REDIRECT] [Fatal Error] :1:1: Premature end of file.
2026-03-29 17:04:05,632 [ERROR] LogOutputStream:75 - [STDERR_REDIRECT] 
2026-03-29 17:04:06,642 [ERROR] LogOutputStream:75 - [STDERR_REDIRECT] [Fatal Error] :1:1: Premature end of file.
2026-03-29 17:04:06,644 [ERROR] LogOutputStream:75 - [STDERR_REDIRECT] 
2026-03-29 17:04:07,627 [ERROR] LogOutputStream:75 - [STDERR_REDIRECT] [Fatal Error] :1:1: Premature end of file.
2026-03-29 17:04:07,627 [ERROR] LogOutputStream:75 - [STDERR_REDIRECT] 
2026-03-29 17:04:08,628 [ERROR] LogOutputStream:75 - [STDERR_REDIRECT] [Fatal Error] :1:1: Premature end of file.
2026-03-29 17:04:08,628 [ERROR] LogOutputStream:75 - [STDERR_REDIRECT] 
2026-03-29 17:04:09,626 [ERROR] LogOutputStream:75 - [STDERR_REDIRECT] [Fatal Error] :1:1: Premature end of file.
2026-03-29 17:04:09,627 [ERROR] LogOutputStream:75 - [STDERR_REDIRECT] 
2026-03-29 17:04:10,628 [ERROR] LogOutputStream:75 - [STDERR_REDIRECT] [Fatal Error] :1:1: Premature end of file.
2026-03-29 17:04:10,628 [ERROR] LogOutputStream:75 - [STDERR_REDIRECT] 
2026-03-29 17:04:11,627 [ERROR] LogOutputStream:75 - [STDERR_REDIRECT] [Fatal Error] :1:1: Premature end of file.
2026-03-29 17:04:11,628 [ERROR] LogOutputStream:75 - [STDERR_REDIRECT] 
2026-03-29 17:04:12,629 [ERROR] LogOutputStream:75 - [STDERR_REDIRECT] [Fatal Error] :1:1: Premature end of file.
2026-03-29 17:04:12,629 [ERROR] LogOutputStream:75 - [STDERR_REDIRECT] 
2026-03-29 17:04:13,629 [ERROR] LogOutputStream:75 - [STDERR_REDIRECT] [Fatal Error] :1:1: Premature end of file.
2026-03-29 17:04:13,629 [ERROR] LogOutputStream:75 - [STDERR_REDIRECT] 
2026-03-29 17:04:14,632 [ERROR] LogOutputStream:75 - [STDERR_REDIRECT] [Fatal Error] :1:1: Premature end of file.
2026-03-29 17:04:14,633 [ERROR] LogOutputStream:75 - [STDERR_REDIRECT] 
2026-03-29 17:04:15,663 [ERROR] LogOutputStream:75 - [STDERR_REDIRECT] [Fatal Error] :1:1: Premature end of file.
2026-03-29 17:04:15,663 [ERROR] LogOutputStream:75 - [STDERR_REDIRECT] 
2026-03-29 17:04:16,635 [ERROR] LogOutputStream:75 - [STDERR_REDIRECT] [Fatal Error] :1:1: Premature end of file.
2026-03-29 17:04:16,636 [ERROR] LogOutputStream:75 - [STDERR_REDIRECT] 
2026-03-29 17:04:17,634 [ERROR] LogOutputStream:75 - [STDERR_REDIRECT] [Fatal Error] :1:1: Premature end of file.
2026-03-29 17:04:17,634 [ERROR] LogOutputStream:75 - [STDERR_REDIRECT] 
2026-03-29 17:04:18,640 [ERROR] LogOutputStream:75 - [STDERR_REDIRECT] [Fatal Error] :1:1: Premature end of file.
2026-03-29 17:04:18,640 [ERROR] LogOutputStream:75 - [STDERR_REDIRECT] 
2026-03-29 17:04:19,634 [ERROR] LogOutputStream:75 - [STDERR_REDIRECT] [Fatal Error] :1:1: Premature end of file.
2026-03-29 17:04:19,634 [ERROR] LogOutputStream:75 - [STDERR_REDIRECT] 
2026-03-29 17:04:20,634 [ERROR] LogOutputStream:75 - [STDERR_REDIRECT] [Fatal Error] :1:1: Premature end of file.
2026-03-29 17:04:20,634 [ERROR] LogOutputStream:75 - [STDERR_REDIRECT] 
2026-03-29 17:04:21,627 [ERROR] LogOutputStream:75 - [STDERR_REDIRECT] [Fatal Error] :1:1: Premature end of file.
2026-03-29 17:04:21,627 [ERROR] LogOutputStream:75 - [STDERR_REDIRECT] 
2026-03-29 17:04:22,632 [ERROR] LogOutputStream:75 - [STDERR_REDIRECT] [Fatal Error] :1:1: Premature end of file.
2026-03-29 17:04:22,632 [ERROR] LogOutputStream:75 - [STDERR_REDIRECT] 
2026-03-29 17:04:23,632 [ERROR] LogOutputStream:75 - [STDERR_REDIRECT] [Fatal Error] :1:1: Premature end of file.
2026-03-29 17:04:23,632 [ERROR] LogOutputStream:75 - [STDERR_REDIRECT] 
2026-03-29 17:04:24,643 [ERROR] LogOutputStream:75 - [STDERR_REDIRECT] [Fatal Error] :1:1: Premature end of file.
2026-03-29 17:04:24,643 [ERROR] LogOutputStream:75 - [STDERR_REDIRECT] 
2026-03-29 17:04:25,630 [ERROR] LogOutputStream:75 - [STDERR_REDIRECT] [Fatal Error] :1:1: Premature end of file.
2026-03-29 17:04:25,630 [ERROR] LogOutputStream:75 - [STDERR_REDIRECT] 
2026-03-29 17:04:26,629 [ERROR] LogOutputStream:75 - [STDERR_REDIRECT] [Fatal Error] :1:1: Premature end of file.
2026-03-29 17:04:26,629 [ERROR] LogOutputStream:75 - [STDERR_REDIRECT] 
2026-03-29 17:04:27,637 [ERROR] LogOutputStream:75 - [STDERR_REDIRECT] [Fatal Error] :1:1: Premature end of file.
2026-03-29 17:04:27,638 [ERROR] LogOutputStream:75 - [STDERR_REDIRECT] 
2026-03-29 17:04:28,633 [ERROR] LogOutputStream:75 - [STDERR_REDIRECT] [Fatal Error] :1:1: Premature end of file.
2026-03-29 17:04:28,633 [ERROR] LogOutputStream:75 - [STDERR_REDIRECT] 
2026-03-29 17:04:29,634 [ERROR] LogOutputStream:75 - [STDERR_REDIRECT] [Fatal Error] :1:1: Premature end of file.
2026-03-29 17:04:29,637 [ERROR] LogOutputStream:75 - [STDERR_REDIRECT] 
2026-03-29 17:04:30,633 [ERROR] LogOutputStream:75 - [STDERR_REDIRECT] [Fatal Error] :1:1: Premature end of file.
2026-03-29 17:04:30,633 [ERROR] LogOutputStream:75 - [STDERR_REDIRECT] 
2026-03-29 17:04:31,641 [ERROR] LogOutputStream:75 - [STDERR_REDIRECT] [Fatal Error] :1:1: Premature end of file.
2026-03-29 17:04:31,641 [ERROR] LogOutputStream:75 - [STDERR_REDIRECT] 
2026-03-29 17:04:32,644 [ERROR] LogOutputStream:75 - [STDERR_REDIRECT] [Fatal Error] :1:1: Premature end of file.
2026-03-29 17:04:32,644 [ERROR] LogOutputStream:75 - [STDERR_REDIRECT] 
2026-03-29 17:04:33,640 [ERROR] LogOutputStream:75 - [STDERR_REDIRECT] [Fatal Error] :1:1: Premature end of file.
2026-03-29 17:04:33,640 [ERROR] LogOutputStream:75 - [STDERR_REDIRECT] 
2026-03-29 17:04:34,632 [ERROR] LogOutputStream:75 - [STDERR_REDIRECT] [Fatal Error] :1:1: Premature end of file.
2026-03-29 17:04:34,632 [ERROR] LogOutputStream:75 - [STDERR_REDIRECT] 
2026-03-29 17:04:35,636 [ERROR] LogOutputStream:75 - [STDERR_REDIRECT] [Fatal Error] :1:1: Premature end of file.
2026-03-29 17:04:35,636 [ERROR] LogOutputStream:75 - [STDERR_REDIRECT] 
2026-03-29 17:04:36,628 [ERROR] LogOutputStream:75 - [STDERR_REDIRECT] [Fatal Error] :1:1: Premature end of file.
2026-03-29 17:04:36,628 [ERROR] LogOutputStream:75 - [STDERR_REDIRECT] 
2026-03-29 17:04:37,626 [ERROR] LogOutputStream:75 - [STDERR_REDIRECT] [Fatal Error] :1:1: Premature end of file.
2026-03-29 17:04:37,626 [ERROR] LogOutputStream:75 - [STDERR_REDIRECT] 
2026-03-29 17:04:38,629 [ERROR] LogOutputStream:75 - [STDERR_REDIRECT] [Fatal Error] :1:1: Premature end of file.
2026-03-29 17:04:38,629 [ERROR] LogOutputStream:75 - [STDERR_REDIRECT] 
2026-03-29 17:04:39,632 [ERROR] LogOutputStream:75 - [STDERR_REDIRECT] [Fatal Error] :1:1: Premature end of file.
2026-03-29 17:04:39,632 [ERROR] LogOutputStream:75 - [STDERR_REDIRECT] 
2026-03-29 17:04:40,627 [ERROR] LogOutputStream:75 - [STDERR_REDIRECT] [Fatal Error] :1:1: Premature end of file.
2026-03-29 17:04:40,627 [ERROR] LogOutputStream:75 - [STDERR_REDIRECT] 
2026-03-29 17:04:41,632 [ERROR] LogOutputStream:75 - [STDERR_REDIRECT] [Fatal Error] :1:1: Premature end of file.
2026-03-29 17:04:41,632 [ERROR] LogOutputStream:75 - [STDERR_REDIRECT] 
2026-03-29 17:04:42,642 [ERROR] LogOutputStream:75 - [STDERR_REDIRECT] [Fatal Error] :1:1: Premature end of file.
2026-03-29 17:04:42,642 [ERROR] LogOutputStream:75 - [STDERR_REDIRECT] 
2026-03-29 17:04:43,627 [ERROR] LogOutputStream:75 - [STDERR_REDIRECT] [Fatal Error] :1:1: Premature end of file.
2026-03-29 17:04:43,627 [ERROR] LogOutputStream:75 - [STDERR_REDIRECT] 
2026-03-29 17:04:44,636 [ERROR] LogOutputStream:75 - [STDERR_REDIRECT] [Fatal Error] :1:1: Premature end of file.
2026-03-29 17:04:44,636 [ERROR] LogOutputStream:75 - [STDERR_REDIRECT] 
2026-03-29 17:04:45,627 [ERROR] LogOutputStream:75 - [STDERR_REDIRECT] [Fatal Error] :1:1: Premature end of file.
2026-03-29 17:04:45,627 [ERROR] LogOutputStream:75 - [STDERR_REDIRECT] 
2026-03-29 17:04:46,627 [ERROR] LogOutputStream:75 - [STDERR_REDIRECT] [Fatal Error] :1:1: Premature end of file.
2026-03-29 17:04:46,627 [ERROR] LogOutputStream:75 - [STDERR_REDIRECT] 
2026-03-29 17:04:47,629 [ERROR] LogOutputStream:75 - [STDERR_REDIRECT] [Fatal Error] :1:1: Premature end of file.
2026-03-29 17:04:47,630 [ERROR] LogOutputStream:75 - [STDERR_REDIRECT] 
2026-03-29 17:04:48,628 [ERROR] LogOutputStream:75 - [STDERR_REDIRECT] [Fatal Error] :1:1: Premature end of file.
2026-03-29 17:04:48,628 [ERROR] LogOutputStream:75 - [STDERR_REDIRECT] 
2026-03-29 17:04:49,629 [ERROR] LogOutputStream:75 - [STDERR_REDIRECT] [Fatal Error] :1:1: Premature end of file.
2026-03-29 17:04:49,629 [ERROR] LogOutputStream:75 - [STDERR_REDIRECT] 
2026-03-29 17:04:50,677 [ERROR] LogOutputStream:75 - [STDERR_REDIRECT] [Fatal Error] :1:1: Premature end of file.
2026-03-29 17:04:50,677 [ERROR] LogOutputStream:75 - [STDERR_REDIRECT] 
2026-03-29 17:04:51,631 [ERROR] LogOutputStream:75 - [STDERR_REDIRECT] [Fatal Error] :1:1: Premature end of file.
2026-03-29 17:04:51,632 [ERROR] LogOutputStream:75 - [STDERR_REDIRECT] 
2026-03-29 17:04:52,627 [ERROR] LogOutputStream:75 - [STDERR_REDIRECT] [Fatal Error] :1:1: Premature end of file.
2026-03-29 17:04:52,628 [ERROR] LogOutputStream:75 - [STDERR_REDIRECT] 
2026-03-29 17:04:53,627 [ERROR] LogOutputStream:75 - [STDERR_REDIRECT] [Fatal Error] :1:1: Premature end of file.
2026-03-29 17:04:53,628 [ERROR] LogOutputStream:75 - [STDERR_REDIRECT] 
2026-03-29 17:04:54,631 [ERROR] LogOutputStream:75 - [STDERR_REDIRECT] [Fatal Error] :1:1: Premature end of file.
2026-03-29 17:04:54,631 [ERROR] LogOutputStream:75 - [STDERR_REDIRECT] 
2026-03-29 17:04:55,629 [ERROR] LogOutputStream:75 - [STDERR_REDIRECT] [Fatal Error] :1:1: Premature end of file.
2026-03-29 17:04:55,629 [ERROR] LogOutputStream:75 - [STDERR_REDIRECT] 
2026-03-29 17:04:56,626 [ERROR] LogOutputStream:75 - [STDERR_REDIRECT] [Fatal Error] :1:1: Premature end of file.
2026-03-29 17:04:56,626 [ERROR] LogOutputStream:75 - [STDERR_REDIRECT] 
2026-03-29 17:04:57,628 [ERROR] LogOutputStream:75 - [STDERR_REDIRECT] [Fatal Error] :1:1: Premature end of file.
2026-03-29 17:04:57,628 [ERROR] LogOutputStream:75 - [STDERR_REDIRECT] 
2026-03-29 17:04:58,628 [ERROR] LogOutputStream:75 - [STDERR_REDIRECT] [Fatal Error] :1:1: Premature end of file.
2026-03-29 17:04:58,628 [ERROR] LogOutputStream:75 - [STDERR_REDIRECT] 
2026-03-29 17:04:59,628 [ERROR] LogOutputStream:75 - [STDERR_REDIRECT] [Fatal Error] :1:1: Premature end of file.
2026-03-29 17:04:59,628 [ERROR] LogOutputStream:75 - [STDERR_REDIRECT] 
2026-03-29 17:05:00,635 [ERROR] LogOutputStream:75 - [STDERR_REDIRECT] [Fatal Error] :1:1: Premature end of file.
2026-03-29 17:05:00,635 [ERROR] LogOutputStream:75 - [STDERR_REDIRECT] 
2026-03-29 17:05:01,633 [ERROR] LogOutputStream:75 - [STDERR_REDIRECT] [Fatal Error] :1:1: Premature end of file.
2026-03-29 17:05:01,633 [ERROR] LogOutputStream:75 - [STDERR_REDIRECT] 
2026-03-29 17:05:02,627 [ERROR] LogOutputStream:75 - [STDERR_REDIRECT] [Fatal Error] :1:1: Premature end of file.
2026-03-29 17:05:02,627 [ERROR] LogOutputStream:75 - [STDERR_REDIRECT] 
2026-03-29 17:05:03,642 [ERROR] LogOutputStream:75 - [STDERR_REDIRECT] [Fatal Error] :1:1: Premature end of file.
2026-03-29 17:05:03,642 [ERROR] LogOutputStream:75 - [STDERR_REDIRECT] 
2026-03-29 17:05:04,630 [ERROR] LogOutputStream:75 - [STDERR_REDIRECT] [Fatal Error] :1:1: Premature end of file.
2026-03-29 17:05:04,630 [ERROR] LogOutputStream:75 - [STDERR_REDIRECT] 
2026-03-29 17:05:05,628 [ERROR] LogOutputStream:75 - [STDERR_REDIRECT] [Fatal Error] :1:1: Premature end of file.
2026-03-29 17:05:05,628 [ERROR] LogOutputStream:75 - [STDERR_REDIRECT] 
2026-03-29 17:05:06,631 [ERROR] LogOutputStream:75 - [STDERR_REDIRECT] [Fatal Error] :1:1: Premature end of file.
2026-03-29 17:05:06,631 [ERROR] LogOutputStream:75 - [STDERR_REDIRECT] 
2026-03-29 17:05:07,630 [ERROR] LogOutputStream:75 - [STDERR_REDIRECT] [Fatal Error] :1:1: Premature end of file.
2026-03-29 17:05:07,630 [ERROR] LogOutputStream:75 - [STDERR_REDIRECT] 
2026-03-29 17:05:08,630 [ERROR] LogOutputStream:75 - [STDERR_REDIRECT] [Fatal Error] :1:1: Premature end of file.
2026-03-29 17:05:08,630 [ERROR] LogOutputStream:75 - [STDERR_REDIRECT] 
2026-03-29 17:05:09,634 [ERROR] LogOutputStream:75 - [STDERR_REDIRECT] [Fatal Error] :1:1: Premature end of file.
2026-03-29 17:05:09,634 [ERROR] LogOutputStream:75 - [STDERR_REDIRECT] 
2026-03-29 17:05:10,627 [ERROR] LogOutputStream:75 - [STDERR_REDIRECT] [Fatal Error] :1:1: Premature end of file.
2026-03-29 17:05:10,627 [ERROR] LogOutputStream:75 - [STDERR_REDIRECT] 
2026-03-29 17:05:11,629 [ERROR] LogOutputStream:75 - [STDERR_REDIRECT] [Fatal Error] :1:1: Premature end of file.
2026-03-29 17:05:11,629 [ERROR] LogOutputStream:75 - [STDERR_REDIRECT] 
2026-03-29 17:05:12,629 [ERROR] LogOutputStream:75 - [STDERR_REDIRECT] [Fatal Error] :1:1: Premature end of file.
2026-03-29 17:05:12,629 [ERROR] LogOutputStream:75 - [STDERR_REDIRECT] 
2026-03-29 17:05:13,637 [ERROR] LogOutputStream:75 - [STDERR_REDIRECT] [Fatal Error] :1:1: Premature end of file.
2026-03-29 17:05:13,638 [ERROR] LogOutputStream:75 - [STDERR_REDIRECT] 
2026-03-29 17:05:14,632 [ERROR] LogOutputStream:75 - [STDERR_REDIRECT] [Fatal Error] :1:1: Premature end of file.
2026-03-29 17:05:14,632 [ERROR] LogOutputStream:75 - [STDERR_REDIRECT] 
2026-03-29 17:05:15,627 [ERROR] LogOutputStream:75 - [STDERR_REDIRECT] [Fatal Error] :1:1: Premature end of file.
2026-03-29 17:05:15,627 [ERROR] LogOutputStream:75 - [STDERR_REDIRECT] 
2026-03-29 17:05:16,633 [ERROR] LogOutputStream:75 - [STDERR_REDIRECT] [Fatal Error] :1:1: Premature end of file.
2026-03-29 17:05:16,633 [ERROR] LogOutputStream:75 - [STDERR_REDIRECT] 
2026-03-29 17:05:17,639 [ERROR] LogOutputStream:75 - [STDERR_REDIRECT] [Fatal Error] :1:1: Premature end of file.
2026-03-29 17:05:17,639 [ERROR] LogOutputStream:75 - [STDERR_REDIRECT] 
2026-03-29 17:05:18,633 [ERROR] LogOutputStream:75 - [STDERR_REDIRECT] [Fatal Error] :1:1: Premature end of file.
2026-03-29 17:05:18,633 [ERROR] LogOutputStream:75 - [STDERR_REDIRECT] 
2026-03-29 17:05:19,628 [ERROR] LogOutputStream:75 - [STDERR_REDIRECT] [Fatal Error] :1:1: Premature end of file.
2026-03-29 17:05:19,628 [ERROR] LogOutputStream:75 - [STDERR_REDIRECT] 
2026-03-29 17:05:20,627 [ERROR] LogOutputStream:75 - [STDERR_REDIRECT] [Fatal Error] :1:1: Premature end of file.
2026-03-29 17:05:20,627 [ERROR] LogOutputStream:75 - [STDERR_REDIRECT] 
2026-03-29 17:05:21,628 [ERROR] LogOutputStream:75 - [STDERR_REDIRECT] [Fatal Error] :1:1: Premature end of file.
2026-03-29 17:05:21,628 [ERROR] LogOutputStream:75 - [STDERR_REDIRECT] 
2026-03-29 17:05:22,629 [ERROR] LogOutputStream:75 - [STDERR_REDIRECT] [Fatal Error] :1:1: Premature end of file.
2026-03-29 17:05:22,629 [ERROR] LogOutputStream:75 - [STDERR_REDIRECT] 
2026-03-29 17:05:23,629 [ERROR] LogOutputStream:75 - [STDERR_REDIRECT] [Fatal Error] :1:1: Premature end of file.
2026-03-29 17:05:23,629 [ERROR] LogOutputStream:75 - [STDERR_REDIRECT] 
2026-03-29 17:05:24,629 [ERROR] LogOutputStream:75 - [STDERR_REDIRECT] [Fatal Error] :1:1: Premature end of file.
2026-03-29 17:05:24,629 [ERROR] LogOutputStream:75 - [STDERR_REDIRECT] 
2026-03-29 17:05:25,627 [ERROR] LogOutputStream:75 - [STDERR_REDIRECT] [Fatal Error] :1:1: Premature end of file.
2026-03-29 17:05:25,627 [ERROR] LogOutputStream:75 - [STDERR_REDIRECT] 
2026-03-29 17:05:26,627 [ERROR] LogOutputStream:75 - [STDERR_REDIRECT] [Fatal Error] :1:1: Premature end of file.
2026-03-29 17:05:26,627 [ERROR] LogOutputStream:75 - [STDERR_REDIRECT] 
2026-03-29 17:05:27,628 [ERROR] LogOutputStream:75 - [STDERR_REDIRECT] [Fatal Error] :1:1: Premature end of file.
2026-03-29 17:05:27,629 [ERROR] LogOutputStream:75 - [STDERR_REDIRECT] 
2026-03-29 17:05:28,628 [ERROR] LogOutputStream:75 - [STDERR_REDIRECT] [Fatal Error] :1:1: Premature end of file.
2026-03-29 17:05:28,628 [ERROR] LogOutputStream:75 - [STDERR_REDIRECT] 
2026-03-29 17:05:29,627 [ERROR] LogOutputStream:75 - [STDERR_REDIRECT] [Fatal Error] :1:1: Premature end of file.
2026-03-29 17:05:29,627 [ERROR] LogOutputStream:75 - [STDERR_REDIRECT] 
2026-03-29 17:05:30,651 [ERROR] LogOutputStream:75 - [STDERR_REDIRECT] [Fatal Error] :1:1: Premature end of file.
2026-03-29 17:05:30,652 [ERROR] LogOutputStream:75 - [STDERR_REDIRECT] 
2026-03-29 17:05:31,630 [ERROR] LogOutputStream:75 - [STDERR_REDIRECT] [Fatal Error] :1:1: Premature end of file.
2026-03-29 17:05:31,630 [ERROR] LogOutputStream:75 - [STDERR_REDIRECT] 
2026-03-29 17:05:32,629 [ERROR] LogOutputStream:75 - [STDERR_REDIRECT] [Fatal Error] :1:1: Premature end of file.
2026-03-29 17:05:32,629 [ERROR] LogOutputStream:75 - [STDERR_REDIRECT] 
2026-03-29 17:05:33,628 [ERROR] LogOutputStream:75 - [STDERR_REDIRECT] [Fatal Error] :1:1: Premature end of file.
2026-03-29 17:05:33,628 [ERROR] LogOutputStream:75 - [STDERR_REDIRECT] 
2026-03-29 17:05:34,631 [ERROR] LogOutputStream:75 - [STDERR_REDIRECT] [Fatal Error] :1:1: Premature end of file.
2026-03-29 17:05:34,631 [ERROR] LogOutputStream:75 - [STDERR_REDIRECT] 
2026-03-29 17:05:35,629 [ERROR] LogOutputStream:75 - [STDERR_REDIRECT] [Fatal Error] :1:1: Premature end of file.
2026-03-29 17:05:35,629 [ERROR] LogOutputStream:75 - [STDERR_REDIRECT] 
2026-03-29 17:05:36,631 [ERROR] LogOutputStream:75 - [STDERR_REDIRECT] [Fatal Error] :1:1: Premature end of file.
2026-03-29 17:05:36,632 [ERROR] LogOutputStream:75 - [STDERR_REDIRECT] 
2026-03-29 17:05:37,627 [ERROR] LogOutputStream:75 - [STDERR_REDIRECT] [Fatal Error] :1:1: Premature end of file.
2026-03-29 17:05:37,627 [ERROR] LogOutputStream:75 - [STDERR_REDIRECT] 
2026-03-29 17:05:38,647 [ERROR] LogOutputStream:75 - [STDERR_REDIRECT] [Fatal Error] :1:1: Premature end of file.
2026-03-29 17:05:38,647 [ERROR] LogOutputStream:75 - [STDERR_REDIRECT] 
2026-03-29 17:05:39,632 [ERROR] LogOutputStream:75 - [STDERR_REDIRECT] [Fatal Error] :1:1: Premature end of file.
2026-03-29 17:05:39,632 [ERROR] LogOutputStream:75 - [STDERR_REDIRECT] 
2026-03-29 17:05:40,642 [ERROR] LogOutputStream:75 - [STDERR_REDIRECT] [Fatal Error] :1:1: Premature end of file.
2026-03-29 17:05:40,642 [ERROR] LogOutputStream:75 - [STDERR_REDIRECT] 
2026-03-29 17:05:41,626 [ERROR] LogOutputStream:75 - [STDERR_REDIRECT] [Fatal Error] :1:1: Premature end of file.
2026-03-29 17:05:41,626 [ERROR] LogOutputStream:75 - [STDERR_REDIRECT] 
2026-03-29 17:05:42,630 [ERROR] LogOutputStream:75 - [STDERR_REDIRECT] [Fatal Error] :1:1: Premature end of file.
2026-03-29 17:05:42,630 [ERROR] LogOutputStream:75 - [STDERR_REDIRECT] 
2026-03-29 17:05:43,633 [ERROR] LogOutputStream:75 - [STDERR_REDIRECT] [Fatal Error] :1:1: Premature end of file.
2026-03-29 17:05:43,633 [ERROR] LogOutputStream:75 - [STDERR_REDIRECT] 
2026-03-29 17:05:44,643 [ERROR] LogOutputStream:75 - [STDERR_REDIRECT] [Fatal Error] :1:1: Premature end of file.
2026-03-29 17:05:44,644 [ERROR] LogOutputStream:75 - [STDERR_REDIRECT] 
2026-03-29 17:05:45,628 [ERROR] LogOutputStream:75 - [STDERR_REDIRECT] [Fatal Error] :1:1: Premature end of file.
2026-03-29 17:05:45,628 [ERROR] LogOutputStream:75 - [STDERR_REDIRECT] 
2026-03-29 17:05:46,650 [ERROR] LogOutputStream:75 - [STDERR_REDIRECT] [Fatal Error] :1:1: Premature end of file.
2026-03-29 17:05:46,651 [ERROR] LogOutputStream:75 - [STDERR_REDIRECT] 
2026-03-29 17:05:47,630 [ERROR] LogOutputStream:75 - [STDERR_REDIRECT] [Fatal Error] :1:1: Premature end of file.
2026-03-29 17:05:47,631 [ERROR] LogOutputStream:75 - [STDERR_REDIRECT] 
2026-03-29 17:05:48,627 [ERROR] LogOutputStream:75 - [STDERR_REDIRECT] [Fatal Error] :1:1: Premature end of file.
2026-03-29 17:05:48,627 [ERROR] LogOutputStream:75 - [STDERR_REDIRECT] 
2026-03-29 17:05:49,627 [ERROR] LogOutputStream:75 - [STDERR_REDIRECT] [Fatal Error] :1:1: Premature end of file.
2026-03-29 17:05:49,627 [ERROR] LogOutputStream:75 - [STDERR_REDIRECT] 
2026-03-29 17:05:50,628 [ERROR] LogOutputStream:75 - [STDERR_REDIRECT] [Fatal Error] :1:1: Premature end of file.
2026-03-29 17:05:50,629 [ERROR] LogOutputStream:75 - [STDERR_REDIRECT] 
2026-03-29 17:05:51,627 [ERROR] LogOutputStream:75 - [STDERR_REDIRECT] [Fatal Error] :1:1: Premature end of file.
2026-03-29 17:05:51,627 [ERROR] LogOutputStream:75 - [STDERR_REDIRECT] 
2026-03-29 17:05:52,632 [ERROR] LogOutputStream:75 - [STDERR_REDIRECT] [Fatal Error] :1:1: Premature end of file.
2026-03-29 17:05:52,632 [ERROR] LogOutputStream:75 - [STDERR_REDIRECT] 
2026-03-29 17:05:53,632 [ERROR] LogOutputStream:75 - [STDERR_REDIRECT] [Fatal Error] :1:1: Premature end of file.
2026-03-29 17:05:53,632 [ERROR] LogOutputStream:75 - [STDERR_REDIRECT] 
2026-03-29 17:05:54,644 [ERROR] LogOutputStream:75 - [STDERR_REDIRECT] [Fatal Error] :1:1: Premature end of file.
2026-03-29 17:05:54,644 [ERROR] LogOutputStream:75 - [STDERR_REDIRECT] 
2026-03-29 17:05:55,629 [ERROR] LogOutputStream:75 - [STDERR_REDIRECT] [Fatal Error] :1:1: Premature end of file.
2026-03-29 17:05:55,630 [ERROR] LogOutputStream:75 - [STDERR_REDIRECT] 
2026-03-29 17:05:56,627 [ERROR] LogOutputStream:75 - [STDERR_REDIRECT] [Fatal Error] :1:1: Premature end of file.
2026-03-29 17:05:56,627 [ERROR] LogOutputStream:75 - [STDERR_REDIRECT] 
2026-03-29 17:05:57,631 [ERROR] LogOutputStream:75 - [STDERR_REDIRECT] [Fatal Error] :1:1: Premature end of file.
2026-03-29 17:05:57,631 [ERROR] LogOutputStream:75 - [STDERR_REDIRECT] 
2026-03-29 17:05:58,707 [ERROR] LogOutputStream:75 - [STDERR_REDIRECT] [Fatal Error] :1:1: Premature end of file.
2026-03-29 17:05:58,707 [ERROR] LogOutputStream:75 - [STDERR_REDIRECT] 
2026-03-29 17:05:59,630 [ERROR] LogOutputStream:75 - [STDERR_REDIRECT] [Fatal Error] :1:1: Premature end of file.
2026-03-29 17:05:59,631 [ERROR] LogOutputStream:75 - [STDERR_REDIRECT] 
2026-03-29 17:06:00,626 [ERROR] LogOutputStream:75 - [STDERR_REDIRECT] [Fatal Error] :1:1: Premature end of file.
2026-03-29 17:06:00,626 [ERROR] LogOutputStream:75 - [STDERR_REDIRECT] 
2026-03-29 17:06:01,627 [ERROR] LogOutputStream:75 - [STDERR_REDIRECT] [Fatal Error] :1:1: Premature end of file.
2026-03-29 17:06:01,628 [ERROR] LogOutputStream:75 - [STDERR_REDIRECT] 
2026-03-29 17:06:02,629 [ERROR] LogOutputStream:75 - [STDERR_REDIRECT] [Fatal Error] :1:1: Premature end of file.
2026-03-29 17:06:02,629 [ERROR] LogOutputStream:75 - [STDERR_REDIRECT] 
2026-03-29 17:06:03,632 [ERROR] LogOutputStream:75 - [STDERR_REDIRECT] [Fatal Error] :1:1: Premature end of file.
2026-03-29 17:06:03,632 [ERROR] LogOutputStream:75 - [STDERR_REDIRECT] 
2026-03-29 17:06:04,634 [ERROR] LogOutputStream:75 - [STDERR_REDIRECT] [Fatal Error] :1:1: Premature end of file.
2026-03-29 17:06:04,634 [ERROR] LogOutputStream:75 - [STDERR_REDIRECT] 
2026-03-29 17:06:05,646 [ERROR] LogOutputStream:75 - [STDERR_REDIRECT] [Fatal Error] :1:1: Premature end of file.
2026-03-29 17:06:05,646 [ERROR] LogOutputStream:75 - [STDERR_REDIRECT] 
2026-03-29 17:06:06,639 [ERROR] LogOutputStream:75 - [STDERR_REDIRECT] [Fatal Error] :1:1: Premature end of file.
2026-03-29 17:06:06,639 [ERROR] LogOutputStream:75 - [STDERR_REDIRECT] 
2026-03-29 17:06:07,631 [ERROR] LogOutputStream:75 - [STDERR_REDIRECT] [Fatal Error] :1:1: Premature end of file.
2026-03-29 17:06:07,631 [ERROR] LogOutputStream:75 - [STDERR_REDIRECT] 
2026-03-29 17:06:08,637 [ERROR] LogOutputStream:75 - [STDERR_REDIRECT] [Fatal Error] :1:1: Premature end of file.
2026-03-29 17:06:08,638 [ERROR] LogOutputStream:75 - [STDERR_REDIRECT] 
2026-03-29 17:06:09,639 [ERROR] LogOutputStream:75 - [STDERR_REDIRECT] [Fatal Error] :1:1: Premature end of file.
2026-03-29 17:06:09,639 [ERROR] LogOutputStream:75 - [STDERR_REDIRECT] 
2026-03-29 17:06:10,639 [ERROR] LogOutputStream:75 - [STDERR_REDIRECT] [Fatal Error] :1:1: Premature end of file.
2026-03-29 17:06:10,639 [ERROR] LogOutputStream:75 - [STDERR_REDIRECT] 
2026-03-29 17:06:11,625 [ERROR] LogOutputStream:75 - [STDERR_REDIRECT] [Fatal Error] :1:1: Premature end of file.
2026-03-29 17:06:11,625 [ERROR] LogOutputStream:75 - [STDERR_REDIRECT] 
2026-03-29 17:06:12,625 [ERROR] LogOutputStream:75 - [STDERR_REDIRECT] [Fatal Error] :1:1: Premature end of file.
2026-03-29 17:06:12,625 [ERROR] LogOutputStream:75 - [STDERR_REDIRECT] 
2026-03-29 17:06:13,631 [ERROR] LogOutputStream:75 - [STDERR_REDIRECT] [Fatal Error] :1:1: Premature end of file.
2026-03-29 17:06:13,631 [ERROR] LogOutputStream:75 - [STDERR_REDIRECT] 
2026-03-29 17:06:14,632 [ERROR] LogOutputStream:75 - [STDERR_REDIRECT] [Fatal Error] :1:1: Premature end of file.
2026-03-29 17:06:14,632 [ERROR] LogOutputStream:75 - [STDERR_REDIRECT] 
2026-03-29 17:06:15,628 [ERROR] LogOutputStream:75 - [STDERR_REDIRECT] [Fatal Error] :1:1: Premature end of file.
2026-03-29 17:06:15,628 [ERROR] LogOutputStream:75 - [STDERR_REDIRECT] 
2026-03-29 17:06:16,633 [ERROR] LogOutputStream:75 - [STDERR_REDIRECT] [Fatal Error] :1:1: Premature end of file.
2026-03-29 17:06:16,633 [ERROR] LogOutputStream:75 - [STDERR_REDIRECT] 
2026-03-29 17:06:17,629 [ERROR] LogOutputStream:75 - [STDERR_REDIRECT] [Fatal Error] :1:1: Premature end of file.
2026-03-29 17:06:17,630 [ERROR] LogOutputStream:75 - [STDERR_REDIRECT] 
2026-03-29 17:06:18,630 [ERROR] LogOutputStream:75 - [STDERR_REDIRECT] [Fatal Error] :1:1: Premature end of file.
2026-03-29 17:06:18,631 [ERROR] LogOutputStream:75 - [STDERR_REDIRECT] 
2026-03-29 17:06:19,642 [ERROR] LogOutputStream:75 - [STDERR_REDIRECT] [Fatal Error] :1:1: Premature end of file.
2026-03-29 17:06:19,642 [ERROR] LogOutputStream:75 - [STDERR_REDIRECT] 
2026-03-29 17:06:20,635 [ERROR] LogOutputStream:75 - [STDERR_REDIRECT] [Fatal Error] :1:1: Premature end of file.
2026-03-29 17:06:20,635 [ERROR] LogOutputStream:75 - [STDERR_REDIRECT] 
2026-03-29 17:06:21,632 [ERROR] LogOutputStream:75 - [STDERR_REDIRECT] [Fatal Error] :1:1: Premature end of file.
2026-03-29 17:06:21,632 [ERROR] LogOutputStream:75 - [STDERR_REDIRECT] 
2026-03-29 17:06:22,634 [ERROR] LogOutputStream:75 - [STDERR_REDIRECT] [Fatal Error] :1:1: Premature end of file.
2026-03-29 17:06:22,634 [ERROR] LogOutputStream:75 - [STDERR_REDIRECT] 
2026-03-29 17:06:23,632 [ERROR] LogOutputStream:75 - [STDERR_REDIRECT] [Fatal Error] :1:1: Premature end of file.
2026-03-29 17:06:23,632 [ERROR] LogOutputStream:75 - [STDERR_REDIRECT] 
2026-03-29 17:06:24,632 [ERROR] LogOutputStream:75 - [STDERR_REDIRECT] [Fatal Error] :1:1: Premature end of file.
2026-03-29 17:06:24,632 [ERROR] LogOutputStream:75 - [STDERR_REDIRECT] 
2026-03-29 17:06:25,633 [ERROR] LogOutputStream:75 - [STDERR_REDIRECT] [Fatal Error] :1:1: Premature end of file.
2026-03-29 17:06:25,633 [ERROR] LogOutputStream:75 - [STDERR_REDIRECT] 
2026-03-29 17:06:26,625 [ERROR] LogOutputStream:75 - [STDERR_REDIRECT] [Fatal Error] :1:1: Premature end of file.
2026-03-29 17:06:26,625 [ERROR] LogOutputStream:75 - [STDERR_REDIRECT] 
2026-03-29 17:06:27,649 [ERROR] LogOutputStream:75 - [STDERR_REDIRECT] [Fatal Error] :1:1: Premature end of file.
2026-03-29 17:06:27,650 [ERROR] LogOutputStream:75 - [STDERR_REDIRECT] 
2026-03-29 17:06:28,631 [ERROR] LogOutputStream:75 - [STDERR_REDIRECT] [Fatal Error] :1:1: Premature end of file.
2026-03-29 17:06:28,631 [ERROR] LogOutputStream:75 - [STDERR_REDIRECT] 
2026-03-29 17:06:29,632 [ERROR] LogOutputStream:75 - [STDERR_REDIRECT] [Fatal Error] :1:1: Premature end of file.
2026-03-29 17:06:29,632 [ERROR] LogOutputStream:75 - [STDERR_REDIRECT] 
2026-03-29 17:06:30,628 [ERROR] LogOutputStream:75 - [STDERR_REDIRECT] [Fatal Error] :1:1: Premature end of file.
2026-03-29 17:06:30,628 [ERROR] LogOutputStream:75 - [STDERR_REDIRECT] 
2026-03-29 17:06:31,628 [ERROR] LogOutputStream:75 - [STDERR_REDIRECT] [Fatal Error] :1:1: Premature end of file.
2026-03-29 17:06:31,628 [ERROR] LogOutputStream:75 - [STDERR_REDIRECT] 
2026-03-29 17:06:32,627 [ERROR] LogOutputStream:75 - [STDERR_REDIRECT] [Fatal Error] :1:1: Premature end of file.
2026-03-29 17:06:32,627 [ERROR] LogOutputStream:75 - [STDERR_REDIRECT] 
2026-03-29 17:06:33,628 [ERROR] LogOutputStream:75 - [STDERR_REDIRECT] [Fatal Error] :1:1: Premature end of file.
2026-03-29 17:06:33,629 [ERROR] LogOutputStream:75 - [STDERR_REDIRECT] 
2026-03-29 17:06:34,632 [ERROR] LogOutputStream:75 - [STDERR_REDIRECT] [Fatal Error] :1:1: Premature end of file.
2026-03-29 17:06:34,632 [ERROR] LogOutputStream:75 - [STDERR_REDIRECT] 
2026-03-29 17:06:35,629 [ERROR] LogOutputStream:75 - [STDERR_REDIRECT] [Fatal Error] :1:1: Premature end of file.
2026-03-29 17:06:35,629 [ERROR] LogOutputStream:75 - [STDERR_REDIRECT] 
2026-03-29 17:06:36,711 [ERROR] LogOutputStream:75 - [STDERR_REDIRECT] [Fatal Error] :1:1: Premature end of file.
2026-03-29 17:06:36,711 [ERROR] LogOutputStream:75 - [STDERR_REDIRECT] 
2026-03-29 17:06:37,641 [ERROR] LogOutputStream:75 - [STDERR_REDIRECT] [Fatal Error] :1:1: Premature end of file.
2026-03-29 17:06:37,641 [ERROR] LogOutputStream:75 - [STDERR_REDIRECT] 
2026-03-29 17:06:38,632 [ERROR] LogOutputStream:75 - [STDERR_REDIRECT] [Fatal Error] :1:1: Premature end of file.
2026-03-29 17:06:38,632 [ERROR] LogOutputStream:75 - [STDERR_REDIRECT] 
2026-03-29 17:06:39,637 [ERROR] LogOutputStream:75 - [STDERR_REDIRECT] [Fatal Error] :1:1: Premature end of file.
2026-03-29 17:06:39,637 [ERROR] LogOutputStream:75 - [STDERR_REDIRECT] 
2026-03-29 17:06:40,625 [ERROR] LogOutputStream:75 - [STDERR_REDIRECT] [Fatal Error] :1:1: Premature end of file.
2026-03-29 17:06:40,625 [ERROR] LogOutputStream:75 - [STDERR_REDIRECT] 
2026-03-29 17:06:41,634 [ERROR] LogOutputStream:75 - [STDERR_REDIRECT] [Fatal Error] :1:1: Premature end of file.
2026-03-29 17:06:41,635 [ERROR] LogOutputStream:75 - [STDERR_REDIRECT] 
2026-03-29 17:06:42,625 [ERROR] LogOutputStream:75 - [STDERR_REDIRECT] [Fatal Error] :1:1: Premature end of file.
2026-03-29 17:06:42,625 [ERROR] LogOutputStream:75 - [STDERR_REDIRECT] 
2026-03-29 17:06:43,625 [ERROR] LogOutputStream:75 - [STDERR_REDIRECT] [Fatal Error] :1:1: Premature end of file.
2026-03-29 17:06:43,625 [ERROR] LogOutputStream:75 - [STDERR_REDIRECT] 
2026-03-29 17:06:44,625 [ERROR] LogOutputStream:75 - [STDERR_REDIRECT] [Fatal Error] :1:1: Premature end of file.
2026-03-29 17:06:44,625 [ERROR] LogOutputStream:75 - [STDERR_REDIRECT] 
2026-03-29 17:06:45,631 [ERROR] LogOutputStream:75 - [STDERR_REDIRECT] [Fatal Error] :1:1: Premature end of file.
2026-03-29 17:06:45,631 [ERROR] LogOutputStream:75 - [STDERR_REDIRECT] 
2026-03-29 17:06:46,625 [ERROR] LogOutputStream:75 - [STDERR_REDIRECT] [Fatal Error] :1:1: Premature end of file.
2026-03-29 17:06:46,625 [ERROR] LogOutputStream:75 - [STDERR_REDIRECT] 
2026-03-29 17:06:47,632 [ERROR] LogOutputStream:75 - [STDERR_REDIRECT] [Fatal Error] :1:1: Premature end of file.
2026-03-29 17:06:47,632 [ERROR] LogOutputStream:75 - [STDERR_REDIRECT] 
2026-03-29 17:06:48,626 [ERROR] LogOutputStream:75 - [STDERR_REDIRECT] [Fatal Error] :1:1: Premature end of file.
2026-03-29 17:06:48,626 [ERROR] LogOutputStream:75 - [STDERR_REDIRECT] 
2026-03-29 17:06:49,628 [ERROR] LogOutputStream:75 - [STDERR_REDIRECT] [Fatal Error] :1:1: Premature end of file.
2026-03-29 17:06:49,629 [ERROR] LogOutputStream:75 - [STDERR_REDIRECT] 
2026-03-29 17:06:50,632 [ERROR] LogOutputStream:75 - [STDERR_REDIRECT] [Fatal Error] :1:1: Premature end of file.
2026-03-29 17:06:50,632 [ERROR] LogOutputStream:75 - [STDERR_REDIRECT] 
2026-03-29 17:06:51,625 [ERROR] LogOutputStream:75 - [STDERR_REDIRECT] [Fatal Error] :1:1: Premature end of file.
2026-03-29 17:06:51,625 [ERROR] LogOutputStream:75 - [STDERR_REDIRECT] 
2026-03-29 17:06:52,625 [ERROR] LogOutputStream:75 - [STDERR_REDIRECT] [Fatal Error] :1:1: Premature end of file.
2026-03-29 17:06:52,625 [ERROR] LogOutputStream:75 - [STDERR_REDIRECT] 
2026-03-29 17:06:53,625 [ERROR] LogOutputStream:75 - [STDERR_REDIRECT] [Fatal Error] :1:1: Premature end of file.
2026-03-29 17:06:53,625 [ERROR] LogOutputStream:75 - [STDERR_REDIRECT] 
2026-03-29 17:06:54,625 [ERROR] LogOutputStream:75 - [STDERR_REDIRECT] [Fatal Error] :1:1: Premature end of file.
2026-03-29 17:06:54,625 [ERROR] LogOutputStream:75 - [STDERR_REDIRECT] 
2026-03-29 17:06:55,625 [ERROR] LogOutputStream:75 - [STDERR_REDIRECT] [Fatal Error] :1:1: Premature end of file.
2026-03-29 17:06:55,625 [ERROR] LogOutputStream:75 - [STDERR_REDIRECT] 
2026-03-29 17:06:56,625 [ERROR] LogOutputStream:75 - [STDERR_REDIRECT] [Fatal Error] :1:1: Premature end of file.
2026-03-29 17:06:56,625 [ERROR] LogOutputStream:75 - [STDERR_REDIRECT] 
2026-03-29 17:06:57,625 [ERROR] LogOutputStream:75 - [STDERR_REDIRECT] [Fatal Error] :1:1: Premature end of file.
2026-03-29 17:06:57,625 [ERROR] LogOutputStream:75 - [STDERR_REDIRECT] 
2026-03-29 17:06:58,625 [ERROR] LogOutputStream:75 - [STDERR_REDIRECT] [Fatal Error] :1:1: Premature end of file.
2026-03-29 17:06:58,625 [ERROR] LogOutputStream:75 - [STDERR_REDIRECT] 
2026-03-29 17:06:59,632 [ERROR] LogOutputStream:75 - [STDERR_REDIRECT] [Fatal Error] :1:1: Premature end of file.
2026-03-29 17:06:59,637 [ERROR] LogOutputStream:75 - [STDERR_REDIRECT] 
2026-03-29 17:07:00,625 [ERROR] LogOutputStream:75 - [STDERR_REDIRECT] [Fatal Error] :1:1: Premature end of file.
2026-03-29 17:07:00,625 [ERROR] LogOutputStream:75 - [STDERR_REDIRECT] 
2026-03-29 17:07:01,625 [ERROR] LogOutputStream:75 - [STDERR_REDIRECT] [Fatal Error] :1:1: Premature end of file.
2026-03-29 17:07:01,625 [ERROR] LogOutputStream:75 - [STDERR_REDIRECT] 
2026-03-29 17:07:02,625 [ERROR] LogOutputStream:75 - [STDERR_REDIRECT] [Fatal Error] :1:1: Premature end of file.
2026-03-29 17:07:02,625 [ERROR] LogOutputStream:75 - [STDERR_REDIRECT] 
2026-03-29 17:07:03,625 [ERROR] LogOutputStream:75 - [STDERR_REDIRECT] [Fatal Error] :1:1: Premature end of file.
2026-03-29 17:07:03,625 [ERROR] LogOutputStream:75 - [STDERR_REDIRECT] 
2026-03-29 17:07:04,625 [ERROR] LogOutputStream:75 - [STDERR_REDIRECT] [Fatal Error] :1:1: Premature end of file.
2026-03-29 17:07:04,625 [ERROR] LogOutputStream:75 - [STDERR_REDIRECT] 
2026-03-29 17:07:05,632 [ERROR] LogOutputStream:75 - [STDERR_REDIRECT] [Fatal Error] :1:1: Premature end of file.
2026-03-29 17:07:05,632 [ERROR] LogOutputStream:75 - [STDERR_REDIRECT] 
2026-03-29 17:07:06,625 [ERROR] LogOutputStream:75 - [STDERR_REDIRECT] [Fatal Error] :1:1: Premature end of file.
2026-03-29 17:07:06,625 [ERROR] LogOutputStream:75 - [STDERR_REDIRECT] 
2026-03-29 17:07:07,625 [ERROR] LogOutputStream:75 - [STDERR_REDIRECT] [Fatal Error] :1:1: Premature end of file.
2026-03-29 17:07:07,625 [ERROR] LogOutputStream:75 - [STDERR_REDIRECT] 
2026-03-29 17:07:08,625 [ERROR] LogOutputStream:75 - [STDERR_REDIRECT] [Fatal Error] :1:1: Premature end of file.
2026-03-29 17:07:08,625 [ERROR] LogOutputStream:75 - [STDERR_REDIRECT] 
2026-03-29 17:07:09,638 [ERROR] LogOutputStream:75 - [STDERR_REDIRECT] [Fatal Error] :1:1: Premature end of file.
2026-03-29 17:07:09,639 [ERROR] LogOutputStream:75 - [STDERR_REDIRECT] 
2026-03-29 17:07:10,625 [ERROR] LogOutputStream:75 - [STDERR_REDIRECT] [Fatal Error] :1:1: Premature end of file.
2026-03-29 17:07:10,625 [ERROR] LogOutputStream:75 - [STDERR_REDIRECT] 
2026-03-29 17:07:11,625 [ERROR] LogOutputStream:75 - [STDERR_REDIRECT] [Fatal Error] :1:1: Premature end of file.
2026-03-29 17:07:11,625 [ERROR] LogOutputStream:75 - [STDERR_REDIRECT] 
2026-03-29 17:07:12,625 [ERROR] LogOutputStream:75 - [STDERR_REDIRECT] [Fatal Error] :1:1: Premature end of file.
2026-03-29 17:07:12,625 [ERROR] LogOutputStream:75 - [STDERR_REDIRECT] 
2026-03-29 17:07:13,628 [ERROR] LogOutputStream:75 - [STDERR_REDIRECT] [Fatal Error] :1:1: Premature end of file.
2026-03-29 17:07:13,628 [ERROR] LogOutputStream:75 - [STDERR_REDIRECT] 
2026-03-29 17:07:14,625 [ERROR] LogOutputStream:75 - [STDERR_REDIRECT] [Fatal Error] :1:1: Premature end of file.
2026-03-29 17:07:14,625 [ERROR] LogOutputStream:75 - [STDERR_REDIRECT] 
2026-03-29 17:07:15,632 [ERROR] LogOutputStream:75 - [STDERR_REDIRECT] [Fatal Error] :1:1: Premature end of file.
2026-03-29 17:07:15,637 [ERROR] LogOutputStream:75 - [STDERR_REDIRECT] 
2026-03-29 17:07:16,624 [ERROR] LogOutputStream:75 - [STDERR_REDIRECT] [Fatal Error] :1:1: Premature end of file.
2026-03-29 17:07:16,624 [ERROR] LogOutputStream:75 - [STDERR_REDIRECT] 
2026-03-29 17:07:17,631 [ERROR] LogOutputStream:75 - [STDERR_REDIRECT] [Fatal Error] :1:1: Premature end of file.
2026-03-29 17:07:17,632 [ERROR] LogOutputStream:75 - [STDERR_REDIRECT] 
2026-03-29 17:07:18,632 [ERROR] LogOutputStream:75 - [STDERR_REDIRECT] [Fatal Error] :1:1: Premature end of file.
2026-03-29 17:07:18,632 [ERROR] LogOutputStream:75 - [STDERR_REDIRECT] 
2026-03-29 17:07:19,625 [ERROR] LogOutputStream:75 - [STDERR_REDIRECT] [Fatal Error] :1:1: Premature end of file.
2026-03-29 17:07:19,625 [ERROR] LogOutputStream:75 - [STDERR_REDIRECT] 
2026-03-29 17:07:20,626 [ERROR] LogOutputStream:75 - [STDERR_REDIRECT] [Fatal Error] :1:1: Premature end of file.
2026-03-29 17:07:20,626 [ERROR] LogOutputStream:75 - [STDERR_REDIRECT] 
2026-03-29 17:07:21,625 [ERROR] LogOutputStream:75 - [STDERR_REDIRECT] [Fatal Error] :1:1: Premature end of file.
2026-03-29 17:07:21,625 [ERROR] LogOutputStream:75 - [STDERR_REDIRECT] 
2026-03-29 17:07:22,632 [ERROR] LogOutputStream:75 - [STDERR_REDIRECT] [Fatal Error] :1:1: Premature end of file.
2026-03-29 17:07:22,632 [ERROR] LogOutputStream:75 - [STDERR_REDIRECT] 
2026-03-29 17:07:23,625 [ERROR] LogOutputStream:75 - [STDERR_REDIRECT] [Fatal Error] :1:1: Premature end of file.
2026-03-29 17:07:23,625 [ERROR] LogOutputStream:75 - [STDERR_REDIRECT] 
2026-03-29 17:07:24,632 [ERROR] LogOutputStream:75 - [STDERR_REDIRECT] [Fatal Error] :1:1: Premature end of file.
2026-03-29 17:07:24,632 [ERROR] LogOutputStream:75 - [STDERR_REDIRECT] 
2026-03-29 17:07:25,630 [ERROR] LogOutputStream:75 - [STDERR_REDIRECT] [Fatal Error] :1:1: Premature end of file.
2026-03-29 17:07:25,631 [ERROR] LogOutputStream:75 - [STDERR_REDIRECT] 
2026-03-29 17:07:26,632 [ERROR] LogOutputStream:75 - [STDERR_REDIRECT] [Fatal Error] :1:1: Premature end of file.
2026-03-29 17:07:26,632 [ERROR] LogOutputStream:75 - [STDERR_REDIRECT] 
2026-03-29 17:07:27,625 [ERROR] LogOutputStream:75 - [STDERR_REDIRECT] [Fatal Error] :1:1: Premature end of file.
2026-03-29 17:07:27,625 [ERROR] LogOutputStream:75 - [STDERR_REDIRECT] 
2026-03-29 17:07:28,625 [ERROR] LogOutputStream:75 - [STDERR_REDIRECT] [Fatal Error] :1:1: Premature end of file.
2026-03-29 17:07:28,625 [ERROR] LogOutputStream:75 - [STDERR_REDIRECT] 
2026-03-29 17:07:29,625 [ERROR] LogOutputStream:75 - [STDERR_REDIRECT] [Fatal Error] :1:1: Premature end of file.
2026-03-29 17:07:29,625 [ERROR] LogOutputStream:75 - [STDERR_REDIRECT] 
2026-03-29 17:07:30,631 [ERROR] LogOutputStream:75 - [STDERR_REDIRECT] [Fatal Error] :1:1: Premature end of file.
2026-03-29 17:07:30,632 [ERROR] LogOutputStream:75 - [STDERR_REDIRECT] 
2026-03-29 17:07:31,632 [ERROR] LogOutputStream:75 - [STDERR_REDIRECT] [Fatal Error] :1:1: Premature end of file.
2026-03-29 17:07:31,632 [ERROR] LogOutputStream:75 - [STDERR_REDIRECT] 
2026-03-29 17:07:32,628 [ERROR] LogOutputStream:75 - [STDERR_REDIRECT] [Fatal Error] :1:1: Premature end of file.
2026-03-29 17:07:32,630 [ERROR] LogOutputStream:75 - [STDERR_REDIRECT] 
2026-03-29 17:07:33,634 [ERROR] LogOutputStream:75 - [STDERR_REDIRECT] [Fatal Error] :1:1: Premature end of file.
2026-03-29 17:07:33,634 [ERROR] LogOutputStream:75 - [STDERR_REDIRECT] 
2026-03-29 17:07:34,625 [ERROR] LogOutputStream:75 - [STDERR_REDIRECT] [Fatal Error] :1:1: Premature end of file.
2026-03-29 17:07:34,625 [ERROR] LogOutputStream:75 - [STDERR_REDIRECT] 
2026-03-29 17:07:35,625 [ERROR] LogOutputStream:75 - [STDERR_REDIRECT] [Fatal Error] :1:1: Premature end of file.
2026-03-29 17:07:35,625 [ERROR] LogOutputStream:75 - [STDERR_REDIRECT] 
2026-03-29 17:07:36,626 [ERROR] LogOutputStream:75 - [STDERR_REDIRECT] [Fatal Error] :1:1: Premature end of file.
2026-03-29 17:07:36,630 [ERROR] LogOutputStream:75 - [STDERR_REDIRECT] 
2026-03-29 17:07:37,644 [ERROR] LogOutputStream:75 - [STDERR_REDIRECT] [Fatal Error] :1:1: Premature end of file.
2026-03-29 17:07:37,644 [ERROR] LogOutputStream:75 - [STDERR_REDIRECT] 
2026-03-29 17:07:38,631 [ERROR] LogOutputStream:75 - [STDERR_REDIRECT] [Fatal Error] :1:1: Premature end of file.
2026-03-29 17:07:38,631 [ERROR] LogOutputStream:75 - [STDERR_REDIRECT] 
2026-03-29 17:07:39,632 [ERROR] LogOutputStream:75 - [STDERR_REDIRECT] [Fatal Error] :1:1: Premature end of file.
2026-03-29 17:07:39,635 [ERROR] LogOutputStream:75 - [STDERR_REDIRECT] 
2026-03-29 17:07:40,632 [ERROR] LogOutputStream:75 - [STDERR_REDIRECT] [Fatal Error] :1:1: Premature end of file.
2026-03-29 17:07:40,632 [ERROR] LogOutputStream:75 - [STDERR_REDIRECT] 
2026-03-29 17:07:41,625 [ERROR] LogOutputStream:75 - [STDERR_REDIRECT] [Fatal Error] :1:1: Premature end of file.
2026-03-29 17:07:41,625 [ERROR] LogOutputStream:75 - [STDERR_REDIRECT] 
2026-03-29 17:07:42,625 [ERROR] LogOutputStream:75 - [STDERR_REDIRECT] [Fatal Error] :1:1: Premature end of file.
2026-03-29 17:07:42,625 [ERROR] LogOutputStream:75 - [STDERR_REDIRECT] 
2026-03-29 17:07:43,631 [ERROR] LogOutputStream:75 - [STDERR_REDIRECT] [Fatal Error] :1:1: Premature end of file.
2026-03-29 17:07:43,631 [ERROR] LogOutputStream:75 - [STDERR_REDIRECT] 
2026-03-29 17:07:44,632 [ERROR] LogOutputStream:75 - [STDERR_REDIRECT] [Fatal Error] :1:1: Premature end of file.
2026-03-29 17:07:44,632 [ERROR] LogOutputStream:75 - [STDERR_REDIRECT] 
2026-03-29 17:07:45,632 [ERROR] LogOutputStream:75 - [STDERR_REDIRECT] [Fatal Error] :1:1: Premature end of file.
2026-03-29 17:07:45,632 [ERROR] LogOutputStream:75 - [STDERR_REDIRECT] 
2026-03-29 17:07:46,631 [ERROR] LogOutputStream:75 - [STDERR_REDIRECT] [Fatal Error] :1:1: Premature end of file.
2026-03-29 17:07:46,631 [ERROR] LogOutputStream:75 - [STDERR_REDIRECT] 
2026-03-29 17:07:47,625 [ERROR] LogOutputStream:75 - [STDERR_REDIRECT] [Fatal Error] :1:1: Premature end of file.
2026-03-29 17:07:47,625 [ERROR] LogOutputStream:75 - [STDERR_REDIRECT] 
2026-03-29 17:07:48,625 [ERROR] LogOutputStream:75 - [STDERR_REDIRECT] [Fatal Error] :1:1: Premature end of file.
2026-03-29 17:07:48,625 [ERROR] LogOutputStream:75 - [STDERR_REDIRECT] 
2026-03-29 17:07:49,627 [ERROR] LogOutputStream:75 - [STDERR_REDIRECT] [Fatal Error] :1:1: Premature end of file.
2026-03-29 17:07:49,627 [ERROR] LogOutputStream:75 - [STDERR_REDIRECT] 
2026-03-29 17:07:50,632 [ERROR] LogOutputStream:75 - [STDERR_REDIRECT] [Fatal Error] :1:1: Premature end of file.
2026-03-29 17:07:50,632 [ERROR] LogOutputStream:75 - [STDERR_REDIRECT] 
2026-03-29 17:07:51,631 [ERROR] LogOutputStream:75 - [STDERR_REDIRECT] [Fatal Error] :1:1: Premature end of file.
2026-03-29 17:07:51,632 [ERROR] LogOutputStream:75 - [STDERR_REDIRECT] 
2026-03-29 17:07:52,635 [ERROR] LogOutputStream:75 - [STDERR_REDIRECT] [Fatal Error] :1:1: Premature end of file.
2026-03-29 17:07:52,635 [ERROR] LogOutputStream:75 - [STDERR_REDIRECT] 
2026-03-29 17:07:53,628 [ERROR] LogOutputStream:75 - [STDERR_REDIRECT] [Fatal Error] :1:1: Premature end of file.
2026-03-29 17:07:53,628 [ERROR] LogOutputStream:75 - [STDERR_REDIRECT] 
2026-03-29 17:07:54,625 [ERROR] LogOutputStream:75 - [STDERR_REDIRECT] [Fatal Error] :1:1: Premature end of file.
2026-03-29 17:07:54,625 [ERROR] LogOutputStream:75 - [STDERR_REDIRECT] 
2026-03-29 17:07:55,632 [ERROR] LogOutputStream:75 - [STDERR_REDIRECT] [Fatal Error] :1:1: Premature end of file.
2026-03-29 17:07:55,632 [ERROR] LogOutputStream:75 - [STDERR_REDIRECT] 
2026-03-29 17:07:56,630 [ERROR] LogOutputStream:75 - [STDERR_REDIRECT] [Fatal Error] :1:1: Premature end of file.
2026-03-29 17:07:56,630 [ERROR] LogOutputStream:75 - [STDERR_REDIRECT] 
2026-03-29 17:07:57,632 [ERROR] LogOutputStream:75 - [STDERR_REDIRECT] [Fatal Error] :1:1: Premature end of file.
2026-03-29 17:07:57,632 [ERROR] LogOutputStream:75 - [STDERR_REDIRECT] 
2026-03-29 17:07:58,625 [ERROR] LogOutputStream:75 - [STDERR_REDIRECT] [Fatal Error] :1:1: Premature end of file.
2026-03-29 17:07:58,625 [ERROR] LogOutputStream:75 - [STDERR_REDIRECT] 
2026-03-29 17:07:59,625 [ERROR] LogOutputStream:75 - [STDERR_REDIRECT] [Fatal Error] :1:1: Premature end of file.
2026-03-29 17:07:59,625 [ERROR] LogOutputStream:75 - [STDERR_REDIRECT] 
2026-03-29 17:08:00,625 [ERROR] LogOutputStream:75 - [STDERR_REDIRECT] [Fatal Error] :1:1: Premature end of file.
2026-03-29 17:08:00,625 [ERROR] LogOutputStream:75 - [STDERR_REDIRECT] 
2026-03-29 17:08:01,630 [ERROR] LogOutputStream:75 - [STDERR_REDIRECT] [Fatal Error] :1:1: Premature end of file.
2026-03-29 17:08:01,630 [ERROR] LogOutputStream:75 - [STDERR_REDIRECT] 
2026-03-29 17:08:02,631 [ERROR] LogOutputStream:75 - [STDERR_REDIRECT] [Fatal Error] :1:1: Premature end of file.
2026-03-29 17:08:02,631 [ERROR] LogOutputStream:75 - [STDERR_REDIRECT] 
2026-03-29 17:08:03,631 [ERROR] LogOutputStream:75 - [STDERR_REDIRECT] [Fatal Error] :1:1: Premature end of file.
2026-03-29 17:08:03,632 [ERROR] LogOutputStream:75 - [STDERR_REDIRECT] 
2026-03-29 17:08:04,632 [ERROR] LogOutputStream:75 - [STDERR_REDIRECT] [Fatal Error] :1:1: Premature end of file.
2026-03-29 17:08:04,632 [ERROR] LogOutputStream:75 - [STDERR_REDIRECT] 
2026-03-29 17:08:05,634 [ERROR] LogOutputStream:75 - [STDERR_REDIRECT] [Fatal Error] :1:1: Premature end of file.
2026-03-29 17:08:05,634 [ERROR] LogOutputStream:75 - [STDERR_REDIRECT] 
2026-03-29 17:08:06,637 [ERROR] LogOutputStream:75 - [STDERR_REDIRECT] [Fatal Error] :1:1: Premature end of file.
2026-03-29 17:08:06,637 [ERROR] LogOutputStream:75 - [STDERR_REDIRECT] 
2026-03-29 17:08:07,641 [ERROR] LogOutputStream:75 - [STDERR_REDIRECT] [Fatal Error] :1:1: Premature end of file.
2026-03-29 17:08:07,642 [ERROR] LogOutputStream:75 - [STDERR_REDIRECT] 
2026-03-29 17:08:08,873 [ERROR] LogOutputStream:75 - [STDERR_REDIRECT] [Fatal Error] :1:1: Premature end of file.
2026-03-29 17:08:08,873 [ERROR] LogOutputStream:75 - [STDERR_REDIRECT] 
2026-03-29 17:08:09,653 [ERROR] LogOutputStream:75 - [STDERR_REDIRECT] [Fatal Error] :1:1: Premature end of file.
2026-03-29 17:08:09,653 [ERROR] LogOutputStream:75 - [STDERR_REDIRECT] 
2026-03-29 17:08:10,649 [ERROR] LogOutputStream:75 - [STDERR_REDIRECT] [Fatal Error] :1:1: Premature end of file.
2026-03-29 17:08:10,649 [ERROR] LogOutputStream:75 - [STDERR_REDIRECT] 
2026-03-29 17:08:11,640 [ERROR] LogOutputStream:75 - [STDERR_REDIRECT] [Fatal Error] :1:1: Premature end of file.
2026-03-29 17:08:11,640 [ERROR] LogOutputStream:75 - [STDERR_REDIRECT] 
2026-03-29 17:08:12,638 [ERROR] LogOutputStream:75 - [STDERR_REDIRECT] [Fatal Error] :1:1: Premature end of file.
2026-03-29 17:08:12,638 [ERROR] LogOutputStream:75 - [STDERR_REDIRECT] 
2026-03-29 17:08:13,650 [ERROR] LogOutputStream:75 - [STDERR_REDIRECT] [Fatal Error] :1:1: Premature end of file.
2026-03-29 17:08:13,650 [ERROR] LogOutputStream:75 - [STDERR_REDIRECT] 
2026-03-29 17:08:14,638 [ERROR] LogOutputStream:75 - [STDERR_REDIRECT] [Fatal Error] :1:1: Premature end of file.
2026-03-29 17:08:14,638 [ERROR] LogOutputStream:75 - [STDERR_REDIRECT] 
2026-03-29 17:08:15,634 [ERROR] LogOutputStream:75 - [STDERR_REDIRECT] [Fatal Error] :1:1: Premature end of file.
2026-03-29 17:08:15,634 [ERROR] LogOutputStream:75 - [STDERR_REDIRECT] 
2026-03-29 17:08:16,631 [ERROR] LogOutputStream:75 - [STDERR_REDIRECT] [Fatal Error] :1:1: Premature end of file.
2026-03-29 17:08:16,631 [ERROR] LogOutputStream:75 - [STDERR_REDIRECT] 
2026-03-29 17:08:17,648 [ERROR] LogOutputStream:75 - [STDERR_REDIRECT] [Fatal Error] :1:1: Premature end of file.
2026-03-29 17:08:17,648 [ERROR] LogOutputStream:75 - [STDERR_REDIRECT] 
2026-03-29 17:08:18,646 [ERROR] LogOutputStream:75 - [STDERR_REDIRECT] [Fatal Error] :1:1: Premature end of file.
2026-03-29 17:08:18,647 [ERROR] LogOutputStream:75 - [STDERR_REDIRECT] 
2026-03-29 17:08:19,650 [ERROR] LogOutputStream:75 - [STDERR_REDIRECT] [Fatal Error] :1:1: Premature end of file.
2026-03-29 17:08:19,650 [ERROR] LogOutputStream:75 - [STDERR_REDIRECT] 
2026-03-29 17:08:20,652 [ERROR] LogOutputStream:75 - [STDERR_REDIRECT] [Fatal Error] :1:1: Premature end of file.
2026-03-29 17:08:20,653 [ERROR] LogOutputStream:75 - [STDERR_REDIRECT] 
2026-03-29 17:08:21,652 [ERROR] LogOutputStream:75 - [STDERR_REDIRECT] [Fatal Error] :1:1: Premature end of file.
2026-03-29 17:08:21,652 [ERROR] LogOutputStream:75 - [STDERR_REDIRECT] 
2026-03-29 17:08:22,659 [ERROR] LogOutputStream:75 - [STDERR_REDIRECT] [Fatal Error] :1:1: Premature end of file.
2026-03-29 17:08:22,659 [ERROR] LogOutputStream:75 - [STDERR_REDIRECT] 
2026-03-29 17:08:23,647 [ERROR] LogOutputStream:75 - [STDERR_REDIRECT] [Fatal Error] :1:1: Premature end of file.
2026-03-29 17:08:23,647 [ERROR] LogOutputStream:75 - [STDERR_REDIRECT] 
2026-03-29 17:08:24,663 [ERROR] LogOutputStream:75 - [STDERR_REDIRECT] [Fatal Error] :1:1: Premature end of file.
2026-03-29 17:08:24,663 [ERROR] LogOutputStream:75 - [STDERR_REDIRECT] 
2026-03-29 17:08:25,655 [ERROR] LogOutputStream:75 - [STDERR_REDIRECT] [Fatal Error] :1:1: Premature end of file.
2026-03-29 17:08:25,656 [ERROR] LogOutputStream:75 - [STDERR_REDIRECT] 
2026-03-29 17:08:26,641 [ERROR] LogOutputStream:75 - [STDERR_REDIRECT] [Fatal Error] :1:1: Premature end of file.
2026-03-29 17:08:26,641 [ERROR] LogOutputStream:75 - [STDERR_REDIRECT] 
2026-03-29 17:08:27,639 [ERROR] LogOutputStream:75 - [STDERR_REDIRECT] [Fatal Error] :1:1: Premature end of file.
2026-03-29 17:08:27,640 [ERROR] LogOutputStream:75 - [STDERR_REDIRECT] 
2026-03-29 17:08:28,647 [ERROR] LogOutputStream:75 - [STDERR_REDIRECT] [Fatal Error] :1:1: Premature end of file.
2026-03-29 17:08:28,647 [ERROR] LogOutputStream:75 - [STDERR_REDIRECT] 
2026-03-29 17:08:29,645 [ERROR] LogOutputStream:75 - [STDERR_REDIRECT] [Fatal Error] :1:1: Premature end of file.
2026-03-29 17:08:29,645 [ERROR] LogOutputStream:75 - [STDERR_REDIRECT] 
2026-03-29 17:08:30,627 [ERROR] LogOutputStream:75 - [STDERR_REDIRECT] [Fatal Error] :1:1: Premature end of file.
2026-03-29 17:08:30,627 [ERROR] LogOutputStream:75 - [STDERR_REDIRECT] 
2026-03-29 17:08:31,635 [ERROR] LogOutputStream:75 - [STDERR_REDIRECT] [Fatal Error] :1:1: Premature end of file.
2026-03-29 17:08:31,635 [ERROR] LogOutputStream:75 - [STDERR_REDIRECT] 
2026-03-29 17:08:32,631 [ERROR] LogOutputStream:75 - [STDERR_REDIRECT] [Fatal Error] :1:1: Premature end of file.
2026-03-29 17:08:32,631 [ERROR] LogOutputStream:75 - [STDERR_REDIRECT] 
2026-03-29 17:08:33,645 [ERROR] LogOutputStream:75 - [STDERR_REDIRECT] [Fatal Error] :1:1: Premature end of file.
2026-03-29 17:08:33,645 [ERROR] LogOutputStream:75 - [STDERR_REDIRECT] 
2026-03-29 17:08:34,641 [ERROR] LogOutputStream:75 - [STDERR_REDIRECT] [Fatal Error] :1:1: Premature end of file.
2026-03-29 17:08:34,641 [ERROR] LogOutputStream:75 - [STDERR_REDIRECT] 
2026-03-29 17:08:35,629 [ERROR] LogOutputStream:75 - [STDERR_REDIRECT] [Fatal Error] :1:1: Premature end of file.
2026-03-29 17:08:35,629 [ERROR] LogOutputStream:75 - [STDERR_REDIRECT] 
2026-03-29 17:08:36,639 [ERROR] LogOutputStream:75 - [STDERR_REDIRECT] [Fatal Error] :1:1: Premature end of file.
2026-03-29 17:08:36,639 [ERROR] LogOutputStream:75 - [STDERR_REDIRECT] 
2026-03-29 17:08:37,630 [ERROR] LogOutputStream:75 - [STDERR_REDIRECT] [Fatal Error] :1:1: Premature end of file.
2026-03-29 17:08:37,631 [ERROR] LogOutputStream:75 - [STDERR_REDIRECT] 
2026-03-29 17:08:38,632 [ERROR] LogOutputStream:75 - [STDERR_REDIRECT] [Fatal Error] :1:1: Premature end of file.
2026-03-29 17:08:38,633 [ERROR] LogOutputStream:75 - [STDERR_REDIRECT] 
2026-03-29 17:08:39,633 [ERROR] LogOutputStream:75 - [STDERR_REDIRECT] [Fatal Error] :1:1: Premature end of file.
2026-03-29 17:08:39,633 [ERROR] LogOutputStream:75 - [STDERR_REDIRECT] 
2026-03-29 17:08:40,653 [ERROR] LogOutputStream:75 - [STDERR_REDIRECT] [Fatal Error] :1:1: Premature end of file.
2026-03-29 17:08:40,653 [ERROR] LogOutputStream:75 - [STDERR_REDIRECT] 
2026-03-29 17:08:41,626 [ERROR] LogOutputStream:75 - [STDERR_REDIRECT] [Fatal Error] :1:1: Premature end of file.
2026-03-29 17:08:41,626 [ERROR] LogOutputStream:75 - [STDERR_REDIRECT] 
2026-03-29 17:08:42,630 [ERROR] LogOutputStream:75 - [STDERR_REDIRECT] [Fatal Error] :1:1: Premature end of file.
2026-03-29 17:08:42,630 [ERROR] LogOutputStream:75 - [STDERR_REDIRECT] 
2026-03-29 17:08:43,627 [ERROR] LogOutputStream:75 - [STDERR_REDIRECT] [Fatal Error] :1:1: Premature end of file.
2026-03-29 17:08:43,627 [ERROR] LogOutputStream:75 - [STDERR_REDIRECT] 
2026-03-29 17:08:44,627 [ERROR] LogOutputStream:75 - [STDERR_REDIRECT] [Fatal Error] :1:1: Premature end of file.
2026-03-29 17:08:44,627 [ERROR] LogOutputStream:75 - [STDERR_REDIRECT] 
2026-03-29 17:08:45,635 [ERROR] LogOutputStream:75 - [STDERR_REDIRECT] [Fatal Error] :1:1: Premature end of file.
2026-03-29 17:08:45,637 [ERROR] LogOutputStream:75 - [STDERR_REDIRECT] 
2026-03-29 17:08:46,635 [ERROR] LogOutputStream:75 - [STDERR_REDIRECT] [Fatal Error] :1:1: Premature end of file.
2026-03-29 17:08:46,635 [ERROR] LogOutputStream:75 - [STDERR_REDIRECT] 
2026-03-29 17:08:47,627 [ERROR] LogOutputStream:75 - [STDERR_REDIRECT] [Fatal Error] :1:1: Premature end of file.
2026-03-29 17:08:47,627 [ERROR] LogOutputStream:75 - [STDERR_REDIRECT] 
2026-03-29 17:08:48,645 [ERROR] LogOutputStream:75 - [STDERR_REDIRECT] [Fatal Error] :1:1: Premature end of file.
2026-03-29 17:08:48,645 [ERROR] LogOutputStream:75 - [STDERR_REDIRECT] 
2026-03-29 17:08:49,635 [ERROR] LogOutputStream:75 - [STDERR_REDIRECT] [Fatal Error] :1:1: Premature end of file.
2026-03-29 17:08:49,635 [ERROR] LogOutputStream:75 - [STDERR_REDIRECT] 
2026-03-29 17:08:50,634 [ERROR] LogOutputStream:75 - [STDERR_REDIRECT] [Fatal Error] :1:1: Premature end of file.
2026-03-29 17:08:50,634 [ERROR] LogOutputStream:75 - [STDERR_REDIRECT] 
2026-03-29 17:08:51,639 [ERROR] LogOutputStream:75 - [STDERR_REDIRECT] [Fatal Error] :1:1: Premature end of file.
2026-03-29 17:08:51,639 [ERROR] LogOutputStream:75 - [STDERR_REDIRECT] 
2026-03-29 17:08:52,649 [ERROR] LogOutputStream:75 - [STDERR_REDIRECT] [Fatal Error] :1:1: Premature end of file.
2026-03-29 17:08:52,649 [ERROR] LogOutputStream:75 - [STDERR_REDIRECT] 
2026-03-29 17:08:53,630 [ERROR] LogOutputStream:75 - [STDERR_REDIRECT] [Fatal Error] :1:1: Premature end of file.
2026-03-29 17:08:53,630 [ERROR] LogOutputStream:75 - [STDERR_REDIRECT] 
2026-03-29 17:08:54,635 [ERROR] LogOutputStream:75 - [STDERR_REDIRECT] [Fatal Error] :1:1: Premature end of file.
2026-03-29 17:08:54,635 [ERROR] LogOutputStream:75 - [STDERR_REDIRECT] 
2026-03-29 17:08:55,635 [ERROR] LogOutputStream:75 - [STDERR_REDIRECT] [Fatal Error] :1:1: Premature end of file.
2026-03-29 17:08:55,635 [ERROR] LogOutputStream:75 - [STDERR_REDIRECT] 
2026-03-29 17:08:56,835 [ERROR] LogOutputStream:75 - [STDERR_REDIRECT] [Fatal Error] :1:1: Premature end of file.
2026-03-29 17:08:56,835 [ERROR] LogOutputStream:75 - [STDERR_REDIRECT] 
2026-03-29 17:08:57,639 [ERROR] LogOutputStream:75 - [STDERR_REDIRECT] [Fatal Error] :1:1: Premature end of file.
2026-03-29 17:08:57,639 [ERROR] LogOutputStream:75 - [STDERR_REDIRECT] 
2026-03-29 17:08:58,663 [ERROR] LogOutputStream:75 - [STDERR_REDIRECT] [Fatal Error] :1:1: Premature end of file.
2026-03-29 17:08:58,664 [ERROR] LogOutputStream:75 - [STDERR_REDIRECT] 
2026-03-29 17:08:59,640 [ERROR] LogOutputStream:75 - [STDERR_REDIRECT] [Fatal Error] :1:1: Premature end of file.
2026-03-29 17:08:59,640 [ERROR] LogOutputStream:75 - [STDERR_REDIRECT] 
2026-03-29 17:09:00,632 [ERROR] LogOutputStream:75 - [STDERR_REDIRECT] [Fatal Error] :1:1: Premature end of file.
2026-03-29 17:09:00,632 [ERROR] LogOutputStream:75 - [STDERR_REDIRECT] 
2026-03-29 17:09:01,645 [ERROR] LogOutputStream:75 - [STDERR_REDIRECT] [Fatal Error] :1:1: Premature end of file.
2026-03-29 17:09:01,645 [ERROR] LogOutputStream:75 - [STDERR_REDIRECT] 
2026-03-29 17:09:02,639 [ERROR] LogOutputStream:75 - [STDERR_REDIRECT] [Fatal Error] :1:1: Premature end of file.
2026-03-29 17:09:02,639 [ERROR] LogOutputStream:75 - [STDERR_REDIRECT] 
2026-03-29 17:09:03,647 [ERROR] LogOutputStream:75 - [STDERR_REDIRECT] [Fatal Error] :1:1: Premature end of file.
2026-03-29 17:09:03,647 [ERROR] LogOutputStream:75 - [STDERR_REDIRECT] 
2026-03-29 17:09:04,650 [ERROR] LogOutputStream:75 - [STDERR_REDIRECT] [Fatal Error] :1:1: Premature end of file.
2026-03-29 17:09:04,650 [ERROR] LogOutputStream:75 - [STDERR_REDIRECT] 
2026-03-29 17:09:05,629 [ERROR] LogOutputStream:75 - [STDERR_REDIRECT] [Fatal Error] :1:1: Premature end of file.
2026-03-29 17:09:05,629 [ERROR] LogOutputStream:75 - [STDERR_REDIRECT] 
2026-03-29 17:09:06,633 [ERROR] LogOutputStream:75 - [STDERR_REDIRECT] [Fatal Error] :1:1: Premature end of file.
2026-03-29 17:09:06,633 [ERROR] LogOutputStream:75 - [STDERR_REDIRECT] 
2026-03-29 17:09:07,638 [ERROR] LogOutputStream:75 - [STDERR_REDIRECT] [Fatal Error] :1:1: Premature end of file.
2026-03-29 17:09:07,638 [ERROR] LogOutputStream:75 - [STDERR_REDIRECT] 
2026-03-29 17:09:08,692 [ERROR] LogOutputStream:75 - [STDERR_REDIRECT] [Fatal Error] :1:1: Premature end of file.
2026-03-29 17:09:08,693 [ERROR] LogOutputStream:75 - [STDERR_REDIRECT] 
2026-03-29 17:09:09,659 [ERROR] LogOutputStream:75 - [STDERR_REDIRECT] [Fatal Error] :1:1: Premature end of file.
2026-03-29 17:09:09,660 [ERROR] LogOutputStream:75 - [STDERR_REDIRECT] 
2026-03-29 17:09:10,646 [ERROR] LogOutputStream:75 - [STDERR_REDIRECT] [Fatal Error] :1:1: Premature end of file.
2026-03-29 17:09:10,648 [ERROR] LogOutputStream:75 - [STDERR_REDIRECT] 
2026-03-29 17:09:11,641 [ERROR] LogOutputStream:75 - [STDERR_REDIRECT] [Fatal Error] :1:1: Premature end of file.
2026-03-29 17:09:11,641 [ERROR] LogOutputStream:75 - [STDERR_REDIRECT] 
2026-03-29 17:09:12,627 [ERROR] LogOutputStream:75 - [STDERR_REDIRECT] [Fatal Error] :1:1: Premature end of file.
2026-03-29 17:09:12,628 [ERROR] LogOutputStream:75 - [STDERR_REDIRECT] 
2026-03-29 17:09:13,629 [ERROR] LogOutputStream:75 - [STDERR_REDIRECT] [Fatal Error] :1:1: Premature end of file.
2026-03-29 17:09:13,629 [ERROR] LogOutputStream:75 - [STDERR_REDIRECT] 
2026-03-29 17:09:14,642 [ERROR] LogOutputStream:75 - [STDERR_REDIRECT] [Fatal Error] :1:1: Premature end of file.
2026-03-29 17:09:14,642 [ERROR] LogOutputStream:75 - [STDERR_REDIRECT] 
2026-03-29 17:09:15,634 [ERROR] LogOutputStream:75 - [STDERR_REDIRECT] [Fatal Error] :1:1: Premature end of file.
2026-03-29 17:09:15,634 [ERROR] LogOutputStream:75 - [STDERR_REDIRECT] 
2026-03-29 17:09:16,632 [ERROR] LogOutputStream:75 - [STDERR_REDIRECT] [Fatal Error] :1:1: Premature end of file.
2026-03-29 17:09:16,632 [ERROR] LogOutputStream:75 - [STDERR_REDIRECT] 
2026-03-29 17:09:17,642 [ERROR] LogOutputStream:75 - [STDERR_REDIRECT] [Fatal Error] :1:1: Premature end of file.
2026-03-29 17:09:17,642 [ERROR] LogOutputStream:75 - [STDERR_REDIRECT] 
2026-03-29 17:09:18,629 [ERROR] LogOutputStream:75 - [STDERR_REDIRECT] [Fatal Error] :1:1: Premature end of file.
2026-03-29 17:09:18,630 [ERROR] LogOutputStream:75 - [STDERR_REDIRECT] 
2026-03-29 17:09:19,629 [ERROR] LogOutputStream:75 - [STDERR_REDIRECT] [Fatal Error] :1:1: Premature end of file.
2026-03-29 17:09:19,629 [ERROR] LogOutputStream:75 - [STDERR_REDIRECT] 
2026-03-29 17:09:20,634 [ERROR] LogOutputStream:75 - [STDERR_REDIRECT] [Fatal Error] :1:1: Premature end of file.
2026-03-29 17:09:20,634 [ERROR] LogOutputStream:75 - [STDERR_REDIRECT] 
2026-03-29 17:09:21,639 [ERROR] LogOutputStream:75 - [STDERR_REDIRECT] [Fatal Error] :1:1: Premature end of file.
2026-03-29 17:09:21,641 [ERROR] LogOutputStream:75 - [STDERR_REDIRECT] 
2026-03-29 17:09:22,647 [ERROR] LogOutputStream:75 - [STDERR_REDIRECT] [Fatal Error] :1:1: Premature end of file.
2026-03-29 17:09:22,647 [ERROR] LogOutputStream:75 - [STDERR_REDIRECT] 
2026-03-29 17:09:23,635 [ERROR] LogOutputStream:75 - [STDERR_REDIRECT] [Fatal Error] :1:1: Premature end of file.
2026-03-29 17:09:23,635 [ERROR] LogOutputStream:75 - [STDERR_REDIRECT] 
2026-03-29 17:09:24,640 [ERROR] LogOutputStream:75 - [STDERR_REDIRECT] [Fatal Error] :1:1: Premature end of file.
2026-03-29 17:09:24,640 [ERROR] LogOutputStream:75 - [STDERR_REDIRECT] 
2026-03-29 17:09:25,636 [ERROR] LogOutputStream:75 - [STDERR_REDIRECT] [Fatal Error] :1:1: Premature end of file.
2026-03-29 17:09:25,636 [ERROR] LogOutputStream:75 - [STDERR_REDIRECT] 
2026-03-29 17:09:26,641 [ERROR] LogOutputStream:75 - [STDERR_REDIRECT] [Fatal Error] :1:1: Premature end of file.
2026-03-29 17:09:26,642 [ERROR] LogOutputStream:75 - [STDERR_REDIRECT] 
2026-03-29 17:09:27,628 [ERROR] LogOutputStream:75 - [STDERR_REDIRECT] [Fatal Error] :1:1: Premature end of file.
2026-03-29 17:09:27,628 [ERROR] LogOutputStream:75 - [STDERR_REDIRECT] 
2026-03-29 17:09:28,627 [ERROR] LogOutputStream:75 - [STDERR_REDIRECT] [Fatal Error] :1:1: Premature end of file.
2026-03-29 17:09:28,627 [ERROR] LogOutputStream:75 - [STDERR_REDIRECT] 
2026-03-29 17:09:29,630 [ERROR] LogOutputStream:75 - [STDERR_REDIRECT] [Fatal Error] :1:1: Premature end of file.
2026-03-29 17:09:29,631 [ERROR] LogOutputStream:75 - [STDERR_REDIRECT] 
2026-03-29 17:09:30,641 [ERROR] LogOutputStream:75 - [STDERR_REDIRECT] [Fatal Error] :1:1: Premature end of file.
2026-03-29 17:09:30,641 [ERROR] LogOutputStream:75 - [STDERR_REDIRECT] 
2026-03-29 17:09:31,647 [ERROR] LogOutputStream:75 - [STDERR_REDIRECT] [Fatal Error] :1:1: Premature end of file.
2026-03-29 17:09:31,647 [ERROR] LogOutputStream:75 - [STDERR_REDIRECT] 
2026-03-29 17:09:32,651 [ERROR] LogOutputStream:75 - [STDERR_REDIRECT] [Fatal Error] :1:1: Premature end of file.
2026-03-29 17:09:32,651 [ERROR] LogOutputStream:75 - [STDERR_REDIRECT] 
2026-03-29 17:09:33,635 [ERROR] LogOutputStream:75 - [STDERR_REDIRECT] [Fatal Error] :1:1: Premature end of file.
2026-03-29 17:09:33,635 [ERROR] LogOutputStream:75 - [STDERR_REDIRECT] 
2026-03-29 17:09:34,641 [ERROR] LogOutputStream:75 - [STDERR_REDIRECT] [Fatal Error] :1:1: Premature end of file.
2026-03-29 17:09:34,641 [ERROR] LogOutputStream:75 - [STDERR_REDIRECT] 
2026-03-29 17:09:35,649 [ERROR] LogOutputStream:75 - [STDERR_REDIRECT] [Fatal Error] :1:1: Premature end of file.
2026-03-29 17:09:35,649 [ERROR] LogOutputStream:75 - [STDERR_REDIRECT] 
2026-03-29 17:09:36,639 [ERROR] LogOutputStream:75 - [STDERR_REDIRECT] [Fatal Error] :1:1: Premature end of file.
2026-03-29 17:09:36,639 [ERROR] LogOutputStream:75 - [STDERR_REDIRECT] 
2026-03-29 17:09:37,633 [ERROR] LogOutputStream:75 - [STDERR_REDIRECT] [Fatal Error] :1:1: Premature end of file.
2026-03-29 17:09:37,633 [ERROR] LogOutputStream:75 - [STDERR_REDIRECT] 
2026-03-29 17:09:38,643 [ERROR] LogOutputStream:75 - [STDERR_REDIRECT] [Fatal Error] :1:1: Premature end of file.
2026-03-29 17:09:38,643 [ERROR] LogOutputStream:75 - [STDERR_REDIRECT] 
2026-03-29 17:09:39,639 [ERROR] LogOutputStream:75 - [STDERR_REDIRECT] [Fatal Error] :1:1: Premature end of file.
2026-03-29 17:09:39,639 [ERROR] LogOutputStream:75 - [STDERR_REDIRECT] 
2026-03-29 17:09:40,627 [ERROR] LogOutputStream:75 - [STDERR_REDIRECT] [Fatal Error] :1:1: Premature end of file.
2026-03-29 17:09:40,627 [ERROR] LogOutputStream:75 - [STDERR_REDIRECT] 
2026-03-29 17:09:41,640 [ERROR] LogOutputStream:75 - [STDERR_REDIRECT] [Fatal Error] :1:1: Premature end of file.
2026-03-29 17:09:41,640 [ERROR] LogOutputStream:75 - [STDERR_REDIRECT] 
2026-03-29 17:09:42,637 [ERROR] LogOutputStream:75 - [STDERR_REDIRECT] [Fatal Error] :1:1: Premature end of file.
2026-03-29 17:09:42,637 [ERROR] LogOutputStream:75 - [STDERR_REDIRECT] 
2026-03-29 17:09:43,640 [ERROR] LogOutputStream:75 - [STDERR_REDIRECT] [Fatal Error] :1:1: Premature end of file.
2026-03-29 17:09:43,640 [ERROR] LogOutputStream:75 - [STDERR_REDIRECT] 
2026-03-29 17:09:44,629 [ERROR] LogOutputStream:75 - [STDERR_REDIRECT] [Fatal Error] :1:1: Premature end of file.
2026-03-29 17:09:44,629 [ERROR] LogOutputStream:75 - [STDERR_REDIRECT] 
2026-03-29 17:09:45,631 [ERROR] LogOutputStream:75 - [STDERR_REDIRECT] [Fatal Error] :1:1: Premature end of file.
2026-03-29 17:09:45,631 [ERROR] LogOutputStream:75 - [STDERR_REDIRECT] 
2026-03-29 17:09:46,627 [ERROR] LogOutputStream:75 - [STDERR_REDIRECT] [Fatal Error] :1:1: Premature end of file.
2026-03-29 17:09:46,627 [ERROR] LogOutputStream:75 - [STDERR_REDIRECT] 
2026-03-29 17:09:47,633 [ERROR] LogOutputStream:75 - [STDERR_REDIRECT] [Fatal Error] :1:1: Premature end of file.
2026-03-29 17:09:47,633 [ERROR] LogOutputStream:75 - [STDERR_REDIRECT] 
2026-03-29 17:09:48,711 [ERROR] LogOutputStream:75 - [STDERR_REDIRECT] [Fatal Error] :1:1: Premature end of file.
2026-03-29 17:09:48,711 [ERROR] LogOutputStream:75 - [STDERR_REDIRECT] 
2026-03-29 17:09:49,633 [ERROR] LogOutputStream:75 - [STDERR_REDIRECT] [Fatal Error] :1:1: Premature end of file.
2026-03-29 17:09:49,634 [ERROR] LogOutputStream:75 - [STDERR_REDIRECT] 
2026-03-29 17:09:50,627 [ERROR] LogOutputStream:75 - [STDERR_REDIRECT] [Fatal Error] :1:1: Premature end of file.
2026-03-29 17:09:50,627 [ERROR] LogOutputStream:75 - [STDERR_REDIRECT] 
2026-03-29 17:09:51,626 [ERROR] LogOutputStream:75 - [STDERR_REDIRECT] [Fatal Error] :1:1: Premature end of file.
2026-03-29 17:09:51,626 [ERROR] LogOutputStream:75 - [STDERR_REDIRECT] 
2026-03-29 17:09:52,640 [ERROR] LogOutputStream:75 - [STDERR_REDIRECT] [Fatal Error] :1:1: Premature end of file.
2026-03-29 17:09:52,640 [ERROR] LogOutputStream:75 - [STDERR_REDIRECT] 
2026-03-29 17:09:53,637 [ERROR] LogOutputStream:75 - [STDERR_REDIRECT] [Fatal Error] :1:1: Premature end of file.
2026-03-29 17:09:53,638 [ERROR] LogOutputStream:75 - [STDERR_REDIRECT] 
2026-03-29 17:09:54,630 [ERROR] LogOutputStream:75 - [STDERR_REDIRECT] [Fatal Error] :1:1: Premature end of file.
2026-03-29 17:09:54,632 [ERROR] LogOutputStream:75 - [STDERR_REDIRECT] 
2026-03-29 17:09:55,641 [ERROR] LogOutputStream:75 - [STDERR_REDIRECT] [Fatal Error] :1:1: Premature end of file.
2026-03-29 17:09:55,641 [ERROR] LogOutputStream:75 - [STDERR_REDIRECT] 
2026-03-29 17:09:56,631 [ERROR] LogOutputStream:75 - [STDERR_REDIRECT] [Fatal Error] :1:1: Premature end of file.
2026-03-29 17:09:56,631 [ERROR] LogOutputStream:75 - [STDERR_REDIRECT] 
2026-03-29 17:09:57,629 [ERROR] LogOutputStream:75 - [STDERR_REDIRECT] [Fatal Error] :1:1: Premature end of file.
2026-03-29 17:09:57,630 [ERROR] LogOutputStream:75 - [STDERR_REDIRECT] 
2026-03-29 17:09:58,633 [ERROR] LogOutputStream:75 - [STDERR_REDIRECT] [Fatal Error] :1:1: Premature end of file.
2026-03-29 17:09:58,634 [ERROR] LogOutputStream:75 - [STDERR_REDIRECT] 
2026-03-29 17:09:59,627 [ERROR] LogOutputStream:75 - [STDERR_REDIRECT] [Fatal Error] :1:1: Premature end of file.
2026-03-29 17:09:59,627 [ERROR] LogOutputStream:75 - [STDERR_REDIRECT] 
2026-03-29 17:10:00,639 [ERROR] LogOutputStream:75 - [STDERR_REDIRECT] [Fatal Error] :1:1: Premature end of file.
2026-03-29 17:10:00,639 [ERROR] LogOutputStream:75 - [STDERR_REDIRECT] 
2026-03-29 17:10:01,633 [ERROR] LogOutputStream:75 - [STDERR_REDIRECT] [Fatal Error] :1:1: Premature end of file.
2026-03-29 17:10:01,633 [ERROR] LogOutputStream:75 - [STDERR_REDIRECT] 
2026-03-29 17:10:02,639 [ERROR] LogOutputStream:75 - [STDERR_REDIRECT] [Fatal Error] :1:1: Premature end of file.
2026-03-29 17:10:02,640 [ERROR] LogOutputStream:75 - [STDERR_REDIRECT] 
2026-03-29 17:10:03,628 [ERROR] LogOutputStream:75 - [STDERR_REDIRECT] [Fatal Error] :1:1: Premature end of file.
2026-03-29 17:10:03,628 [ERROR] LogOutputStream:75 - [STDERR_REDIRECT] 
2026-03-29 17:10:04,646 [ERROR] LogOutputStream:75 - [STDERR_REDIRECT] [Fatal Error] :1:1: Premature end of file.
2026-03-29 17:10:04,646 [ERROR] LogOutputStream:75 - [STDERR_REDIRECT] 
2026-03-29 17:10:05,649 [ERROR] LogOutputStream:75 - [STDERR_REDIRECT] [Fatal Error] :1:1: Premature end of file.
2026-03-29 17:10:05,649 [ERROR] LogOutputStream:75 - [STDERR_REDIRECT] 
2026-03-29 17:10:06,645 [ERROR] LogOutputStream:75 - [STDERR_REDIRECT] [Fatal Error] :1:1: Premature end of file.
2026-03-29 17:10:06,645 [ERROR] LogOutputStream:75 - [STDERR_REDIRECT] 
2026-03-29 17:10:07,648 [ERROR] LogOutputStream:75 - [STDERR_REDIRECT] [Fatal Error] :1:1: Premature end of file.
2026-03-29 17:10:07,648 [ERROR] LogOutputStream:75 - [STDERR_REDIRECT] 
2026-03-29 17:10:08,637 [ERROR] LogOutputStream:75 - [STDERR_REDIRECT] [Fatal Error] :1:1: Premature end of file.
2026-03-29 17:10:08,637 [ERROR] LogOutputStream:75 - [STDERR_REDIRECT] 
2026-03-29 17:10:09,640 [ERROR] LogOutputStream:75 - [STDERR_REDIRECT] [Fatal Error] :1:1: Premature end of file.
2026-03-29 17:10:09,641 [ERROR] LogOutputStream:75 - [STDERR_REDIRECT] 
2026-03-29 17:10:10,631 [ERROR] LogOutputStream:75 - [STDERR_REDIRECT] [Fatal Error] :1:1: Premature end of file.
2026-03-29 17:10:10,631 [ERROR] LogOutputStream:75 - [STDERR_REDIRECT] 
2026-03-29 17:10:11,671 [ERROR] LogOutputStream:75 - [STDERR_REDIRECT] [Fatal Error] :1:1: Premature end of file.
2026-03-29 17:10:11,671 [ERROR] LogOutputStream:75 - [STDERR_REDIRECT] 
2026-03-29 17:10:12,629 [ERROR] LogOutputStream:75 - [STDERR_REDIRECT] [Fatal Error] :1:1: Premature end of file.
2026-03-29 17:10:12,630 [ERROR] LogOutputStream:75 - [STDERR_REDIRECT] 
2026-03-29 17:10:13,642 [ERROR] LogOutputStream:75 - [STDERR_REDIRECT] [Fatal Error] :1:1: Premature end of file.
2026-03-29 17:10:13,642 [ERROR] LogOutputStream:75 - [STDERR_REDIRECT] 
2026-03-29 17:10:14,635 [ERROR] LogOutputStream:75 - [STDERR_REDIRECT] [Fatal Error] :1:1: Premature end of file.
2026-03-29 17:10:14,636 [ERROR] LogOutputStream:75 - [STDERR_REDIRECT] 
2026-03-29 17:10:15,650 [ERROR] LogOutputStream:75 - [STDERR_REDIRECT] [Fatal Error] :1:1: Premature end of file.
2026-03-29 17:10:15,650 [ERROR] LogOutputStream:75 - [STDERR_REDIRECT] 
2026-03-29 17:10:16,631 [ERROR] LogOutputStream:75 - [STDERR_REDIRECT] [Fatal Error] :1:1: Premature end of file.
2026-03-29 17:10:16,632 [ERROR] LogOutputStream:75 - [STDERR_REDIRECT] 
2026-03-29 17:10:17,626 [ERROR] LogOutputStream:75 - [STDERR_REDIRECT] [Fatal Error] :1:1: Premature end of file.
2026-03-29 17:10:17,626 [ERROR] LogOutputStream:75 - [STDERR_REDIRECT] 
2026-03-29 17:10:18,629 [ERROR] LogOutputStream:75 - [STDERR_REDIRECT] [Fatal Error] :1:1: Premature end of file.
2026-03-29 17:10:18,629 [ERROR] LogOutputStream:75 - [STDERR_REDIRECT] 
2026-03-29 17:10:19,636 [ERROR] LogOutputStream:75 - [STDERR_REDIRECT] [Fatal Error] :1:1: Premature end of file.
2026-03-29 17:10:19,636 [ERROR] LogOutputStream:75 - [STDERR_REDIRECT] 
2026-03-29 17:10:20,628 [ERROR] LogOutputStream:75 - [STDERR_REDIRECT] [Fatal Error] :1:1: Premature end of file.
2026-03-29 17:10:20,628 [ERROR] LogOutputStream:75 - [STDERR_REDIRECT] 
2026-03-29 17:10:21,627 [ERROR] LogOutputStream:75 - [STDERR_REDIRECT] [Fatal Error] :1:1: Premature end of file.
2026-03-29 17:10:21,627 [ERROR] LogOutputStream:75 - [STDERR_REDIRECT] 
2026-03-29 17:10:22,626 [ERROR] LogOutputStream:75 - [STDERR_REDIRECT] [Fatal Error] :1:1: Premature end of file.
2026-03-29 17:10:22,627 [ERROR] LogOutputStream:75 - [STDERR_REDIRECT] 
2026-03-29 17:10:23,639 [ERROR] LogOutputStream:75 - [STDERR_REDIRECT] [Fatal Error] :1:1: Premature end of file.
2026-03-29 17:10:23,639 [ERROR] LogOutputStream:75 - [STDERR_REDIRECT] 
2026-03-29 17:10:24,634 [ERROR] LogOutputStream:75 - [STDERR_REDIRECT] [Fatal Error] :1:1: Premature end of file.
2026-03-29 17:10:24,634 [ERROR] LogOutputStream:75 - [STDERR_REDIRECT] 
2026-03-29 17:10:25,629 [ERROR] LogOutputStream:75 - [STDERR_REDIRECT] [Fatal Error] :1:1: Premature end of file.
2026-03-29 17:10:25,629 [ERROR] LogOutputStream:75 - [STDERR_REDIRECT] 
2026-03-29 17:10:26,640 [ERROR] LogOutputStream:75 - [STDERR_REDIRECT] [Fatal Error] :1:1: Premature end of file.
2026-03-29 17:10:26,640 [ERROR] LogOutputStream:75 - [STDERR_REDIRECT] 
2026-03-29 17:10:27,627 [ERROR] LogOutputStream:75 - [STDERR_REDIRECT] [Fatal Error] :1:1: Premature end of file.
2026-03-29 17:10:27,627 [ERROR] LogOutputStream:75 - [STDERR_REDIRECT] 
2026-03-29 17:10:28,627 [ERROR] LogOutputStream:75 - [STDERR_REDIRECT] [Fatal Error] :1:1: Premature end of file.
2026-03-29 17:10:28,627 [ERROR] LogOutputStream:75 - [STDERR_REDIRECT] 
2026-03-29 17:10:29,635 [ERROR] LogOutputStream:75 - [STDERR_REDIRECT] [Fatal Error] :1:1: Premature end of file.
2026-03-29 17:10:29,635 [ERROR] LogOutputStream:75 - [STDERR_REDIRECT] 
2026-03-29 17:10:30,630 [ERROR] LogOutputStream:75 - [STDERR_REDIRECT] [Fatal Error] :1:1: Premature end of file.
2026-03-29 17:10:30,631 [ERROR] LogOutputStream:75 - [STDERR_REDIRECT] 
2026-03-29 17:10:31,630 [ERROR] LogOutputStream:75 - [STDERR_REDIRECT] [Fatal Error] :1:1: Premature end of file.
2026-03-29 17:10:31,630 [ERROR] LogOutputStream:75 - [STDERR_REDIRECT] 
2026-03-29 17:10:32,638 [ERROR] LogOutputStream:75 - [STDERR_REDIRECT] [Fatal Error] :1:1: Premature end of file.
2026-03-29 17:10:32,638 [ERROR] LogOutputStream:75 - [STDERR_REDIRECT] 
2026-03-29 17:10:33,633 [ERROR] LogOutputStream:75 - [STDERR_REDIRECT] [Fatal Error] :1:1: Premature end of file.
2026-03-29 17:10:33,633 [ERROR] LogOutputStream:75 - [STDERR_REDIRECT] 
2026-03-29 17:10:34,635 [ERROR] LogOutputStream:75 - [STDERR_REDIRECT] [Fatal Error] :1:1: Premature end of file.
2026-03-29 17:10:34,635 [ERROR] LogOutputStream:75 - [STDERR_REDIRECT] 
2026-03-29 17:10:35,629 [ERROR] LogOutputStream:75 - [STDERR_REDIRECT] [Fatal Error] :1:1: Premature end of file.
2026-03-29 17:10:35,629 [ERROR] LogOutputStream:75 - [STDERR_REDIRECT] 
2026-03-29 17:10:36,631 [ERROR] LogOutputStream:75 - [STDERR_REDIRECT] [Fatal Error] :1:1: Premature end of file.
2026-03-29 17:10:36,631 [ERROR] LogOutputStream:75 - [STDERR_REDIRECT] 
2026-03-29 17:10:37,632 [ERROR] LogOutputStream:75 - [STDERR_REDIRECT] [Fatal Error] :1:1: Premature end of file.
2026-03-29 17:10:37,632 [ERROR] LogOutputStream:75 - [STDERR_REDIRECT] 
2026-03-29 17:10:38,639 [ERROR] LogOutputStream:75 - [STDERR_REDIRECT] [Fatal Error] :1:1: Premature end of file.
2026-03-29 17:10:38,639 [ERROR] LogOutputStream:75 - [STDERR_REDIRECT] 
2026-03-29 17:10:39,626 [ERROR] LogOutputStream:75 - [STDERR_REDIRECT] [Fatal Error] :1:1: Premature end of file.
2026-03-29 17:10:39,626 [ERROR] LogOutputStream:75 - [STDERR_REDIRECT] 
2026-03-29 17:10:40,628 [ERROR] LogOutputStream:75 - [STDERR_REDIRECT] [Fatal Error] :1:1: Premature end of file.
2026-03-29 17:10:40,628 [ERROR] LogOutputStream:75 - [STDERR_REDIRECT] 
2026-03-29 17:10:41,629 [ERROR] LogOutputStream:75 - [STDERR_REDIRECT] [Fatal Error] :1:1: Premature end of file.
2026-03-29 17:10:41,630 [ERROR] LogOutputStream:75 - [STDERR_REDIRECT] 
2026-03-29 17:10:42,631 [ERROR] LogOutputStream:75 - [STDERR_REDIRECT] [Fatal Error] :1:1: Premature end of file.
2026-03-29 17:10:42,632 [ERROR] LogOutputStream:75 - [STDERR_REDIRECT] 
2026-03-29 17:10:43,634 [ERROR] LogOutputStream:75 - [STDERR_REDIRECT] [Fatal Error] :1:1: Premature end of file.
2026-03-29 17:10:43,634 [ERROR] LogOutputStream:75 - [STDERR_REDIRECT] 
2026-03-29 17:10:44,640 [ERROR] LogOutputStream:75 - [STDERR_REDIRECT] [Fatal Error] :1:1: Premature end of file.
2026-03-29 17:10:44,640 [ERROR] LogOutputStream:75 - [STDERR_REDIRECT] 
2026-03-29 17:10:45,631 [ERROR] LogOutputStream:75 - [STDERR_REDIRECT] [Fatal Error] :1:1: Premature end of file.
2026-03-29 17:10:45,632 [ERROR] LogOutputStream:75 - [STDERR_REDIRECT] 
2026-03-29 17:10:46,632 [ERROR] LogOutputStream:75 - [STDERR_REDIRECT] [Fatal Error] :1:1: Premature end of file.
2026-03-29 17:10:46,632 [ERROR] LogOutputStream:75 - [STDERR_REDIRECT] 
2026-03-29 17:10:47,627 [ERROR] LogOutputStream:75 - [STDERR_REDIRECT] [Fatal Error] :1:1: Premature end of file.
2026-03-29 17:10:47,629 [ERROR] LogOutputStream:75 - [STDERR_REDIRECT] 
2026-03-29 17:10:48,627 [ERROR] LogOutputStream:75 - [STDERR_REDIRECT] [Fatal Error] :1:1: Premature end of file.
2026-03-29 17:10:48,627 [ERROR] LogOutputStream:75 - [STDERR_REDIRECT] 
2026-03-29 17:10:49,639 [ERROR] LogOutputStream:75 - [STDERR_REDIRECT] [Fatal Error] :1:1: Premature end of file.
2026-03-29 17:10:49,639 [ERROR] LogOutputStream:75 - [STDERR_REDIRECT] 
2026-03-29 17:10:50,643 [ERROR] LogOutputStream:75 - [STDERR_REDIRECT] [Fatal Error] :1:1: Premature end of file.
2026-03-29 17:10:50,643 [ERROR] LogOutputStream:75 - [STDERR_REDIRECT] 
2026-03-29 17:10:51,634 [ERROR] LogOutputStream:75 - [STDERR_REDIRECT] [Fatal Error] :1:1: Premature end of file.
2026-03-29 17:10:51,634 [ERROR] LogOutputStream:75 - [STDERR_REDIRECT] 
2026-03-29 17:10:52,630 [ERROR] LogOutputStream:75 - [STDERR_REDIRECT] [Fatal Error] :1:1: Premature end of file.
2026-03-29 17:10:52,631 [ERROR] LogOutputStream:75 - [STDERR_REDIRECT] 
2026-03-29 17:10:53,629 [ERROR] LogOutputStream:75 - [STDERR_REDIRECT] [Fatal Error] :1:1: Premature end of file.
2026-03-29 17:10:53,630 [ERROR] LogOutputStream:75 - [STDERR_REDIRECT] 
2026-03-29 17:10:54,644 [ERROR] LogOutputStream:75 - [STDERR_REDIRECT] [Fatal Error] :1:1: Premature end of file.
2026-03-29 17:10:54,644 [ERROR] LogOutputStream:75 - [STDERR_REDIRECT] 
2026-03-29 17:10:55,646 [ERROR] LogOutputStream:75 - [STDERR_REDIRECT] [Fatal Error] :1:1: Premature end of file.
2026-03-29 17:10:55,646 [ERROR] LogOutputStream:75 - [STDERR_REDIRECT] 
2026-03-29 17:10:56,669 [ERROR] LogOutputStream:75 - [STDERR_REDIRECT] [Fatal Error] :1:1: Premature end of file.
2026-03-29 17:10:56,669 [ERROR] LogOutputStream:75 - [STDERR_REDIRECT] 
2026-03-29 17:10:57,632 [ERROR] LogOutputStream:75 - [STDERR_REDIRECT] [Fatal Error] :1:1: Premature end of file.
2026-03-29 17:10:57,632 [ERROR] LogOutputStream:75 - [STDERR_REDIRECT] 
2026-03-29 17:10:58,635 [ERROR] LogOutputStream:75 - [STDERR_REDIRECT] [Fatal Error] :1:1: Premature end of file.
2026-03-29 17:10:58,635 [ERROR] LogOutputStream:75 - [STDERR_REDIRECT] 
2026-03-29 17:10:59,635 [ERROR] LogOutputStream:75 - [STDERR_REDIRECT] [Fatal Error] :1:1: Premature end of file.
2026-03-29 17:10:59,635 [ERROR] LogOutputStream:75 - [STDERR_REDIRECT] 
2026-03-29 17:11:00,631 [ERROR] LogOutputStream:75 - [STDERR_REDIRECT] [Fatal Error] :1:1: Premature end of file.
2026-03-29 17:11:00,631 [ERROR] LogOutputStream:75 - [STDERR_REDIRECT] 
2026-03-29 17:11:01,627 [ERROR] LogOutputStream:75 - [STDERR_REDIRECT] [Fatal Error] :1:1: Premature end of file.
2026-03-29 17:11:01,627 [ERROR] LogOutputStream:75 - [STDERR_REDIRECT] 
2026-03-29 17:11:02,647 [ERROR] LogOutputStream:75 - [STDERR_REDIRECT] [Fatal Error] :1:1: Premature end of file.
2026-03-29 17:11:02,647 [ERROR] LogOutputStream:75 - [STDERR_REDIRECT] 
2026-03-29 17:11:03,629 [ERROR] LogOutputStream:75 - [STDERR_REDIRECT] [Fatal Error] :1:1: Premature end of file.
2026-03-29 17:11:03,629 [ERROR] LogOutputStream:75 - [STDERR_REDIRECT] 
2026-03-29 17:11:04,630 [ERROR] LogOutputStream:75 - [STDERR_REDIRECT] [Fatal Error] :1:1: Premature end of file.
2026-03-29 17:11:04,631 [ERROR] LogOutputStream:75 - [STDERR_REDIRECT] 
2026-03-29 17:11:05,627 [ERROR] LogOutputStream:75 - [STDERR_REDIRECT] [Fatal Error] :1:1: Premature end of file.
2026-03-29 17:11:05,627 [ERROR] LogOutputStream:75 - [STDERR_REDIRECT] 
2026-03-29 17:11:06,629 [ERROR] LogOutputStream:75 - [STDERR_REDIRECT] [Fatal Error] :1:1: Premature end of file.
2026-03-29 17:11:06,629 [ERROR] LogOutputStream:75 - [STDERR_REDIRECT] 
2026-03-29 17:11:07,645 [ERROR] LogOutputStream:75 - [STDERR_REDIRECT] [Fatal Error] :1:1: Premature end of file.
2026-03-29 17:11:07,645 [ERROR] LogOutputStream:75 - [STDERR_REDIRECT] 
2026-03-29 17:11:08,642 [ERROR] LogOutputStream:75 - [STDERR_REDIRECT] [Fatal Error] :1:1: Premature end of file.
2026-03-29 17:11:08,642 [ERROR] LogOutputStream:75 - [STDERR_REDIRECT] 
2026-03-29 17:11:09,638 [ERROR] LogOutputStream:75 - [STDERR_REDIRECT] [Fatal Error] :1:1: Premature end of file.
2026-03-29 17:11:09,638 [ERROR] LogOutputStream:75 - [STDERR_REDIRECT] 
2026-03-29 17:11:10,633 [ERROR] LogOutputStream:75 - [STDERR_REDIRECT] [Fatal Error] :1:1: Premature end of file.
2026-03-29 17:11:10,633 [ERROR] LogOutputStream:75 - [STDERR_REDIRECT] 
2026-03-29 17:11:11,629 [ERROR] LogOutputStream:75 - [STDERR_REDIRECT] [Fatal Error] :1:1: Premature end of file.
2026-03-29 17:11:11,629 [ERROR] LogOutputStream:75 - [STDERR_REDIRECT] 
2026-03-29 17:11:12,661 [ERROR] LogOutputStream:75 - [STDERR_REDIRECT] [Fatal Error] :1:1: Premature end of file.
2026-03-29 17:11:12,661 [ERROR] LogOutputStream:75 - [STDERR_REDIRECT] 
2026-03-29 17:11:13,637 [ERROR] LogOutputStream:75 - [STDERR_REDIRECT] [Fatal Error] :1:1: Premature end of file.
2026-03-29 17:11:13,637 [ERROR] LogOutputStream:75 - [STDERR_REDIRECT] 
2026-03-29 17:11:14,635 [ERROR] LogOutputStream:75 - [STDERR_REDIRECT] [Fatal Error] :1:1: Premature end of file.
2026-03-29 17:11:14,635 [ERROR] LogOutputStream:75 - [STDERR_REDIRECT] 
2026-03-29 17:11:15,628 [ERROR] LogOutputStream:75 - [STDERR_REDIRECT] [Fatal Error] :1:1: Premature end of file.
2026-03-29 17:11:15,628 [ERROR] LogOutputStream:75 - [STDERR_REDIRECT] 
2026-03-29 17:11:16,647 [ERROR] LogOutputStream:75 - [STDERR_REDIRECT] [Fatal Error] :1:1: Premature end of file.
2026-03-29 17:11:16,647 [ERROR] LogOutputStream:75 - [STDERR_REDIRECT] 
2026-03-29 17:11:17,629 [ERROR] LogOutputStream:75 - [STDERR_REDIRECT] [Fatal Error] :1:1: Premature end of file.
2026-03-29 17:11:17,629 [ERROR] LogOutputStream:75 - [STDERR_REDIRECT] 
2026-03-29 17:11:18,629 [ERROR] LogOutputStream:75 - [STDERR_REDIRECT] [Fatal Error] :1:1: Premature end of file.
2026-03-29 17:11:18,629 [ERROR] LogOutputStream:75 - [STDERR_REDIRECT] 
2026-03-29 17:11:19,629 [ERROR] LogOutputStream:75 - [STDERR_REDIRECT] [Fatal Error] :1:1: Premature end of file.
2026-03-29 17:11:19,629 [ERROR] LogOutputStream:75 - [STDERR_REDIRECT] 
2026-03-29 17:11:20,629 [ERROR] LogOutputStream:75 - [STDERR_REDIRECT] [Fatal Error] :1:1: Premature end of file.
2026-03-29 17:11:20,630 [ERROR] LogOutputStream:75 - [STDERR_REDIRECT] 
2026-03-29 17:11:21,633 [ERROR] LogOutputStream:75 - [STDERR_REDIRECT] [Fatal Error] :1:1: Premature end of file.
2026-03-29 17:11:21,633 [ERROR] LogOutputStream:75 - [STDERR_REDIRECT] 
2026-03-29 17:11:22,642 [ERROR] LogOutputStream:75 - [STDERR_REDIRECT] [Fatal Error] :1:1: Premature end of file.
2026-03-29 17:11:22,642 [ERROR] LogOutputStream:75 - [STDERR_REDIRECT] 
2026-03-29 17:11:23,636 [ERROR] LogOutputStream:75 - [STDERR_REDIRECT] [Fatal Error] :1:1: Premature end of file.
2026-03-29 17:11:23,636 [ERROR] LogOutputStream:75 - [STDERR_REDIRECT] 
2026-03-29 17:11:24,630 [ERROR] LogOutputStream:75 - [STDERR_REDIRECT] [Fatal Error] :1:1: Premature end of file.
2026-03-29 17:11:24,630 [ERROR] LogOutputStream:75 - [STDERR_REDIRECT] 
2026-03-29 17:11:25,635 [ERROR] LogOutputStream:75 - [STDERR_REDIRECT] [Fatal Error] :1:1: Premature end of file.
2026-03-29 17:11:25,635 [ERROR] LogOutputStream:75 - [STDERR_REDIRECT] 
2026-03-29 17:11:26,642 [ERROR] LogOutputStream:75 - [STDERR_REDIRECT] [Fatal Error] :1:1: Premature end of file.
2026-03-29 17:11:26,642 [ERROR] LogOutputStream:75 - [STDERR_REDIRECT] 
2026-03-29 17:11:27,658 [ERROR] LogOutputStream:75 - [STDERR_REDIRECT] [Fatal Error] :1:1: Premature end of file.
2026-03-29 17:11:27,658 [ERROR] LogOutputStream:75 - [STDERR_REDIRECT] 
2026-03-29 17:11:28,628 [ERROR] LogOutputStream:75 - [STDERR_REDIRECT] [Fatal Error] :1:1: Premature end of file.
2026-03-29 17:11:28,629 [ERROR] LogOutputStream:75 - [STDERR_REDIRECT] 
2026-03-29 17:11:29,638 [ERROR] LogOutputStream:75 - [STDERR_REDIRECT] [Fatal Error] :1:1: Premature end of file.
2026-03-29 17:11:29,638 [ERROR] LogOutputStream:75 - [STDERR_REDIRECT] 
2026-03-29 17:11:30,648 [ERROR] LogOutputStream:75 - [STDERR_REDIRECT] [Fatal Error] :1:1: Premature end of file.
2026-03-29 17:11:30,648 [ERROR] LogOutputStream:75 - [STDERR_REDIRECT] 
2026-03-29 17:11:31,640 [ERROR] LogOutputStream:75 - [STDERR_REDIRECT] [Fatal Error] :1:1: Premature end of file.
2026-03-29 17:11:31,640 [ERROR] LogOutputStream:75 - [STDERR_REDIRECT] 
2026-03-29 17:11:32,634 [ERROR] LogOutputStream:75 - [STDERR_REDIRECT] [Fatal Error] :1:1: Premature end of file.
2026-03-29 17:11:32,634 [ERROR] LogOutputStream:75 - [STDERR_REDIRECT] 
2026-03-29 17:11:33,643 [ERROR] LogOutputStream:75 - [STDERR_REDIRECT] [Fatal Error] :1:1: Premature end of file.
2026-03-29 17:11:33,643 [ERROR] LogOutputStream:75 - [STDERR_REDIRECT] 
2026-03-29 17:11:34,640 [ERROR] LogOutputStream:75 - [STDERR_REDIRECT] [Fatal Error] :1:1: Premature end of file.
2026-03-29 17:11:34,640 [ERROR] LogOutputStream:75 - [STDERR_REDIRECT] 
2026-03-29 17:11:35,635 [ERROR] LogOutputStream:75 - [STDERR_REDIRECT] [Fatal Error] :1:1: Premature end of file.
2026-03-29 17:11:35,636 [ERROR] LogOutputStream:75 - [STDERR_REDIRECT] 
2026-03-29 17:11:36,627 [ERROR] LogOutputStream:75 - [STDERR_REDIRECT] [Fatal Error] :1:1: Premature end of file.
2026-03-29 17:11:36,627 [ERROR] LogOutputStream:75 - [STDERR_REDIRECT] 
2026-03-29 17:11:37,648 [ERROR] LogOutputStream:75 - [STDERR_REDIRECT] [Fatal Error] :1:1: Premature end of file.
2026-03-29 17:11:37,648 [ERROR] LogOutputStream:75 - [STDERR_REDIRECT] 
2026-03-29 17:11:38,636 [ERROR] LogOutputStream:75 - [STDERR_REDIRECT] [Fatal Error] :1:1: Premature end of file.
2026-03-29 17:11:38,636 [ERROR] LogOutputStream:75 - [STDERR_REDIRECT] 
2026-03-29 17:11:39,629 [ERROR] LogOutputStream:75 - [STDERR_REDIRECT] [Fatal Error] :1:1: Premature end of file.
2026-03-29 17:11:39,629 [ERROR] LogOutputStream:75 - [STDERR_REDIRECT] 
2026-03-29 17:11:40,628 [ERROR] LogOutputStream:75 - [STDERR_REDIRECT] [Fatal Error] :1:1: Premature end of file.
2026-03-29 17:11:40,628 [ERROR] LogOutputStream:75 - [STDERR_REDIRECT] 
2026-03-29 17:11:41,635 [ERROR] LogOutputStream:75 - [STDERR_REDIRECT] [Fatal Error] :1:1: Premature end of file.
2026-03-29 17:11:41,635 [ERROR] LogOutputStream:75 - [STDERR_REDIRECT] 
2026-03-29 17:11:42,630 [ERROR] LogOutputStream:75 - [STDERR_REDIRECT] [Fatal Error] :1:1: Premature end of file.
2026-03-29 17:11:42,630 [ERROR] LogOutputStream:75 - [STDERR_REDIRECT] 
2026-03-29 17:11:43,628 [ERROR] LogOutputStream:75 - [STDERR_REDIRECT] [Fatal Error] :1:1: Premature end of file.
2026-03-29 17:11:43,629 [ERROR] LogOutputStream:75 - [STDERR_REDIRECT] 
2026-03-29 17:11:44,628 [ERROR] LogOutputStream:75 - [STDERR_REDIRECT] [Fatal Error] :1:1: Premature end of file.
2026-03-29 17:11:44,628 [ERROR] LogOutputStream:75 - [STDERR_REDIRECT] 
2026-03-29 17:11:45,629 [ERROR] LogOutputStream:75 - [STDERR_REDIRECT] [Fatal Error] :1:1: Premature end of file.
2026-03-29 17:11:45,629 [ERROR] LogOutputStream:75 - [STDERR_REDIRECT] 
2026-03-29 17:11:46,628 [ERROR] LogOutputStream:75 - [STDERR_REDIRECT] [Fatal Error] :1:1: Premature end of file.
2026-03-29 17:11:46,628 [ERROR] LogOutputStream:75 - [STDERR_REDIRECT] 
2026-03-29 17:11:47,637 [ERROR] LogOutputStream:75 - [STDERR_REDIRECT] [Fatal Error] :1:1: Premature end of file.
2026-03-29 17:11:47,637 [ERROR] LogOutputStream:75 - [STDERR_REDIRECT] 
2026-03-29 17:11:48,633 [ERROR] LogOutputStream:75 - [STDERR_REDIRECT] [Fatal Error] :1:1: Premature end of file.
2026-03-29 17:11:48,634 [ERROR] LogOutputStream:75 - [STDERR_REDIRECT] 
2026-03-29 17:11:49,630 [ERROR] LogOutputStream:75 - [STDERR_REDIRECT] [Fatal Error] :1:1: Premature end of file.
2026-03-29 17:11:49,630 [ERROR] LogOutputStream:75 - [STDERR_REDIRECT] 
2026-03-29 17:11:50,642 [ERROR] LogOutputStream:75 - [STDERR_REDIRECT] [Fatal Error] :1:1: Premature end of file.
2026-03-29 17:11:50,642 [ERROR] LogOutputStream:75 - [STDERR_REDIRECT] 
2026-03-29 17:11:51,629 [ERROR] LogOutputStream:75 - [STDERR_REDIRECT] [Fatal Error] :1:1: Premature end of file.
2026-03-29 17:11:51,629 [ERROR] LogOutputStream:75 - [STDERR_REDIRECT] 
2026-03-29 17:11:52,629 [ERROR] LogOutputStream:75 - [STDERR_REDIRECT] [Fatal Error] :1:1: Premature end of file.
2026-03-29 17:11:52,630 [ERROR] LogOutputStream:75 - [STDERR_REDIRECT] 
2026-03-29 17:11:53,635 [ERROR] LogOutputStream:75 - [STDERR_REDIRECT] [Fatal Error] :1:1: Premature end of file.
2026-03-29 17:11:53,635 [ERROR] LogOutputStream:75 - [STDERR_REDIRECT] 
2026-03-29 17:11:54,627 [ERROR] LogOutputStream:75 - [STDERR_REDIRECT] [Fatal Error] :1:1: Premature end of file.
2026-03-29 17:11:54,628 [ERROR] LogOutputStream:75 - [STDERR_REDIRECT] 
2026-03-29 17:11:55,656 [ERROR] LogOutputStream:75 - [STDERR_REDIRECT] [Fatal Error] :1:1: Premature end of file.
2026-03-29 17:11:55,656 [ERROR] LogOutputStream:75 - [STDERR_REDIRECT] 
2026-03-29 17:11:56,632 [ERROR] LogOutputStream:75 - [STDERR_REDIRECT] [Fatal Error] :1:1: Premature end of file.
2026-03-29 17:11:56,632 [ERROR] LogOutputStream:75 - [STDERR_REDIRECT] 
2026-03-29 17:11:57,627 [ERROR] LogOutputStream:75 - [STDERR_REDIRECT] [Fatal Error] :1:1: Premature end of file.
2026-03-29 17:11:57,627 [ERROR] LogOutputStream:75 - [STDERR_REDIRECT] 
2026-03-29 17:11:58,635 [ERROR] LogOutputStream:75 - [STDERR_REDIRECT] [Fatal Error] :1:1: Premature end of file.
2026-03-29 17:11:58,635 [ERROR] LogOutputStream:75 - [STDERR_REDIRECT] 
2026-03-29 17:11:59,683 [ERROR] LogOutputStream:75 - [STDERR_REDIRECT] [Fatal Error] :1:1: Premature end of file.
2026-03-29 17:11:59,683 [ERROR] LogOutputStream:75 - [STDERR_REDIRECT] 
2026-03-29 17:12:00,629 [ERROR] LogOutputStream:75 - [STDERR_REDIRECT] [Fatal Error] :1:1: Premature end of file.
2026-03-29 17:12:00,630 [ERROR] LogOutputStream:75 - [STDERR_REDIRECT] 
2026-03-29 17:12:01,633 [ERROR] LogOutputStream:75 - [STDERR_REDIRECT] [Fatal Error] :1:1: Premature end of file.
2026-03-29 17:12:01,633 [ERROR] LogOutputStream:75 - [STDERR_REDIRECT] 
2026-03-29 17:12:02,626 [ERROR] LogOutputStream:75 - [STDERR_REDIRECT] [Fatal Error] :1:1: Premature end of file.
2026-03-29 17:12:02,626 [ERROR] LogOutputStream:75 - [STDERR_REDIRECT] 
2026-03-29 17:12:03,630 [ERROR] LogOutputStream:75 - [STDERR_REDIRECT] [Fatal Error] :1:1: Premature end of file.
2026-03-29 17:12:03,631 [ERROR] LogOutputStream:75 - [STDERR_REDIRECT] 
2026-03-29 17:12:04,629 [ERROR] LogOutputStream:75 - [STDERR_REDIRECT] [Fatal Error] :1:1: Premature end of file.
2026-03-29 17:12:04,629 [ERROR] LogOutputStream:75 - [STDERR_REDIRECT] 
2026-03-29 17:12:05,630 [ERROR] LogOutputStream:75 - [STDERR_REDIRECT] [Fatal Error] :1:1: Premature end of file.
2026-03-29 17:12:05,630 [ERROR] LogOutputStream:75 - [STDERR_REDIRECT] 
2026-03-29 17:12:06,628 [ERROR] LogOutputStream:75 - [STDERR_REDIRECT] [Fatal Error] :1:1: Premature end of file.
2026-03-29 17:12:06,628 [ERROR] LogOutputStream:75 - [STDERR_REDIRECT] 
2026-03-29 17:12:07,629 [ERROR] LogOutputStream:75 - [STDERR_REDIRECT] [Fatal Error] :1:1: Premature end of file.
2026-03-29 17:12:07,631 [ERROR] LogOutputStream:75 - [STDERR_REDIRECT] 
2026-03-29 17:12:08,646 [ERROR] LogOutputStream:75 - [STDERR_REDIRECT] [Fatal Error] :1:1: Premature end of file.
2026-03-29 17:12:08,646 [ERROR] LogOutputStream:75 - [STDERR_REDIRECT] 
2026-03-29 17:12:09,638 [ERROR] LogOutputStream:75 - [STDERR_REDIRECT] [Fatal Error] :1:1: Premature end of file.
2026-03-29 17:12:09,638 [ERROR] LogOutputStream:75 - [STDERR_REDIRECT] 
2026-03-29 17:12:10,639 [ERROR] LogOutputStream:75 - [STDERR_REDIRECT] [Fatal Error] :1:1: Premature end of file.
2026-03-29 17:12:10,640 [ERROR] LogOutputStream:75 - [STDERR_REDIRECT] 
2026-03-29 17:12:11,630 [ERROR] LogOutputStream:75 - [STDERR_REDIRECT] [Fatal Error] :1:1: Premature end of file.
2026-03-29 17:12:11,630 [ERROR] LogOutputStream:75 - [STDERR_REDIRECT] 
2026-03-29 17:12:12,646 [ERROR] LogOutputStream:75 - [STDERR_REDIRECT] [Fatal Error] :1:1: Premature end of file.
2026-03-29 17:12:12,646 [ERROR] LogOutputStream:75 - [STDERR_REDIRECT] 
2026-03-29 17:12:13,645 [ERROR] LogOutputStream:75 - [STDERR_REDIRECT] [Fatal Error] :1:1: Premature end of file.
2026-03-29 17:12:13,646 [ERROR] LogOutputStream:75 - [STDERR_REDIRECT] 
2026-03-29 17:12:14,635 [ERROR] LogOutputStream:75 - [STDERR_REDIRECT] [Fatal Error] :1:1: Premature end of file.
2026-03-29 17:12:14,636 [ERROR] LogOutputStream:75 - [STDERR_REDIRECT] 
2026-03-29 17:12:15,652 [ERROR] LogOutputStream:75 - [STDERR_REDIRECT] [Fatal Error] :1:1: Premature end of file.
2026-03-29 17:12:15,652 [ERROR] LogOutputStream:75 - [STDERR_REDIRECT] 
2026-03-29 17:12:16,629 [ERROR] LogOutputStream:75 - [STDERR_REDIRECT] [Fatal Error] :1:1: Premature end of file.
2026-03-29 17:12:16,629 [ERROR] LogOutputStream:75 - [STDERR_REDIRECT] 
2026-03-29 17:12:17,634 [ERROR] LogOutputStream:75 - [STDERR_REDIRECT] [Fatal Error] :1:1: Premature end of file.
2026-03-29 17:12:17,634 [ERROR] LogOutputStream:75 - [STDERR_REDIRECT] 
2026-03-29 17:12:18,628 [ERROR] LogOutputStream:75 - [STDERR_REDIRECT] [Fatal Error] :1:1: Premature end of file.
2026-03-29 17:12:18,628 [ERROR] LogOutputStream:75 - [STDERR_REDIRECT] 
2026-03-29 17:12:19,639 [ERROR] LogOutputStream:75 - [STDERR_REDIRECT] [Fatal Error] :1:1: Premature end of file.
2026-03-29 17:12:19,639 [ERROR] LogOutputStream:75 - [STDERR_REDIRECT] 
2026-03-29 17:12:20,639 [ERROR] LogOutputStream:75 - [STDERR_REDIRECT] [Fatal Error] :1:1: Premature end of file.
2026-03-29 17:12:20,641 [ERROR] LogOutputStream:75 - [STDERR_REDIRECT] 
2026-03-29 17:12:21,632 [ERROR] LogOutputStream:75 - [STDERR_REDIRECT] [Fatal Error] :1:1: Premature end of file.
2026-03-29 17:12:21,633 [ERROR] LogOutputStream:75 - [STDERR_REDIRECT] 
2026-03-29 17:12:22,633 [ERROR] LogOutputStream:75 - [STDERR_REDIRECT] [Fatal Error] :1:1: Premature end of file.
2026-03-29 17:12:22,633 [ERROR] LogOutputStream:75 - [STDERR_REDIRECT] 
2026-03-29 17:12:23,635 [ERROR] LogOutputStream:75 - [STDERR_REDIRECT] [Fatal Error] :1:1: Premature end of file.
2026-03-29 17:12:23,635 [ERROR] LogOutputStream:75 - [STDERR_REDIRECT] 
2026-03-29 17:12:24,663 [ERROR] LogOutputStream:75 - [STDERR_REDIRECT] [Fatal Error] :1:1: Premature end of file.
2026-03-29 17:12:24,663 [ERROR] LogOutputStream:75 - [STDERR_REDIRECT] 
2026-03-29 17:12:25,648 [ERROR] LogOutputStream:75 - [STDERR_REDIRECT] [Fatal Error] :1:1: Premature end of file.
2026-03-29 17:12:25,649 [ERROR] LogOutputStream:75 - [STDERR_REDIRECT] 
2026-03-29 17:12:26,631 [ERROR] LogOutputStream:75 - [STDERR_REDIRECT] [Fatal Error] :1:1: Premature end of file.
2026-03-29 17:12:26,631 [ERROR] LogOutputStream:75 - [STDERR_REDIRECT] 
2026-03-29 17:12:27,629 [ERROR] LogOutputStream:75 - [STDERR_REDIRECT] [Fatal Error] :1:1: Premature end of file.
2026-03-29 17:12:27,629 [ERROR] LogOutputStream:75 - [STDERR_REDIRECT] 
2026-03-29 17:12:28,626 [ERROR] LogOutputStream:75 - [STDERR_REDIRECT] [Fatal Error] :1:1: Premature end of file.
2026-03-29 17:12:28,626 [ERROR] LogOutputStream:75 - [STDERR_REDIRECT] 
2026-03-29 17:12:29,633 [ERROR] LogOutputStream:75 - [STDERR_REDIRECT] [Fatal Error] :1:1: Premature end of file.
2026-03-29 17:12:29,633 [ERROR] LogOutputStream:75 - [STDERR_REDIRECT] 
2026-03-29 17:12:30,635 [ERROR] LogOutputStream:75 - [STDERR_REDIRECT] [Fatal Error] :1:1: Premature end of file.
2026-03-29 17:12:30,635 [ERROR] LogOutputStream:75 - [STDERR_REDIRECT] 
2026-03-29 17:12:31,630 [ERROR] LogOutputStream:75 - [STDERR_REDIRECT] [Fatal Error] :1:1: Premature end of file.
2026-03-29 17:12:31,630 [ERROR] LogOutputStream:75 - [STDERR_REDIRECT] 
2026-03-29 17:12:32,629 [ERROR] LogOutputStream:75 - [STDERR_REDIRECT] [Fatal Error] :1:1: Premature end of file.
2026-03-29 17:12:32,629 [ERROR] LogOutputStream:75 - [STDERR_REDIRECT] 
2026-03-29 17:12:33,627 [ERROR] LogOutputStream:75 - [STDERR_REDIRECT] [Fatal Error] :1:1: Premature end of file.
2026-03-29 17:12:33,627 [ERROR] LogOutputStream:75 - [STDERR_REDIRECT] 
2026-03-29 17:12:34,638 [ERROR] LogOutputStream:75 - [STDERR_REDIRECT] [Fatal Error] :1:1: Premature end of file.
2026-03-29 17:12:34,638 [ERROR] LogOutputStream:75 - [STDERR_REDIRECT] 
2026-03-29 17:12:35,752 [ERROR] LogOutputStream:75 - [STDERR_REDIRECT] [Fatal Error] :1:1: Premature end of file.
2026-03-29 17:12:35,752 [ERROR] LogOutputStream:75 - [STDERR_REDIRECT] 
2026-03-29 17:12:36,646 [ERROR] LogOutputStream:75 - [STDERR_REDIRECT] [Fatal Error] :1:1: Premature end of file.
2026-03-29 17:12:36,646 [ERROR] LogOutputStream:75 - [STDERR_REDIRECT] 
2026-03-29 17:12:37,633 [ERROR] LogOutputStream:75 - [STDERR_REDIRECT] [Fatal Error] :1:1: Premature end of file.
2026-03-29 17:12:37,633 [ERROR] LogOutputStream:75 - [STDERR_REDIRECT] 
2026-03-29 17:12:38,631 [ERROR] LogOutputStream:75 - [STDERR_REDIRECT] [Fatal Error] :1:1: Premature end of file.
2026-03-29 17:12:38,631 [ERROR] LogOutputStream:75 - [STDERR_REDIRECT] 
2026-03-29 17:12:39,643 [ERROR] LogOutputStream:75 - [STDERR_REDIRECT] [Fatal Error] :1:1: Premature end of file.
2026-03-29 17:12:39,643 [ERROR] LogOutputStream:75 - [STDERR_REDIRECT] 
2026-03-29 17:12:40,634 [ERROR] LogOutputStream:75 - [STDERR_REDIRECT] [Fatal Error] :1:1: Premature end of file.
2026-03-29 17:12:40,634 [ERROR] LogOutputStream:75 - [STDERR_REDIRECT] 
2026-03-29 17:12:41,628 [ERROR] LogOutputStream:75 - [STDERR_REDIRECT] [Fatal Error] :1:1: Premature end of file.
2026-03-29 17:12:41,628 [ERROR] LogOutputStream:75 - [STDERR_REDIRECT] 
2026-03-29 17:12:42,631 [ERROR] LogOutputStream:75 - [STDERR_REDIRECT] [Fatal Error] :1:1: Premature end of file.
2026-03-29 17:12:42,631 [ERROR] LogOutputStream:75 - [STDERR_REDIRECT] 
2026-03-29 17:12:43,728 [ERROR] LogOutputStream:75 - [STDERR_REDIRECT] [Fatal Error] :1:1: Premature end of file.
2026-03-29 17:12:43,729 [ERROR] LogOutputStream:75 - [STDERR_REDIRECT] 
2026-03-29 17:12:44,643 [ERROR] LogOutputStream:75 - [STDERR_REDIRECT] [Fatal Error] :1:1: Premature end of file.
2026-03-29 17:12:44,643 [ERROR] LogOutputStream:75 - [STDERR_REDIRECT] 
2026-03-29 17:12:45,634 [ERROR] LogOutputStream:75 - [STDERR_REDIRECT] [Fatal Error] :1:1: Premature end of file.
2026-03-29 17:12:45,634 [ERROR] LogOutputStream:75 - [STDERR_REDIRECT] 
2026-03-29 17:12:46,633 [ERROR] LogOutputStream:75 - [STDERR_REDIRECT] [Fatal Error] :1:1: Premature end of file.
2026-03-29 17:12:46,634 [ERROR] LogOutputStream:75 - [STDERR_REDIRECT] 
2026-03-29 17:12:47,637 [ERROR] LogOutputStream:75 - [STDERR_REDIRECT] [Fatal Error] :1:1: Premature end of file.
2026-03-29 17:12:47,637 [ERROR] LogOutputStream:75 - [STDERR_REDIRECT] 
2026-03-29 17:12:48,647 [ERROR] LogOutputStream:75 - [STDERR_REDIRECT] [Fatal Error] :1:1: Premature end of file.
2026-03-29 17:12:48,647 [ERROR] LogOutputStream:75 - [STDERR_REDIRECT] 
2026-03-29 17:12:49,639 [ERROR] LogOutputStream:75 - [STDERR_REDIRECT] [Fatal Error] :1:1: Premature end of file.
2026-03-29 17:12:49,639 [ERROR] LogOutputStream:75 - [STDERR_REDIRECT] 
2026-03-29 17:12:50,639 [ERROR] LogOutputStream:75 - [STDERR_REDIRECT] [Fatal Error] :1:1: Premature end of file.
2026-03-29 17:12:50,639 [ERROR] LogOutputStream:75 - [STDERR_REDIRECT] 
2026-03-29 17:12:51,629 [ERROR] LogOutputStream:75 - [STDERR_REDIRECT] [Fatal Error] :1:1: Premature end of file.
2026-03-29 17:12:51,630 [ERROR] LogOutputStream:75 - [STDERR_REDIRECT] 
2026-03-29 17:12:52,642 [ERROR] LogOutputStream:75 - [STDERR_REDIRECT] [Fatal Error] :1:1: Premature end of file.
2026-03-29 17:12:52,642 [ERROR] LogOutputStream:75 - [STDERR_REDIRECT] 
2026-03-29 17:12:53,634 [ERROR] LogOutputStream:75 - [STDERR_REDIRECT] [Fatal Error] :1:1: Premature end of file.
2026-03-29 17:12:53,634 [ERROR] LogOutputStream:75 - [STDERR_REDIRECT] 
2026-03-29 17:12:54,629 [ERROR] LogOutputStream:75 - [STDERR_REDIRECT] [Fatal Error] :1:1: Premature end of file.
2026-03-29 17:12:54,630 [ERROR] LogOutputStream:75 - [STDERR_REDIRECT] 
2026-03-29 17:12:55,645 [ERROR] LogOutputStream:75 - [STDERR_REDIRECT] [Fatal Error] :1:1: Premature end of file.
2026-03-29 17:12:55,645 [ERROR] LogOutputStream:75 - [STDERR_REDIRECT] 
2026-03-29 17:12:56,642 [ERROR] LogOutputStream:75 - [STDERR_REDIRECT] [Fatal Error] :1:1: Premature end of file.
2026-03-29 17:12:56,644 [ERROR] LogOutputStream:75 - [STDERR_REDIRECT] 
2026-03-29 17:12:57,637 [ERROR] LogOutputStream:75 - [STDERR_REDIRECT] [Fatal Error] :1:1: Premature end of file.
2026-03-29 17:12:57,637 [ERROR] LogOutputStream:75 - [STDERR_REDIRECT] 
2026-03-29 17:12:58,645 [ERROR] LogOutputStream:75 - [STDERR_REDIRECT] [Fatal Error] :1:1: Premature end of file.
2026-03-29 17:12:58,645 [ERROR] LogOutputStream:75 - [STDERR_REDIRECT] 
2026-03-29 17:12:59,642 [ERROR] LogOutputStream:75 - [STDERR_REDIRECT] [Fatal Error] :1:1: Premature end of file.
2026-03-29 17:12:59,643 [ERROR] LogOutputStream:75 - [STDERR_REDIRECT] 
2026-03-29 17:13:00,639 [ERROR] LogOutputStream:75 - [STDERR_REDIRECT] [Fatal Error] :1:1: Premature end of file.
2026-03-29 17:13:00,639 [ERROR] LogOutputStream:75 - [STDERR_REDIRECT] 
2026-03-29 17:13:01,639 [ERROR] LogOutputStream:75 - [STDERR_REDIRECT] [Fatal Error] :1:1: Premature end of file.
2026-03-29 17:13:01,639 [ERROR] LogOutputStream:75 - [STDERR_REDIRECT] 
2026-03-29 17:13:02,633 [ERROR] LogOutputStream:75 - [STDERR_REDIRECT] [Fatal Error] :1:1: Premature end of file.
2026-03-29 17:13:02,633 [ERROR] LogOutputStream:75 - [STDERR_REDIRECT] 
2026-03-29 17:13:03,631 [ERROR] LogOutputStream:75 - [STDERR_REDIRECT] [Fatal Error] :1:1: Premature end of file.
2026-03-29 17:13:03,631 [ERROR] LogOutputStream:75 - [STDERR_REDIRECT] 
2026-03-29 17:13:04,629 [ERROR] LogOutputStream:75 - [STDERR_REDIRECT] [Fatal Error] :1:1: Premature end of file.
2026-03-29 17:13:04,630 [ERROR] LogOutputStream:75 - [STDERR_REDIRECT] 
2026-03-29 17:13:05,626 [ERROR] LogOutputStream:75 - [STDERR_REDIRECT] [Fatal Error] :1:1: Premature end of file.
2026-03-29 17:13:05,626 [ERROR] LogOutputStream:75 - [STDERR_REDIRECT] 
2026-03-29 17:13:06,639 [ERROR] LogOutputStream:75 - [STDERR_REDIRECT] [Fatal Error] :1:1: Premature end of file.
2026-03-29 17:13:06,639 [ERROR] LogOutputStream:75 - [STDERR_REDIRECT] 
2026-03-29 17:13:07,635 [ERROR] LogOutputStream:75 - [STDERR_REDIRECT] [Fatal Error] :1:1: Premature end of file.
2026-03-29 17:13:07,636 [ERROR] LogOutputStream:75 - [STDERR_REDIRECT] 
2026-03-29 17:13:08,626 [ERROR] LogOutputStream:75 - [STDERR_REDIRECT] [Fatal Error] :1:1: Premature end of file.
2026-03-29 17:13:08,626 [ERROR] LogOutputStream:75 - [STDERR_REDIRECT] 
2026-03-29 17:13:09,639 [ERROR] LogOutputStream:75 - [STDERR_REDIRECT] [Fatal Error] :1:1: Premature end of file.
2026-03-29 17:13:09,639 [ERROR] LogOutputStream:75 - [STDERR_REDIRECT] 
2026-03-29 17:13:10,634 [ERROR] LogOutputStream:75 - [STDERR_REDIRECT] [Fatal Error] :1:1: Premature end of file.
2026-03-29 17:13:10,634 [ERROR] LogOutputStream:75 - [STDERR_REDIRECT] 
2026-03-29 17:13:11,636 [ERROR] LogOutputStream:75 - [STDERR_REDIRECT] [Fatal Error] :1:1: Premature end of file.
2026-03-29 17:13:11,636 [ERROR] LogOutputStream:75 - [STDERR_REDIRECT] 
2026-03-29 17:13:12,630 [ERROR] LogOutputStream:75 - [STDERR_REDIRECT] [Fatal Error] :1:1: Premature end of file.
2026-03-29 17:13:12,630 [ERROR] LogOutputStream:75 - [STDERR_REDIRECT] 
2026-03-29 17:13:13,637 [ERROR] LogOutputStream:75 - [STDERR_REDIRECT] [Fatal Error] :1:1: Premature end of file.
2026-03-29 17:13:13,637 [ERROR] LogOutputStream:75 - [STDERR_REDIRECT] 
2026-03-29 17:13:14,633 [ERROR] LogOutputStream:75 - [STDERR_REDIRECT] [Fatal Error] :1:1: Premature end of file.
2026-03-29 17:13:14,633 [ERROR] LogOutputStream:75 - [STDERR_REDIRECT] 
2026-03-29 17:13:15,636 [ERROR] LogOutputStream:75 - [STDERR_REDIRECT] [Fatal Error] :1:1: Premature end of file.
2026-03-29 17:13:15,636 [ERROR] LogOutputStream:75 - [STDERR_REDIRECT] 
2026-03-29 17:13:16,633 [ERROR] LogOutputStream:75 - [STDERR_REDIRECT] [Fatal Error] :1:1: Premature end of file.
2026-03-29 17:13:16,633 [ERROR] LogOutputStream:75 - [STDERR_REDIRECT] 
2026-03-29 17:13:17,637 [ERROR] LogOutputStream:75 - [STDERR_REDIRECT] [Fatal Error] :1:1: Premature end of file.
2026-03-29 17:13:17,637 [ERROR] LogOutputStream:75 - [STDERR_REDIRECT] 
2026-03-29 17:13:18,639 [ERROR] LogOutputStream:75 - [STDERR_REDIRECT] [Fatal Error] :1:1: Premature end of file.
2026-03-29 17:13:18,639 [ERROR] LogOutputStream:75 - [STDERR_REDIRECT] 
2026-03-29 17:13:19,640 [ERROR] LogOutputStream:75 - [STDERR_REDIRECT] [Fatal Error] :1:1: Premature end of file.
2026-03-29 17:13:19,640 [ERROR] LogOutputStream:75 - [STDERR_REDIRECT] 
2026-03-29 17:13:20,737 [ERROR] LogOutputStream:75 - [STDERR_REDIRECT] [Fatal Error] :1:1: Premature end of file.
2026-03-29 17:13:20,737 [ERROR] LogOutputStream:75 - [STDERR_REDIRECT] 
2026-03-29 17:13:21,643 [ERROR] LogOutputStream:75 - [STDERR_REDIRECT] [Fatal Error] :1:1: Premature end of file.
2026-03-29 17:13:21,644 [ERROR] LogOutputStream:75 - [STDERR_REDIRECT] 
2026-03-29 17:13:22,640 [ERROR] LogOutputStream:75 - [STDERR_REDIRECT] [Fatal Error] :1:1: Premature end of file.
2026-03-29 17:13:22,640 [ERROR] LogOutputStream:75 - [STDERR_REDIRECT] 
2026-03-29 17:13:23,642 [ERROR] LogOutputStream:75 - [STDERR_REDIRECT] [Fatal Error] :1:1: Premature end of file.
2026-03-29 17:13:23,642 [ERROR] LogOutputStream:75 - [STDERR_REDIRECT] 
2026-03-29 17:13:24,639 [ERROR] LogOutputStream:75 - [STDERR_REDIRECT] [Fatal Error] :1:1: Premature end of file.
2026-03-29 17:13:24,639 [ERROR] LogOutputStream:75 - [STDERR_REDIRECT] 
2026-03-29 17:13:25,636 [ERROR] LogOutputStream:75 - [STDERR_REDIRECT] [Fatal Error] :1:1: Premature end of file.
2026-03-29 17:13:25,637 [ERROR] LogOutputStream:75 - [STDERR_REDIRECT] 
2026-03-29 17:13:26,637 [ERROR] LogOutputStream:75 - [STDERR_REDIRECT] [Fatal Error] :1:1: Premature end of file.
2026-03-29 17:13:26,637 [ERROR] LogOutputStream:75 - [STDERR_REDIRECT] 
2026-03-29 17:13:27,633 [ERROR] LogOutputStream:75 - [STDERR_REDIRECT] [Fatal Error] :1:1: Premature end of file.
2026-03-29 17:13:27,633 [ERROR] LogOutputStream:75 - [STDERR_REDIRECT] 
2026-03-29 17:13:28,628 [ERROR] LogOutputStream:75 - [STDERR_REDIRECT] [Fatal Error] :1:1: Premature end of file.
2026-03-29 17:13:28,628 [ERROR] LogOutputStream:75 - [STDERR_REDIRECT] 
2026-03-29 17:13:29,627 [ERROR] LogOutputStream:75 - [STDERR_REDIRECT] [Fatal Error] :1:1: Premature end of file.
2026-03-29 17:13:29,627 [ERROR] LogOutputStream:75 - [STDERR_REDIRECT] 
2026-03-29 17:13:30,641 [ERROR] LogOutputStream:75 - [STDERR_REDIRECT] [Fatal Error] :1:1: Premature end of file.
2026-03-29 17:13:30,641 [ERROR] LogOutputStream:75 - [STDERR_REDIRECT] 
2026-03-29 17:13:31,634 [ERROR] LogOutputStream:75 - [STDERR_REDIRECT] [Fatal Error] :1:1: Premature end of file.
2026-03-29 17:13:31,634 [ERROR] LogOutputStream:75 - [STDERR_REDIRECT] 
2026-03-29 17:13:32,688 [ERROR] LogOutputStream:75 - [STDERR_REDIRECT] [Fatal Error] :1:1: Premature end of file.
2026-03-29 17:13:32,688 [ERROR] LogOutputStream:75 - [STDERR_REDIRECT] 
2026-03-29 17:13:33,632 [ERROR] LogOutputStream:75 - [STDERR_REDIRECT] [Fatal Error] :1:1: Premature end of file.
2026-03-29 17:13:33,632 [ERROR] LogOutputStream:75 - [STDERR_REDIRECT] 
2026-03-29 17:13:34,631 [ERROR] LogOutputStream:75 - [STDERR_REDIRECT] [Fatal Error] :1:1: Premature end of file.
2026-03-29 17:13:34,631 [ERROR] LogOutputStream:75 - [STDERR_REDIRECT] 
2026-03-29 17:13:35,629 [ERROR] LogOutputStream:75 - [STDERR_REDIRECT] [Fatal Error] :1:1: Premature end of file.
2026-03-29 17:13:35,629 [ERROR] LogOutputStream:75 - [STDERR_REDIRECT] 
2026-03-29 17:13:36,643 [ERROR] LogOutputStream:75 - [STDERR_REDIRECT] [Fatal Error] :1:1: Premature end of file.
2026-03-29 17:13:36,643 [ERROR] LogOutputStream:75 - [STDERR_REDIRECT] 
2026-03-29 17:13:37,634 [ERROR] LogOutputStream:75 - [STDERR_REDIRECT] [Fatal Error] :1:1: Premature end of file.
2026-03-29 17:13:37,634 [ERROR] LogOutputStream:75 - [STDERR_REDIRECT] 
2026-03-29 17:13:38,636 [ERROR] LogOutputStream:75 - [STDERR_REDIRECT] [Fatal Error] :1:1: Premature end of file.
2026-03-29 17:13:38,636 [ERROR] LogOutputStream:75 - [STDERR_REDIRECT] 
2026-03-29 17:13:39,632 [ERROR] LogOutputStream:75 - [STDERR_REDIRECT] [Fatal Error] :1:1: Premature end of file.
2026-03-29 17:13:39,632 [ERROR] LogOutputStream:75 - [STDERR_REDIRECT] 
2026-03-29 17:13:40,633 [ERROR] LogOutputStream:75 - [STDERR_REDIRECT] [Fatal Error] :1:1: Premature end of file.
2026-03-29 17:13:40,633 [ERROR] LogOutputStream:75 - [STDERR_REDIRECT] 
2026-03-29 17:13:41,639 [ERROR] LogOutputStream:75 - [STDERR_REDIRECT] [Fatal Error] :1:1: Premature end of file.
2026-03-29 17:13:41,639 [ERROR] LogOutputStream:75 - [STDERR_REDIRECT] 
2026-03-29 17:13:42,632 [ERROR] LogOutputStream:75 - [STDERR_REDIRECT] [Fatal Error] :1:1: Premature end of file.
2026-03-29 17:13:42,632 [ERROR] LogOutputStream:75 - [STDERR_REDIRECT] 
2026-03-29 17:13:43,640 [ERROR] LogOutputStream:75 - [STDERR_REDIRECT] [Fatal Error] :1:1: Premature end of file.
2026-03-29 17:13:43,640 [ERROR] LogOutputStream:75 - [STDERR_REDIRECT] 
2026-03-29 17:13:44,651 [ERROR] LogOutputStream:75 - [STDERR_REDIRECT] [Fatal Error] :1:1: Premature end of file.
2026-03-29 17:13:44,651 [ERROR] LogOutputStream:75 - [STDERR_REDIRECT] 
2026-03-29 17:13:45,643 [ERROR] LogOutputStream:75 - [STDERR_REDIRECT] [Fatal Error] :1:1: Premature end of file.
2026-03-29 17:13:45,643 [ERROR] LogOutputStream:75 - [STDERR_REDIRECT] 
2026-03-29 17:13:46,631 [ERROR] LogOutputStream:75 - [STDERR_REDIRECT] [Fatal Error] :1:1: Premature end of file.
2026-03-29 17:13:46,631 [ERROR] LogOutputStream:75 - [STDERR_REDIRECT] 
2026-03-29 17:13:47,641 [ERROR] LogOutputStream:75 - [STDERR_REDIRECT] [Fatal Error] :1:1: Premature end of file.
2026-03-29 17:13:47,641 [ERROR] LogOutputStream:75 - [STDERR_REDIRECT] 
2026-03-29 17:13:48,630 [ERROR] LogOutputStream:75 - [STDERR_REDIRECT] [Fatal Error] :1:1: Premature end of file.
2026-03-29 17:13:48,631 [ERROR] LogOutputStream:75 - [STDERR_REDIRECT] 
2026-03-29 17:13:49,645 [ERROR] LogOutputStream:75 - [STDERR_REDIRECT] [Fatal Error] :1:1: Premature end of file.
2026-03-29 17:13:49,645 [ERROR] LogOutputStream:75 - [STDERR_REDIRECT] 
2026-03-29 17:13:50,626 [ERROR] LogOutputStream:75 - [STDERR_REDIRECT] [Fatal Error] :1:1: Premature end of file.
2026-03-29 17:13:50,628 [ERROR] LogOutputStream:75 - [STDERR_REDIRECT] 
2026-03-29 17:13:51,627 [ERROR] LogOutputStream:75 - [STDERR_REDIRECT] [Fatal Error] :1:1: Premature end of file.
2026-03-29 17:13:51,628 [ERROR] LogOutputStream:75 - [STDERR_REDIRECT] 
2026-03-29 17:13:52,629 [ERROR] LogOutputStream:75 - [STDERR_REDIRECT] [Fatal Error] :1:1: Premature end of file.
2026-03-29 17:13:52,630 [ERROR] LogOutputStream:75 - [STDERR_REDIRECT] 
2026-03-29 17:13:53,627 [ERROR] LogOutputStream:75 - [STDERR_REDIRECT] [Fatal Error] :1:1: Premature end of file.
2026-03-29 17:13:53,628 [ERROR] LogOutputStream:75 - [STDERR_REDIRECT] 
2026-03-29 17:13:54,649 [ERROR] LogOutputStream:75 - [STDERR_REDIRECT] [Fatal Error] :1:1: Premature end of file.
2026-03-29 17:13:54,649 [ERROR] LogOutputStream:75 - [STDERR_REDIRECT] 
2026-03-29 17:13:55,646 [ERROR] LogOutputStream:75 - [STDERR_REDIRECT] [Fatal Error] :1:1: Premature end of file.
2026-03-29 17:13:55,646 [ERROR] LogOutputStream:75 - [STDERR_REDIRECT] 
2026-03-29 17:13:56,643 [ERROR] LogOutputStream:75 - [STDERR_REDIRECT] [Fatal Error] :1:1: Premature end of file.
2026-03-29 17:13:56,645 [ERROR] LogOutputStream:75 - [STDERR_REDIRECT] 
2026-03-29 17:13:57,642 [ERROR] LogOutputStream:75 - [STDERR_REDIRECT] [Fatal Error] :1:1: Premature end of file.
2026-03-29 17:13:57,642 [ERROR] LogOutputStream:75 - [STDERR_REDIRECT] 
2026-03-29 17:13:58,783 [ERROR] LogOutputStream:75 - [STDERR_REDIRECT] [Fatal Error] :1:1: Premature end of file.
2026-03-29 17:13:58,783 [ERROR] LogOutputStream:75 - [STDERR_REDIRECT] 
2026-03-29 17:13:59,635 [ERROR] LogOutputStream:75 - [STDERR_REDIRECT] [Fatal Error] :1:1: Premature end of file.
2026-03-29 17:13:59,635 [ERROR] LogOutputStream:75 - [STDERR_REDIRECT] 
2026-03-29 17:14:00,634 [ERROR] LogOutputStream:75 - [STDERR_REDIRECT] [Fatal Error] :1:1: Premature end of file.
2026-03-29 17:14:00,634 [ERROR] LogOutputStream:75 - [STDERR_REDIRECT] 
2026-03-29 17:14:01,638 [ERROR] LogOutputStream:75 - [STDERR_REDIRECT] [Fatal Error] :1:1: Premature end of file.
2026-03-29 17:14:01,638 [ERROR] LogOutputStream:75 - [STDERR_REDIRECT] 
2026-03-29 17:14:02,641 [ERROR] LogOutputStream:75 - [STDERR_REDIRECT] [Fatal Error] :1:1: Premature end of file.
2026-03-29 17:14:02,641 [ERROR] LogOutputStream:75 - [STDERR_REDIRECT] 
2026-03-29 17:14:03,634 [ERROR] LogOutputStream:75 - [STDERR_REDIRECT] [Fatal Error] :1:1: Premature end of file.
2026-03-29 17:14:03,634 [ERROR] LogOutputStream:75 - [STDERR_REDIRECT] 
2026-03-29 17:14:04,639 [ERROR] LogOutputStream:75 - [STDERR_REDIRECT] [Fatal Error] :1:1: Premature end of file.
2026-03-29 17:14:04,639 [ERROR] LogOutputStream:75 - [STDERR_REDIRECT] 
2026-03-29 17:14:05,641 [ERROR] LogOutputStream:75 - [STDERR_REDIRECT] [Fatal Error] :1:1: Premature end of file.
2026-03-29 17:14:05,641 [ERROR] LogOutputStream:75 - [STDERR_REDIRECT] 
2026-03-29 17:14:06,641 [ERROR] LogOutputStream:75 - [STDERR_REDIRECT] [Fatal Error] :1:1: Premature end of file.
2026-03-29 17:14:06,641 [ERROR] LogOutputStream:75 - [STDERR_REDIRECT] 
2026-03-29 17:14:07,630 [ERROR] LogOutputStream:75 - [STDERR_REDIRECT] [Fatal Error] :1:1: Premature end of file.
2026-03-29 17:14:07,630 [ERROR] LogOutputStream:75 - [STDERR_REDIRECT] 
2026-03-29 17:14:08,634 [ERROR] LogOutputStream:75 - [STDERR_REDIRECT] [Fatal Error] :1:1: Premature end of file.
2026-03-29 17:14:08,634 [ERROR] LogOutputStream:75 - [STDERR_REDIRECT] 
2026-03-29 17:14:09,640 [ERROR] LogOutputStream:75 - [STDERR_REDIRECT] [Fatal Error] :1:1: Premature end of file.
2026-03-29 17:14:09,640 [ERROR] LogOutputStream:75 - [STDERR_REDIRECT] 
2026-03-29 17:14:10,637 [ERROR] LogOutputStream:75 - [STDERR_REDIRECT] [Fatal Error] :1:1: Premature end of file.
2026-03-29 17:14:10,637 [ERROR] LogOutputStream:75 - [STDERR_REDIRECT] 
2026-03-29 17:14:11,638 [ERROR] LogOutputStream:75 - [STDERR_REDIRECT] [Fatal Error] :1:1: Premature end of file.
2026-03-29 17:14:11,640 [ERROR] LogOutputStream:75 - [STDERR_REDIRECT] 
2026-03-29 17:14:12,641 [ERROR] LogOutputStream:75 - [STDERR_REDIRECT] [Fatal Error] :1:1: Premature end of file.
2026-03-29 17:14:12,641 [ERROR] LogOutputStream:75 - [STDERR_REDIRECT] 
2026-03-29 17:14:13,642 [ERROR] LogOutputStream:75 - [STDERR_REDIRECT] [Fatal Error] :1:1: Premature end of file.
2026-03-29 17:14:13,642 [ERROR] LogOutputStream:75 - [STDERR_REDIRECT] 
2026-03-29 17:14:14,640 [ERROR] LogOutputStream:75 - [STDERR_REDIRECT] [Fatal Error] :1:1: Premature end of file.
2026-03-29 17:14:14,640 [ERROR] LogOutputStream:75 - [STDERR_REDIRECT] 
2026-03-29 17:14:15,627 [ERROR] LogOutputStream:75 - [STDERR_REDIRECT] [Fatal Error] :1:1: Premature end of file.
2026-03-29 17:14:15,627 [ERROR] LogOutputStream:75 - [STDERR_REDIRECT] 
2026-03-29 17:14:16,639 [ERROR] LogOutputStream:75 - [STDERR_REDIRECT] [Fatal Error] :1:1: Premature end of file.
2026-03-29 17:14:16,639 [ERROR] LogOutputStream:75 - [STDERR_REDIRECT] 
2026-03-29 17:14:17,638 [ERROR] LogOutputStream:75 - [STDERR_REDIRECT] [Fatal Error] :1:1: Premature end of file.
2026-03-29 17:14:17,640 [ERROR] LogOutputStream:75 - [STDERR_REDIRECT] 
2026-03-29 17:14:18,641 [ERROR] LogOutputStream:75 - [STDERR_REDIRECT] [Fatal Error] :1:1: Premature end of file.
2026-03-29 17:14:18,641 [ERROR] LogOutputStream:75 - [STDERR_REDIRECT] 
2026-03-29 17:14:19,650 [ERROR] LogOutputStream:75 - [STDERR_REDIRECT] [Fatal Error] :1:1: Premature end of file.
2026-03-29 17:14:19,655 [ERROR] LogOutputStream:75 - [STDERR_REDIRECT] 
2026-03-29 17:14:20,636 [ERROR] LogOutputStream:75 - [STDERR_REDIRECT] [Fatal Error] :1:1: Premature end of file.
2026-03-29 17:14:20,637 [ERROR] LogOutputStream:75 - [STDERR_REDIRECT] 
2026-03-29 17:14:21,634 [ERROR] LogOutputStream:75 - [STDERR_REDIRECT] [Fatal Error] :1:1: Premature end of file.
2026-03-29 17:14:21,634 [ERROR] LogOutputStream:75 - [STDERR_REDIRECT] 
2026-03-29 17:14:22,635 [ERROR] LogOutputStream:75 - [STDERR_REDIRECT] [Fatal Error] :1:1: Premature end of file.
2026-03-29 17:14:22,635 [ERROR] LogOutputStream:75 - [STDERR_REDIRECT] 
2026-03-29 17:14:23,629 [ERROR] LogOutputStream:75 - [STDERR_REDIRECT] [Fatal Error] :1:1: Premature end of file.
2026-03-29 17:14:23,630 [ERROR] LogOutputStream:75 - [STDERR_REDIRECT] 
2026-03-29 17:14:24,629 [ERROR] LogOutputStream:75 - [STDERR_REDIRECT] [Fatal Error] :1:1: Premature end of file.
2026-03-29 17:14:24,630 [ERROR] LogOutputStream:75 - [STDERR_REDIRECT] 
2026-03-29 17:14:25,632 [ERROR] LogOutputStream:75 - [STDERR_REDIRECT] [Fatal Error] :1:1: Premature end of file.
2026-03-29 17:14:25,632 [ERROR] LogOutputStream:75 - [STDERR_REDIRECT] 
2026-03-29 17:14:26,638 [ERROR] LogOutputStream:75 - [STDERR_REDIRECT] [Fatal Error] :1:1: Premature end of file.
2026-03-29 17:14:26,639 [ERROR] LogOutputStream:75 - [STDERR_REDIRECT] 
2026-03-29 17:14:27,641 [ERROR] LogOutputStream:75 - [STDERR_REDIRECT] [Fatal Error] :1:1: Premature end of file.
2026-03-29 17:14:27,641 [ERROR] LogOutputStream:75 - [STDERR_REDIRECT] 
2026-03-29 17:14:28,646 [ERROR] LogOutputStream:75 - [STDERR_REDIRECT] [Fatal Error] :1:1: Premature end of file.
2026-03-29 17:14:28,647 [ERROR] LogOutputStream:75 - [STDERR_REDIRECT] 
2026-03-29 17:14:29,642 [ERROR] LogOutputStream:75 - [STDERR_REDIRECT] [Fatal Error] :1:1: Premature end of file.
2026-03-29 17:14:29,644 [ERROR] LogOutputStream:75 - [STDERR_REDIRECT] 
2026-03-29 17:14:30,633 [ERROR] LogOutputStream:75 - [STDERR_REDIRECT] [Fatal Error] :1:1: Premature end of file.
2026-03-29 17:14:30,633 [ERROR] LogOutputStream:75 - [STDERR_REDIRECT] 
2026-03-29 17:14:31,634 [ERROR] LogOutputStream:75 - [STDERR_REDIRECT] [Fatal Error] :1:1: Premature end of file.
2026-03-29 17:14:31,634 [ERROR] LogOutputStream:75 - [STDERR_REDIRECT] 
2026-03-29 17:14:32,632 [ERROR] LogOutputStream:75 - [STDERR_REDIRECT] [Fatal Error] :1:1: Premature end of file.
2026-03-29 17:14:32,633 [ERROR] LogOutputStream:75 - [STDERR_REDIRECT] 
2026-03-29 17:14:33,640 [ERROR] LogOutputStream:75 - [STDERR_REDIRECT] [Fatal Error] :1:1: Premature end of file.
2026-03-29 17:14:33,640 [ERROR] LogOutputStream:75 - [STDERR_REDIRECT] 
2026-03-29 17:14:34,641 [ERROR] LogOutputStream:75 - [STDERR_REDIRECT] [Fatal Error] :1:1: Premature end of file.
2026-03-29 17:14:34,641 [ERROR] LogOutputStream:75 - [STDERR_REDIRECT] 
2026-03-29 17:14:35,638 [ERROR] LogOutputStream:75 - [STDERR_REDIRECT] [Fatal Error] :1:1: Premature end of file.
2026-03-29 17:14:35,639 [ERROR] LogOutputStream:75 - [STDERR_REDIRECT] 
2026-03-29 17:14:36,641 [ERROR] LogOutputStream:75 - [STDERR_REDIRECT] [Fatal Error] :1:1: Premature end of file.
2026-03-29 17:14:36,641 [ERROR] LogOutputStream:75 - [STDERR_REDIRECT] 
2026-03-29 17:14:37,640 [ERROR] LogOutputStream:75 - [STDERR_REDIRECT] [Fatal Error] :1:1: Premature end of file.
2026-03-29 17:14:37,640 [ERROR] LogOutputStream:75 - [STDERR_REDIRECT] 
2026-03-29 17:14:38,645 [ERROR] LogOutputStream:75 - [STDERR_REDIRECT] [Fatal Error] :1:1: Premature end of file.
2026-03-29 17:14:38,645 [ERROR] LogOutputStream:75 - [STDERR_REDIRECT] 
2026-03-29 17:14:39,642 [ERROR] LogOutputStream:75 - [STDERR_REDIRECT] [Fatal Error] :1:1: Premature end of file.
2026-03-29 17:14:39,642 [ERROR] LogOutputStream:75 - [STDERR_REDIRECT] 
2026-03-29 17:14:40,638 [ERROR] LogOutputStream:75 - [STDERR_REDIRECT] [Fatal Error] :1:1: Premature end of file.
2026-03-29 17:14:40,638 [ERROR] LogOutputStream:75 - [STDERR_REDIRECT] 
2026-03-29 17:14:41,641 [ERROR] LogOutputStream:75 - [STDERR_REDIRECT] [Fatal Error] :1:1: Premature end of file.
2026-03-29 17:14:41,641 [ERROR] LogOutputStream:75 - [STDERR_REDIRECT] 
2026-03-29 17:14:42,642 [ERROR] LogOutputStream:75 - [STDERR_REDIRECT] [Fatal Error] :1:1: Premature end of file.
2026-03-29 17:14:42,642 [ERROR] LogOutputStream:75 - [STDERR_REDIRECT] 
2026-03-29 17:14:43,637 [ERROR] LogOutputStream:75 - [STDERR_REDIRECT] [Fatal Error] :1:1: Premature end of file.
2026-03-29 17:14:43,637 [ERROR] LogOutputStream:75 - [STDERR_REDIRECT] 
2026-03-29 17:14:44,639 [ERROR] LogOutputStream:75 - [STDERR_REDIRECT] [Fatal Error] :1:1: Premature end of file.
2026-03-29 17:14:44,640 [ERROR] LogOutputStream:75 - [STDERR_REDIRECT] 
2026-03-29 17:14:45,640 [ERROR] LogOutputStream:75 - [STDERR_REDIRECT] [Fatal Error] :1:1: Premature end of file.
2026-03-29 17:14:45,640 [ERROR] LogOutputStream:75 - [STDERR_REDIRECT] 
2026-03-29 17:14:46,639 [ERROR] LogOutputStream:75 - [STDERR_REDIRECT] [Fatal Error] :1:1: Premature end of file.
2026-03-29 17:14:46,639 [ERROR] LogOutputStream:75 - [STDERR_REDIRECT] 
2026-03-29 17:14:47,639 [ERROR] LogOutputStream:75 - [STDERR_REDIRECT] [Fatal Error] :1:1: Premature end of file.
2026-03-29 17:14:47,640 [ERROR] LogOutputStream:75 - [STDERR_REDIRECT] 
2026-03-29 17:14:48,630 [ERROR] LogOutputStream:75 - [STDERR_REDIRECT] [Fatal Error] :1:1: Premature end of file.
2026-03-29 17:14:48,632 [ERROR] LogOutputStream:75 - [STDERR_REDIRECT] 
2026-03-29 17:14:49,640 [ERROR] LogOutputStream:75 - [STDERR_REDIRECT] [Fatal Error] :1:1: Premature end of file.
2026-03-29 17:14:49,640 [ERROR] LogOutputStream:75 - [STDERR_REDIRECT] 
2026-03-29 17:14:50,637 [ERROR] LogOutputStream:75 - [STDERR_REDIRECT] [Fatal Error] :1:1: Premature end of file.
2026-03-29 17:14:50,637 [ERROR] LogOutputStream:75 - [STDERR_REDIRECT] 
2026-03-29 17:14:51,643 [ERROR] LogOutputStream:75 - [STDERR_REDIRECT] [Fatal Error] :1:1: Premature end of file.
2026-03-29 17:14:51,643 [ERROR] LogOutputStream:75 - [STDERR_REDIRECT] 
2026-03-29 17:14:52,635 [ERROR] LogOutputStream:75 - [STDERR_REDIRECT] [Fatal Error] :1:1: Premature end of file.
2026-03-29 17:14:52,635 [ERROR] LogOutputStream:75 - [STDERR_REDIRECT] 
2026-03-29 17:14:53,633 [ERROR] LogOutputStream:75 - [STDERR_REDIRECT] [Fatal Error] :1:1: Premature end of file.
2026-03-29 17:14:53,633 [ERROR] LogOutputStream:75 - [STDERR_REDIRECT] 
2026-03-29 17:14:54,640 [ERROR] LogOutputStream:75 - [STDERR_REDIRECT] [Fatal Error] :1:1: Premature end of file.
2026-03-29 17:14:54,640 [ERROR] LogOutputStream:75 - [STDERR_REDIRECT] 
2026-03-29 17:14:55,684 [ERROR] LogOutputStream:75 - [STDERR_REDIRECT] [Fatal Error] :1:1: Premature end of file.
2026-03-29 17:14:55,685 [ERROR] LogOutputStream:75 - [STDERR_REDIRECT] 
2026-03-29 17:14:56,638 [ERROR] LogOutputStream:75 - [STDERR_REDIRECT] [Fatal Error] :1:1: Premature end of file.
2026-03-29 17:14:56,638 [ERROR] LogOutputStream:75 - [STDERR_REDIRECT] 
2026-03-29 17:14:57,632 [ERROR] LogOutputStream:75 - [STDERR_REDIRECT] [Fatal Error] :1:1: Premature end of file.
2026-03-29 17:14:57,632 [ERROR] LogOutputStream:75 - [STDERR_REDIRECT] 
2026-03-29 17:14:58,644 [ERROR] LogOutputStream:75 - [STDERR_REDIRECT] [Fatal Error] :1:1: Premature end of file.
2026-03-29 17:14:58,645 [ERROR] LogOutputStream:75 - [STDERR_REDIRECT] 
2026-03-29 17:14:59,640 [ERROR] LogOutputStream:75 - [STDERR_REDIRECT] [Fatal Error] :1:1: Premature end of file.
2026-03-29 17:14:59,640 [ERROR] LogOutputStream:75 - [STDERR_REDIRECT] 
2026-03-29 17:15:00,639 [ERROR] LogOutputStream:75 - [STDERR_REDIRECT] [Fatal Error] :1:1: Premature end of file.
2026-03-29 17:15:00,639 [ERROR] LogOutputStream:75 - [STDERR_REDIRECT] 
2026-03-29 17:15:01,638 [ERROR] LogOutputStream:75 - [STDERR_REDIRECT] [Fatal Error] :1:1: Premature end of file.
2026-03-29 17:15:01,639 [ERROR] LogOutputStream:75 - [STDERR_REDIRECT] 
2026-03-29 17:15:02,637 [ERROR] LogOutputStream:75 - [STDERR_REDIRECT] [Fatal Error] :1:1: Premature end of file.
2026-03-29 17:15:02,637 [ERROR] LogOutputStream:75 - [STDERR_REDIRECT] 
2026-03-29 17:15:03,640 [ERROR] LogOutputStream:75 - [STDERR_REDIRECT] [Fatal Error] :1:1: Premature end of file.
2026-03-29 17:15:03,641 [ERROR] LogOutputStream:75 - [STDERR_REDIRECT] 
2026-03-29 17:15:04,630 [ERROR] LogOutputStream:75 - [STDERR_REDIRECT] [Fatal Error] :1:1: Premature end of file.
2026-03-29 17:15:04,630 [ERROR] LogOutputStream:75 - [STDERR_REDIRECT] 
2026-03-29 17:15:05,640 [ERROR] LogOutputStream:75 - [STDERR_REDIRECT] [Fatal Error] :1:1: Premature end of file.
2026-03-29 17:15:05,641 [ERROR] LogOutputStream:75 - [STDERR_REDIRECT] 
2026-03-29 17:15:06,729 [ERROR] LogOutputStream:75 - [STDERR_REDIRECT] [Fatal Error] :1:1: Premature end of file.
2026-03-29 17:15:06,729 [ERROR] LogOutputStream:75 - [STDERR_REDIRECT] 
2026-03-29 17:15:07,644 [ERROR] LogOutputStream:75 - [STDERR_REDIRECT] [Fatal Error] :1:1: Premature end of file.
2026-03-29 17:15:07,644 [ERROR] LogOutputStream:75 - [STDERR_REDIRECT] 
2026-03-29 17:15:08,631 [ERROR] LogOutputStream:75 - [STDERR_REDIRECT] [Fatal Error] :1:1: Premature end of file.
2026-03-29 17:15:08,631 [ERROR] LogOutputStream:75 - [STDERR_REDIRECT] 
2026-03-29 17:15:09,635 [ERROR] LogOutputStream:75 - [STDERR_REDIRECT] [Fatal Error] :1:1: Premature end of file.
2026-03-29 17:15:09,637 [ERROR] LogOutputStream:75 - [STDERR_REDIRECT] 
2026-03-29 17:15:10,637 [ERROR] LogOutputStream:75 - [STDERR_REDIRECT] [Fatal Error] :1:1: Premature end of file.
2026-03-29 17:15:10,637 [ERROR] LogOutputStream:75 - [STDERR_REDIRECT] 
2026-03-29 17:15:11,633 [ERROR] LogOutputStream:75 - [STDERR_REDIRECT] [Fatal Error] :1:1: Premature end of file.
2026-03-29 17:15:11,634 [ERROR] LogOutputStream:75 - [STDERR_REDIRECT] 
2026-03-29 17:15:12,639 [ERROR] LogOutputStream:75 - [STDERR_REDIRECT] [Fatal Error] :1:1: Premature end of file.
2026-03-29 17:15:12,639 [ERROR] LogOutputStream:75 - [STDERR_REDIRECT] 
2026-03-29 17:15:13,641 [ERROR] LogOutputStream:75 - [STDERR_REDIRECT] [Fatal Error] :1:1: Premature end of file.
2026-03-29 17:15:13,641 [ERROR] LogOutputStream:75 - [STDERR_REDIRECT] 
2026-03-29 17:15:14,649 [ERROR] LogOutputStream:75 - [STDERR_REDIRECT] [Fatal Error] :1:1: Premature end of file.
2026-03-29 17:15:14,649 [ERROR] LogOutputStream:75 - [STDERR_REDIRECT] 
2026-03-29 17:15:15,633 [ERROR] LogOutputStream:75 - [STDERR_REDIRECT] [Fatal Error] :1:1: Premature end of file.
2026-03-29 17:15:15,633 [ERROR] LogOutputStream:75 - [STDERR_REDIRECT] 
2026-03-29 17:15:16,630 [ERROR] LogOutputStream:75 - [STDERR_REDIRECT] [Fatal Error] :1:1: Premature end of file.
2026-03-29 17:15:16,631 [ERROR] LogOutputStream:75 - [STDERR_REDIRECT] 
2026-03-29 17:15:17,633 [ERROR] LogOutputStream:75 - [STDERR_REDIRECT] [Fatal Error] :1:1: Premature end of file.
2026-03-29 17:15:17,635 [ERROR] LogOutputStream:75 - [STDERR_REDIRECT] 
2026-03-29 17:15:18,634 [ERROR] LogOutputStream:75 - [STDERR_REDIRECT] [Fatal Error] :1:1: Premature end of file.
2026-03-29 17:15:18,635 [ERROR] LogOutputStream:75 - [STDERR_REDIRECT] 
2026-03-29 17:15:19,631 [ERROR] LogOutputStream:75 - [STDERR_REDIRECT] [Fatal Error] :1:1: Premature end of file.
2026-03-29 17:15:19,631 [ERROR] LogOutputStream:75 - [STDERR_REDIRECT] 
2026-03-29 17:15:20,646 [ERROR] LogOutputStream:75 - [STDERR_REDIRECT] [Fatal Error] :1:1: Premature end of file.
2026-03-29 17:15:20,646 [ERROR] LogOutputStream:75 - [STDERR_REDIRECT] 
2026-03-29 17:15:21,648 [ERROR] LogOutputStream:75 - [STDERR_REDIRECT] [Fatal Error] :1:1: Premature end of file.
2026-03-29 17:15:21,648 [ERROR] LogOutputStream:75 - [STDERR_REDIRECT] 
2026-03-29 17:15:22,637 [ERROR] LogOutputStream:75 - [STDERR_REDIRECT] [Fatal Error] :1:1: Premature end of file.
2026-03-29 17:15:22,637 [ERROR] LogOutputStream:75 - [STDERR_REDIRECT] 
2026-03-29 17:15:23,633 [ERROR] LogOutputStream:75 - [STDERR_REDIRECT] [Fatal Error] :1:1: Premature end of file.
2026-03-29 17:15:23,633 [ERROR] LogOutputStream:75 - [STDERR_REDIRECT] 
2026-03-29 17:15:24,639 [ERROR] LogOutputStream:75 - [STDERR_REDIRECT] [Fatal Error] :1:1: Premature end of file.
2026-03-29 17:15:24,639 [ERROR] LogOutputStream:75 - [STDERR_REDIRECT] 
2026-03-29 17:15:25,633 [ERROR] LogOutputStream:75 - [STDERR_REDIRECT] [Fatal Error] :1:1: Premature end of file.
2026-03-29 17:15:25,633 [ERROR] LogOutputStream:75 - [STDERR_REDIRECT] 
2026-03-29 17:15:26,634 [ERROR] LogOutputStream:75 - [STDERR_REDIRECT] [Fatal Error] :1:1: Premature end of file.
2026-03-29 17:15:26,634 [ERROR] LogOutputStream:75 - [STDERR_REDIRECT] 
2026-03-29 17:15:27,647 [ERROR] LogOutputStream:75 - [STDERR_REDIRECT] [Fatal Error] :1:1: Premature end of file.
2026-03-29 17:15:27,648 [ERROR] LogOutputStream:75 - [STDERR_REDIRECT] 
2026-03-29 17:15:28,635 [ERROR] LogOutputStream:75 - [STDERR_REDIRECT] [Fatal Error] :1:1: Premature end of file.
2026-03-29 17:15:28,637 [ERROR] LogOutputStream:75 - [STDERR_REDIRECT] 
2026-03-29 17:15:29,649 [ERROR] LogOutputStream:75 - [STDERR_REDIRECT] [Fatal Error] :1:1: Premature end of file.
2026-03-29 17:15:29,649 [ERROR] LogOutputStream:75 - [STDERR_REDIRECT] 
2026-03-29 17:15:30,638 [ERROR] LogOutputStream:75 - [STDERR_REDIRECT] [Fatal Error] :1:1: Premature end of file.
2026-03-29 17:15:30,638 [ERROR] LogOutputStream:75 - [STDERR_REDIRECT] 
2026-03-29 17:15:31,634 [ERROR] LogOutputStream:75 - [STDERR_REDIRECT] [Fatal Error] :1:1: Premature end of file.
2026-03-29 17:15:31,634 [ERROR] LogOutputStream:75 - [STDERR_REDIRECT] 
2026-03-29 17:15:32,643 [ERROR] LogOutputStream:75 - [STDERR_REDIRECT] [Fatal Error] :1:1: Premature end of file.
2026-03-29 17:15:32,643 [ERROR] LogOutputStream:75 - [STDERR_REDIRECT] 
2026-03-29 17:15:33,641 [ERROR] LogOutputStream:75 - [STDERR_REDIRECT] [Fatal Error] :1:1: Premature end of file.
2026-03-29 17:15:33,641 [ERROR] LogOutputStream:75 - [STDERR_REDIRECT] 
2026-03-29 17:15:34,634 [ERROR] LogOutputStream:75 - [STDERR_REDIRECT] [Fatal Error] :1:1: Premature end of file.
2026-03-29 17:15:34,634 [ERROR] LogOutputStream:75 - [STDERR_REDIRECT] 
2026-03-29 17:15:35,642 [ERROR] LogOutputStream:75 - [STDERR_REDIRECT] [Fatal Error] :1:1: Premature end of file.
2026-03-29 17:15:35,642 [ERROR] LogOutputStream:75 - [STDERR_REDIRECT] 
2026-03-29 17:15:36,637 [ERROR] LogOutputStream:75 - [STDERR_REDIRECT] [Fatal Error] :1:1: Premature end of file.
2026-03-29 17:15:36,638 [ERROR] LogOutputStream:75 - [STDERR_REDIRECT] 
2026-03-29 17:15:37,647 [ERROR] LogOutputStream:75 - [STDERR_REDIRECT] [Fatal Error] :1:1: Premature end of file.
2026-03-29 17:15:37,647 [ERROR] LogOutputStream:75 - [STDERR_REDIRECT] 
2026-03-29 17:15:38,640 [ERROR] LogOutputStream:75 - [STDERR_REDIRECT] [Fatal Error] :1:1: Premature end of file.
2026-03-29 17:15:38,640 [ERROR] LogOutputStream:75 - [STDERR_REDIRECT] 
2026-03-29 17:15:39,648 [ERROR] LogOutputStream:75 - [STDERR_REDIRECT] [Fatal Error] :1:1: Premature end of file.
2026-03-29 17:15:39,649 [ERROR] LogOutputStream:75 - [STDERR_REDIRECT] 
2026-03-29 17:15:40,642 [ERROR] LogOutputStream:75 - [STDERR_REDIRECT] [Fatal Error] :1:1: Premature end of file.
2026-03-29 17:15:40,642 [ERROR] LogOutputStream:75 - [STDERR_REDIRECT] 
2026-03-29 17:15:41,648 [ERROR] LogOutputStream:75 - [STDERR_REDIRECT] [Fatal Error] :1:1: Premature end of file.
2026-03-29 17:15:41,648 [ERROR] LogOutputStream:75 - [STDERR_REDIRECT] 
2026-03-29 17:15:42,628 [ERROR] LogOutputStream:75 - [STDERR_REDIRECT] [Fatal Error] :1:1: Premature end of file.
2026-03-29 17:15:42,629 [ERROR] LogOutputStream:75 - [STDERR_REDIRECT] 
2026-03-29 17:15:43,632 [ERROR] LogOutputStream:75 - [STDERR_REDIRECT] [Fatal Error] :1:1: Premature end of file.
2026-03-29 17:15:43,632 [ERROR] LogOutputStream:75 - [STDERR_REDIRECT] 
2026-03-29 17:15:44,639 [ERROR] LogOutputStream:75 - [STDERR_REDIRECT] [Fatal Error] :1:1: Premature end of file.
2026-03-29 17:15:44,639 [ERROR] LogOutputStream:75 - [STDERR_REDIRECT] 
2026-03-29 17:15:45,629 [ERROR] LogOutputStream:75 - [STDERR_REDIRECT] [Fatal Error] :1:1: Premature end of file.
2026-03-29 17:15:45,629 [ERROR] LogOutputStream:75 - [STDERR_REDIRECT] 
2026-03-29 17:15:46,635 [ERROR] LogOutputStream:75 - [STDERR_REDIRECT] [Fatal Error] :1:1: Premature end of file.
2026-03-29 17:15:46,636 [ERROR] LogOutputStream:75 - [STDERR_REDIRECT] 
2026-03-29 17:15:47,628 [ERROR] LogOutputStream:75 - [STDERR_REDIRECT] [Fatal Error] :1:1: Premature end of file.
2026-03-29 17:15:47,628 [ERROR] LogOutputStream:75 - [STDERR_REDIRECT] 
2026-03-29 17:15:48,627 [ERROR] LogOutputStream:75 - [STDERR_REDIRECT] [Fatal Error] :1:1: Premature end of file.
2026-03-29 17:15:48,627 [ERROR] LogOutputStream:75 - [STDERR_REDIRECT] 
2026-03-29 17:15:49,629 [ERROR] LogOutputStream:75 - [STDERR_REDIRECT] [Fatal Error] :1:1: Premature end of file.
2026-03-29 17:15:49,630 [ERROR] LogOutputStream:75 - [STDERR_REDIRECT] 
2026-03-29 17:15:50,639 [ERROR] LogOutputStream:75 - [STDERR_REDIRECT] [Fatal Error] :1:1: Premature end of file.
2026-03-29 17:15:50,639 [ERROR] LogOutputStream:75 - [STDERR_REDIRECT] 
2026-03-29 17:15:51,627 [ERROR] LogOutputStream:75 - [STDERR_REDIRECT] [Fatal Error] :1:1: Premature end of file.
2026-03-29 17:15:51,627 [ERROR] LogOutputStream:75 - [STDERR_REDIRECT] 
2026-03-29 17:15:52,641 [ERROR] LogOutputStream:75 - [STDERR_REDIRECT] [Fatal Error] :1:1: Premature end of file.
2026-03-29 17:15:52,641 [ERROR] LogOutputStream:75 - [STDERR_REDIRECT] 
2026-03-29 17:15:53,631 [ERROR] LogOutputStream:75 - [STDERR_REDIRECT] [Fatal Error] :1:1: Premature end of file.
2026-03-29 17:15:53,632 [ERROR] LogOutputStream:75 - [STDERR_REDIRECT] 
2026-03-29 17:15:54,646 [ERROR] LogOutputStream:75 - [STDERR_REDIRECT] [Fatal Error] :1:1: Premature end of file.
2026-03-29 17:15:54,646 [ERROR] LogOutputStream:75 - [STDERR_REDIRECT] 
2026-03-29 17:15:55,641 [ERROR] LogOutputStream:75 - [STDERR_REDIRECT] [Fatal Error] :1:1: Premature end of file.
2026-03-29 17:15:55,642 [ERROR] LogOutputStream:75 - [STDERR_REDIRECT] 
2026-03-29 17:15:56,640 [ERROR] LogOutputStream:75 - [STDERR_REDIRECT] [Fatal Error] :1:1: Premature end of file.
2026-03-29 17:15:56,640 [ERROR] LogOutputStream:75 - [STDERR_REDIRECT] 
2026-03-29 17:15:57,640 [ERROR] LogOutputStream:75 - [STDERR_REDIRECT] [Fatal Error] :1:1: Premature end of file.
2026-03-29 17:15:57,641 [ERROR] LogOutputStream:75 - [STDERR_REDIRECT] 
2026-03-29 17:15:58,634 [ERROR] LogOutputStream:75 - [STDERR_REDIRECT] [Fatal Error] :1:1: Premature end of file.
2026-03-29 17:15:58,634 [ERROR] LogOutputStream:75 - [STDERR_REDIRECT] 
2026-03-29 17:15:59,629 [ERROR] LogOutputStream:75 - [STDERR_REDIRECT] [Fatal Error] :1:1: Premature end of file.
2026-03-29 17:15:59,629 [ERROR] LogOutputStream:75 - [STDERR_REDIRECT] 
2026-03-29 17:16:00,630 [ERROR] LogOutputStream:75 - [STDERR_REDIRECT] [Fatal Error] :1:1: Premature end of file.
2026-03-29 17:16:00,630 [ERROR] LogOutputStream:75 - [STDERR_REDIRECT] 
2026-03-29 17:16:01,641 [ERROR] LogOutputStream:75 - [STDERR_REDIRECT] [Fatal Error] :1:1: Premature end of file.
2026-03-29 17:16:01,641 [ERROR] LogOutputStream:75 - [STDERR_REDIRECT] 
2026-03-29 17:16:02,638 [ERROR] LogOutputStream:75 - [STDERR_REDIRECT] [Fatal Error] :1:1: Premature end of file.
2026-03-29 17:16:02,638 [ERROR] LogOutputStream:75 - [STDERR_REDIRECT] 
2026-03-29 17:16:03,640 [ERROR] LogOutputStream:75 - [STDERR_REDIRECT] [Fatal Error] :1:1: Premature end of file.
2026-03-29 17:16:03,640 [ERROR] LogOutputStream:75 - [STDERR_REDIRECT] 
2026-03-29 17:16:04,638 [ERROR] LogOutputStream:75 - [STDERR_REDIRECT] [Fatal Error] :1:1: Premature end of file.
2026-03-29 17:16:04,638 [ERROR] LogOutputStream:75 - [STDERR_REDIRECT] 
2026-03-29 17:16:05,630 [ERROR] LogOutputStream:75 - [STDERR_REDIRECT] [Fatal Error] :1:1: Premature end of file.
2026-03-29 17:16:05,630 [ERROR] LogOutputStream:75 - [STDERR_REDIRECT] 
2026-03-29 17:16:06,654 [ERROR] LogOutputStream:75 - [STDERR_REDIRECT] [Fatal Error] :1:1: Premature end of file.
2026-03-29 17:16:06,654 [ERROR] LogOutputStream:75 - [STDERR_REDIRECT] 
2026-03-29 17:16:07,626 [ERROR] LogOutputStream:75 - [STDERR_REDIRECT] [Fatal Error] :1:1: Premature end of file.
2026-03-29 17:16:07,626 [ERROR] LogOutputStream:75 - [STDERR_REDIRECT] 
2026-03-29 17:16:08,629 [ERROR] LogOutputStream:75 - [STDERR_REDIRECT] [Fatal Error] :1:1: Premature end of file.
2026-03-29 17:16:08,629 [ERROR] LogOutputStream:75 - [STDERR_REDIRECT] 
2026-03-29 17:16:09,633 [ERROR] LogOutputStream:75 - [STDERR_REDIRECT] [Fatal Error] :1:1: Premature end of file.
2026-03-29 17:16:09,633 [ERROR] LogOutputStream:75 - [STDERR_REDIRECT] 
2026-03-29 17:16:10,639 [ERROR] LogOutputStream:75 - [STDERR_REDIRECT] [Fatal Error] :1:1: Premature end of file.
2026-03-29 17:16:10,639 [ERROR] LogOutputStream:75 - [STDERR_REDIRECT] 
2026-03-29 17:16:11,632 [ERROR] LogOutputStream:75 - [STDERR_REDIRECT] [Fatal Error] :1:1: Premature end of file.
2026-03-29 17:16:11,632 [ERROR] LogOutputStream:75 - [STDERR_REDIRECT] 
2026-03-29 17:16:12,641 [ERROR] LogOutputStream:75 - [STDERR_REDIRECT] [Fatal Error] :1:1: Premature end of file.
2026-03-29 17:16:12,641 [ERROR] LogOutputStream:75 - [STDERR_REDIRECT] 
2026-03-29 17:16:13,638 [ERROR] LogOutputStream:75 - [STDERR_REDIRECT] [Fatal Error] :1:1: Premature end of file.
2026-03-29 17:16:13,638 [ERROR] LogOutputStream:75 - [STDERR_REDIRECT] 
2026-03-29 17:16:14,651 [ERROR] LogOutputStream:75 - [STDERR_REDIRECT] [Fatal Error] :1:1: Premature end of file.
2026-03-29 17:16:14,651 [ERROR] LogOutputStream:75 - [STDERR_REDIRECT] 
2026-03-29 17:16:15,634 [ERROR] LogOutputStream:75 - [STDERR_REDIRECT] [Fatal Error] :1:1: Premature end of file.
2026-03-29 17:16:15,634 [ERROR] LogOutputStream:75 - [STDERR_REDIRECT] 
2026-03-29 17:16:16,625 [ERROR] LogOutputStream:75 - [STDERR_REDIRECT] [Fatal Error] :1:1: Premature end of file.
2026-03-29 17:16:16,625 [ERROR] LogOutputStream:75 - [STDERR_REDIRECT] 
2026-03-29 17:16:17,633 [ERROR] LogOutputStream:75 - [STDERR_REDIRECT] [Fatal Error] :1:1: Premature end of file.
2026-03-29 17:16:17,633 [ERROR] LogOutputStream:75 - [STDERR_REDIRECT] 
2026-03-29 17:16:18,631 [ERROR] LogOutputStream:75 - [STDERR_REDIRECT] [Fatal Error] :1:1: Premature end of file.
2026-03-29 17:16:18,631 [ERROR] LogOutputStream:75 - [STDERR_REDIRECT] 
2026-03-29 17:16:19,626 [ERROR] LogOutputStream:75 - [STDERR_REDIRECT] [Fatal Error] :1:1: Premature end of file.
2026-03-29 17:16:19,627 [ERROR] LogOutputStream:75 - [STDERR_REDIRECT] 
2026-03-29 17:16:20,637 [ERROR] LogOutputStream:75 - [STDERR_REDIRECT] [Fatal Error] :1:1: Premature end of file.
2026-03-29 17:16:20,637 [ERROR] LogOutputStream:75 - [STDERR_REDIRECT] 
2026-03-29 17:16:21,638 [ERROR] LogOutputStream:75 - [STDERR_REDIRECT] [Fatal Error] :1:1: Premature end of file.
2026-03-29 17:16:21,638 [ERROR] LogOutputStream:75 - [STDERR_REDIRECT] 
2026-03-29 17:16:22,641 [ERROR] LogOutputStream:75 - [STDERR_REDIRECT] [Fatal Error] :1:1: Premature end of file.
2026-03-29 17:16:22,641 [ERROR] LogOutputStream:75 - [STDERR_REDIRECT] 
2026-03-29 17:16:23,639 [ERROR] LogOutputStream:75 - [STDERR_REDIRECT] [Fatal Error] :1:1: Premature end of file.
2026-03-29 17:16:23,639 [ERROR] LogOutputStream:75 - [STDERR_REDIRECT] 
2026-03-29 17:16:24,640 [ERROR] LogOutputStream:75 - [STDERR_REDIRECT] [Fatal Error] :1:1: Premature end of file.
2026-03-29 17:16:24,640 [ERROR] LogOutputStream:75 - [STDERR_REDIRECT] 
2026-03-29 17:16:25,639 [ERROR] LogOutputStream:75 - [STDERR_REDIRECT] [Fatal Error] :1:1: Premature end of file.
2026-03-29 17:16:25,639 [ERROR] LogOutputStream:75 - [STDERR_REDIRECT] 
2026-03-29 17:16:26,633 [ERROR] LogOutputStream:75 - [STDERR_REDIRECT] [Fatal Error] :1:1: Premature end of file.
2026-03-29 17:16:26,633 [ERROR] LogOutputStream:75 - [STDERR_REDIRECT] 
2026-03-29 17:16:27,636 [ERROR] LogOutputStream:75 - [STDERR_REDIRECT] [Fatal Error] :1:1: Premature end of file.
2026-03-29 17:16:27,636 [ERROR] LogOutputStream:75 - [STDERR_REDIRECT] 
2026-03-29 17:16:28,628 [ERROR] LogOutputStream:75 - [STDERR_REDIRECT] [Fatal Error] :1:1: Premature end of file.
2026-03-29 17:16:28,628 [ERROR] LogOutputStream:75 - [STDERR_REDIRECT] 
2026-03-29 17:16:29,627 [ERROR] LogOutputStream:75 - [STDERR_REDIRECT] [Fatal Error] :1:1: Premature end of file.
2026-03-29 17:16:29,627 [ERROR] LogOutputStream:75 - [STDERR_REDIRECT] 
2026-03-29 17:16:30,636 [ERROR] LogOutputStream:75 - [STDERR_REDIRECT] [Fatal Error] :1:1: Premature end of file.
2026-03-29 17:16:30,636 [ERROR] LogOutputStream:75 - [STDERR_REDIRECT] 
2026-03-29 17:16:31,635 [ERROR] LogOutputStream:75 - [STDERR_REDIRECT] [Fatal Error] :1:1: Premature end of file.
2026-03-29 17:16:31,635 [ERROR] LogOutputStream:75 - [STDERR_REDIRECT] 
2026-03-29 17:16:32,631 [ERROR] LogOutputStream:75 - [STDERR_REDIRECT] [Fatal Error] :1:1: Premature end of file.
2026-03-29 17:16:32,631 [ERROR] LogOutputStream:75 - [STDERR_REDIRECT] 
2026-03-29 17:16:33,640 [ERROR] LogOutputStream:75 - [STDERR_REDIRECT] [Fatal Error] :1:1: Premature end of file.
2026-03-29 17:16:33,640 [ERROR] LogOutputStream:75 - [STDERR_REDIRECT] 
2026-03-29 17:16:34,628 [ERROR] LogOutputStream:75 - [STDERR_REDIRECT] [Fatal Error] :1:1: Premature end of file.
2026-03-29 17:16:34,628 [ERROR] LogOutputStream:75 - [STDERR_REDIRECT] 
2026-03-29 17:16:35,636 [ERROR] LogOutputStream:75 - [STDERR_REDIRECT] [Fatal Error] :1:1: Premature end of file.
2026-03-29 17:16:35,636 [ERROR] LogOutputStream:75 - [STDERR_REDIRECT] 
2026-03-29 17:16:36,636 [ERROR] LogOutputStream:75 - [STDERR_REDIRECT] [Fatal Error] :1:1: Premature end of file.
2026-03-29 17:16:36,636 [ERROR] LogOutputStream:75 - [STDERR_REDIRECT] 
2026-03-29 17:16:37,640 [ERROR] LogOutputStream:75 - [STDERR_REDIRECT] [Fatal Error] :1:1: Premature end of file.
2026-03-29 17:16:37,640 [ERROR] LogOutputStream:75 - [STDERR_REDIRECT] 
2026-03-29 17:16:38,634 [ERROR] LogOutputStream:75 - [STDERR_REDIRECT] [Fatal Error] :1:1: Premature end of file.
2026-03-29 17:16:38,635 [ERROR] LogOutputStream:75 - [STDERR_REDIRECT] 
2026-03-29 17:16:39,639 [ERROR] LogOutputStream:75 - [STDERR_REDIRECT] [Fatal Error] :1:1: Premature end of file.
2026-03-29 17:16:39,639 [ERROR] LogOutputStream:75 - [STDERR_REDIRECT] 
2026-03-29 17:16:40,625 [ERROR] LogOutputStream:75 - [STDERR_REDIRECT] [Fatal Error] :1:1: Premature end of file.
2026-03-29 17:16:40,625 [ERROR] LogOutputStream:75 - [STDERR_REDIRECT] 
2026-03-29 17:16:41,642 [ERROR] LogOutputStream:75 - [STDERR_REDIRECT] [Fatal Error] :1:1: Premature end of file.
2026-03-29 17:16:41,643 [ERROR] LogOutputStream:75 - [STDERR_REDIRECT] 
2026-03-29 17:16:42,633 [ERROR] LogOutputStream:75 - [STDERR_REDIRECT] [Fatal Error] :1:1: Premature end of file.
2026-03-29 17:16:42,633 [ERROR] LogOutputStream:75 - [STDERR_REDIRECT] 
2026-03-29 17:16:43,644 [ERROR] LogOutputStream:75 - [STDERR_REDIRECT] [Fatal Error] :1:1: Premature end of file.
2026-03-29 17:16:43,646 [ERROR] LogOutputStream:75 - [STDERR_REDIRECT] 
2026-03-29 17:16:44,641 [ERROR] LogOutputStream:75 - [STDERR_REDIRECT] [Fatal Error] :1:1: Premature end of file.
2026-03-29 17:16:44,642 [ERROR] LogOutputStream:75 - [STDERR_REDIRECT] 
2026-03-29 17:16:45,628 [ERROR] LogOutputStream:75 - [STDERR_REDIRECT] [Fatal Error] :1:1: Premature end of file.
2026-03-29 17:16:45,628 [ERROR] LogOutputStream:75 - [STDERR_REDIRECT] 
2026-03-29 17:16:46,633 [ERROR] LogOutputStream:75 - [STDERR_REDIRECT] [Fatal Error] :1:1: Premature end of file.
2026-03-29 17:16:46,633 [ERROR] LogOutputStream:75 - [STDERR_REDIRECT] 
2026-03-29 17:16:47,642 [ERROR] LogOutputStream:75 - [STDERR_REDIRECT] [Fatal Error] :1:1: Premature end of file.
2026-03-29 17:16:47,642 [ERROR] LogOutputStream:75 - [STDERR_REDIRECT] 
2026-03-29 17:16:48,629 [ERROR] LogOutputStream:75 - [STDERR_REDIRECT] [Fatal Error] :1:1: Premature end of file.
2026-03-29 17:16:48,630 [ERROR] LogOutputStream:75 - [STDERR_REDIRECT] 
2026-03-29 17:16:49,637 [ERROR] LogOutputStream:75 - [STDERR_REDIRECT] [Fatal Error] :1:1: Premature end of file.
2026-03-29 17:16:49,637 [ERROR] LogOutputStream:75 - [STDERR_REDIRECT] 
2026-03-29 17:16:50,639 [ERROR] LogOutputStream:75 - [STDERR_REDIRECT] [Fatal Error] :1:1: Premature end of file.
2026-03-29 17:16:50,639 [ERROR] LogOutputStream:75 - [STDERR_REDIRECT] 
2026-03-29 17:16:51,635 [ERROR] LogOutputStream:75 - [STDERR_REDIRECT] [Fatal Error] :1:1: Premature end of file.
2026-03-29 17:16:51,635 [ERROR] LogOutputStream:75 - [STDERR_REDIRECT] 
2026-03-29 17:16:52,645 [ERROR] LogOutputStream:75 - [STDERR_REDIRECT] [Fatal Error] :1:1: Premature end of file.
2026-03-29 17:16:52,645 [ERROR] LogOutputStream:75 - [STDERR_REDIRECT] 
2026-03-29 17:16:53,637 [ERROR] LogOutputStream:75 - [STDERR_REDIRECT] [Fatal Error] :1:1: Premature end of file.
2026-03-29 17:16:53,637 [ERROR] LogOutputStream:75 - [STDERR_REDIRECT] 
2026-03-29 17:16:54,627 [ERROR] LogOutputStream:75 - [STDERR_REDIRECT] [Fatal Error] :1:1: Premature end of file.
2026-03-29 17:16:54,627 [ERROR] LogOutputStream:75 - [STDERR_REDIRECT] 
2026-03-29 17:16:55,654 [ERROR] LogOutputStream:75 - [STDERR_REDIRECT] [Fatal Error] :1:1: Premature end of file.
2026-03-29 17:16:55,654 [ERROR] LogOutputStream:75 - [STDERR_REDIRECT] 
2026-03-29 17:16:56,638 [ERROR] LogOutputStream:75 - [STDERR_REDIRECT] [Fatal Error] :1:1: Premature end of file.
2026-03-29 17:16:56,638 [ERROR] LogOutputStream:75 - [STDERR_REDIRECT] 
2026-03-29 17:16:57,651 [ERROR] LogOutputStream:75 - [STDERR_REDIRECT] [Fatal Error] :1:1: Premature end of file.
2026-03-29 17:16:57,652 [ERROR] LogOutputStream:75 - [STDERR_REDIRECT] 
2026-03-29 17:16:58,665 [ERROR] LogOutputStream:75 - [STDERR_REDIRECT] [Fatal Error] :1:1: Premature end of file.
2026-03-29 17:16:58,665 [ERROR] LogOutputStream:75 - [STDERR_REDIRECT] 
2026-03-29 17:16:59,640 [ERROR] LogOutputStream:75 - [STDERR_REDIRECT] [Fatal Error] :1:1: Premature end of file.
2026-03-29 17:16:59,640 [ERROR] LogOutputStream:75 - [STDERR_REDIRECT] 
2026-03-29 17:17:00,648 [ERROR] LogOutputStream:75 - [STDERR_REDIRECT] [Fatal Error] :1:1: Premature end of file.
2026-03-29 17:17:00,648 [ERROR] LogOutputStream:75 - [STDERR_REDIRECT] 
2026-03-29 17:17:01,650 [ERROR] LogOutputStream:75 - [STDERR_REDIRECT] [Fatal Error] :1:1: Premature end of file.
2026-03-29 17:17:01,650 [ERROR] LogOutputStream:75 - [STDERR_REDIRECT] 
2026-03-29 17:17:02,641 [ERROR] LogOutputStream:75 - [STDERR_REDIRECT] [Fatal Error] :1:1: Premature end of file.
2026-03-29 17:17:02,641 [ERROR] LogOutputStream:75 - [STDERR_REDIRECT] 
2026-03-29 17:17:03,781 [ERROR] LogOutputStream:75 - [STDERR_REDIRECT] [Fatal Error] :1:1: Premature end of file.
2026-03-29 17:17:03,781 [ERROR] LogOutputStream:75 - [STDERR_REDIRECT] 
2026-03-29 17:17:04,652 [ERROR] LogOutputStream:75 - [STDERR_REDIRECT] [Fatal Error] :1:1: Premature end of file.
2026-03-29 17:17:04,652 [ERROR] LogOutputStream:75 - [STDERR_REDIRECT] 
2026-03-29 17:17:05,638 [ERROR] LogOutputStream:75 - [STDERR_REDIRECT] [Fatal Error] :1:1: Premature end of file.
2026-03-29 17:17:05,638 [ERROR] LogOutputStream:75 - [STDERR_REDIRECT] 
2026-03-29 17:17:06,640 [ERROR] LogOutputStream:75 - [STDERR_REDIRECT] [Fatal Error] :1:1: Premature end of file.
2026-03-29 17:17:06,640 [ERROR] LogOutputStream:75 - [STDERR_REDIRECT] 
2026-03-29 17:17:07,638 [ERROR] LogOutputStream:75 - [STDERR_REDIRECT] [Fatal Error] :1:1: Premature end of file.
2026-03-29 17:17:07,638 [ERROR] LogOutputStream:75 - [STDERR_REDIRECT] 
2026-03-29 17:17:08,640 [ERROR] LogOutputStream:75 - [STDERR_REDIRECT] [Fatal Error] :1:1: Premature end of file.
2026-03-29 17:17:08,640 [ERROR] LogOutputStream:75 - [STDERR_REDIRECT] 
2026-03-29 17:17:09,626 [ERROR] LogOutputStream:75 - [STDERR_REDIRECT] [Fatal Error] :1:1: Premature end of file.
2026-03-29 17:17:09,626 [ERROR] LogOutputStream:75 - [STDERR_REDIRECT] 
2026-03-29 17:17:10,632 [ERROR] LogOutputStream:75 - [STDERR_REDIRECT] [Fatal Error] :1:1: Premature end of file.
2026-03-29 17:17:10,632 [ERROR] LogOutputStream:75 - [STDERR_REDIRECT] 
2026-03-29 17:17:11,628 [ERROR] LogOutputStream:75 - [STDERR_REDIRECT] [Fatal Error] :1:1: Premature end of file.
2026-03-29 17:17:11,629 [ERROR] LogOutputStream:75 - [STDERR_REDIRECT] 
2026-03-29 17:17:12,626 [ERROR] LogOutputStream:75 - [STDERR_REDIRECT] [Fatal Error] :1:1: Premature end of file.
2026-03-29 17:17:12,626 [ERROR] LogOutputStream:75 - [STDERR_REDIRECT] 
2026-03-29 17:17:13,628 [ERROR] LogOutputStream:75 - [STDERR_REDIRECT] [Fatal Error] :1:1: Premature end of file.
2026-03-29 17:17:13,628 [ERROR] LogOutputStream:75 - [STDERR_REDIRECT] 
2026-03-29 17:17:14,627 [ERROR] LogOutputStream:75 - [STDERR_REDIRECT] [Fatal Error] :1:1: Premature end of file.
2026-03-29 17:17:14,627 [ERROR] LogOutputStream:75 - [STDERR_REDIRECT] 
2026-03-29 17:17:15,630 [ERROR] LogOutputStream:75 - [STDERR_REDIRECT] [Fatal Error] :1:1: Premature end of file.
2026-03-29 17:17:15,630 [ERROR] LogOutputStream:75 - [STDERR_REDIRECT] 
2026-03-29 17:17:16,642 [ERROR] LogOutputStream:75 - [STDERR_REDIRECT] [Fatal Error] :1:1: Premature end of file.
2026-03-29 17:17:16,643 [ERROR] LogOutputStream:75 - [STDERR_REDIRECT] 
2026-03-29 17:17:17,639 [ERROR] LogOutputStream:75 - [STDERR_REDIRECT] [Fatal Error] :1:1: Premature end of file.
2026-03-29 17:17:17,639 [ERROR] LogOutputStream:75 - [STDERR_REDIRECT] 
2026-03-29 17:17:18,627 [ERROR] LogOutputStream:75 - [STDERR_REDIRECT] [Fatal Error] :1:1: Premature end of file.
2026-03-29 17:17:18,627 [ERROR] LogOutputStream:75 - [STDERR_REDIRECT] 
2026-03-29 17:17:19,633 [ERROR] LogOutputStream:75 - [STDERR_REDIRECT] [Fatal Error] :1:1: Premature end of file.
2026-03-29 17:17:19,633 [ERROR] LogOutputStream:75 - [STDERR_REDIRECT] 
2026-03-29 17:17:20,656 [ERROR] LogOutputStream:75 - [STDERR_REDIRECT] [Fatal Error] :1:1: Premature end of file.
2026-03-29 17:17:20,656 [ERROR] LogOutputStream:75 - [STDERR_REDIRECT] 
2026-03-29 17:17:21,627 [ERROR] LogOutputStream:75 - [STDERR_REDIRECT] [Fatal Error] :1:1: Premature end of file.
2026-03-29 17:17:21,629 [ERROR] LogOutputStream:75 - [STDERR_REDIRECT] 
2026-03-29 17:17:22,629 [ERROR] LogOutputStream:75 - [STDERR_REDIRECT] [Fatal Error] :1:1: Premature end of file.
2026-03-29 17:17:22,630 [ERROR] LogOutputStream:75 - [STDERR_REDIRECT] 
2026-03-29 17:17:23,631 [ERROR] LogOutputStream:75 - [STDERR_REDIRECT] [Fatal Error] :1:1: Premature end of file.
2026-03-29 17:17:23,632 [ERROR] LogOutputStream:75 - [STDERR_REDIRECT] 
2026-03-29 17:17:24,632 [ERROR] LogOutputStream:75 - [STDERR_REDIRECT] [Fatal Error] :1:1: Premature end of file.
2026-03-29 17:17:24,632 [ERROR] LogOutputStream:75 - [STDERR_REDIRECT] 
2026-03-29 17:17:25,632 [ERROR] LogOutputStream:75 - [STDERR_REDIRECT] [Fatal Error] :1:1: Premature end of file.
2026-03-29 17:17:25,636 [ERROR] LogOutputStream:75 - [STDERR_REDIRECT] 
2026-03-29 17:17:26,642 [ERROR] LogOutputStream:75 - [STDERR_REDIRECT] [Fatal Error] :1:1: Premature end of file.
2026-03-29 17:17:26,644 [ERROR] LogOutputStream:75 - [STDERR_REDIRECT] 
2026-03-29 17:17:27,641 [ERROR] LogOutputStream:75 - [STDERR_REDIRECT] [Fatal Error] :1:1: Premature end of file.
2026-03-29 17:17:27,641 [ERROR] LogOutputStream:75 - [STDERR_REDIRECT] 
2026-03-29 17:17:28,632 [ERROR] LogOutputStream:75 - [STDERR_REDIRECT] [Fatal Error] :1:1: Premature end of file.
2026-03-29 17:17:28,632 [ERROR] LogOutputStream:75 - [STDERR_REDIRECT] 
2026-03-29 17:17:29,626 [ERROR] LogOutputStream:75 - [STDERR_REDIRECT] [Fatal Error] :1:1: Premature end of file.
2026-03-29 17:17:29,626 [ERROR] LogOutputStream:75 - [STDERR_REDIRECT] 
2026-03-29 17:17:30,633 [ERROR] LogOutputStream:75 - [STDERR_REDIRECT] [Fatal Error] :1:1: Premature end of file.
2026-03-29 17:17:30,633 [ERROR] LogOutputStream:75 - [STDERR_REDIRECT] 
2026-03-29 17:17:31,626 [ERROR] LogOutputStream:75 - [STDERR_REDIRECT] [Fatal Error] :1:1: Premature end of file.
2026-03-29 17:17:31,627 [ERROR] LogOutputStream:75 - [STDERR_REDIRECT] 
2026-03-29 17:17:32,630 [ERROR] LogOutputStream:75 - [STDERR_REDIRECT] [Fatal Error] :1:1: Premature end of file.
2026-03-29 17:17:32,630 [ERROR] LogOutputStream:75 - [STDERR_REDIRECT] 
2026-03-29 17:17:33,630 [ERROR] LogOutputStream:75 - [STDERR_REDIRECT] [Fatal Error] :1:1: Premature end of file.
2026-03-29 17:17:33,630 [ERROR] LogOutputStream:75 - [STDERR_REDIRECT] 
2026-03-29 17:17:34,675 [ERROR] LogOutputStream:75 - [STDERR_REDIRECT] [Fatal Error] :1:1: Premature end of file.
2026-03-29 17:17:34,675 [ERROR] LogOutputStream:75 - [STDERR_REDIRECT] 
2026-03-29 17:17:35,649 [ERROR] LogOutputStream:75 - [STDERR_REDIRECT] [Fatal Error] :1:1: Premature end of file.
2026-03-29 17:17:35,649 [ERROR] LogOutputStream:75 - [STDERR_REDIRECT] 
2026-03-29 17:17:36,628 [ERROR] LogOutputStream:75 - [STDERR_REDIRECT] [Fatal Error] :1:1: Premature end of file.
2026-03-29 17:17:36,628 [ERROR] LogOutputStream:75 - [STDERR_REDIRECT] 
2026-03-29 17:17:37,633 [ERROR] LogOutputStream:75 - [STDERR_REDIRECT] [Fatal Error] :1:1: Premature end of file.
2026-03-29 17:17:37,633 [ERROR] LogOutputStream:75 - [STDERR_REDIRECT] 
2026-03-29 17:17:38,630 [ERROR] LogOutputStream:75 - [STDERR_REDIRECT] [Fatal Error] :1:1: Premature end of file.
2026-03-29 17:17:38,632 [ERROR] LogOutputStream:75 - [STDERR_REDIRECT] 
2026-03-29 17:17:39,632 [ERROR] LogOutputStream:75 - [STDERR_REDIRECT] [Fatal Error] :1:1: Premature end of file.
2026-03-29 17:17:39,632 [ERROR] LogOutputStream:75 - [STDERR_REDIRECT] 
2026-03-29 17:17:40,632 [ERROR] LogOutputStream:75 - [STDERR_REDIRECT] [Fatal Error] :1:1: Premature end of file.
2026-03-29 17:17:40,632 [ERROR] LogOutputStream:75 - [STDERR_REDIRECT] 
2026-03-29 17:17:41,631 [ERROR] LogOutputStream:75 - [STDERR_REDIRECT] [Fatal Error] :1:1: Premature end of file.
2026-03-29 17:17:41,631 [ERROR] LogOutputStream:75 - [STDERR_REDIRECT] 
2026-03-29 17:17:42,638 [ERROR] LogOutputStream:75 - [STDERR_REDIRECT] [Fatal Error] :1:1: Premature end of file.
2026-03-29 17:17:42,638 [ERROR] LogOutputStream:75 - [STDERR_REDIRECT] 
2026-03-29 17:17:43,631 [ERROR] LogOutputStream:75 - [STDERR_REDIRECT] [Fatal Error] :1:1: Premature end of file.
2026-03-29 17:17:43,632 [ERROR] LogOutputStream:75 - [STDERR_REDIRECT] 
2026-03-29 17:17:44,635 [ERROR] LogOutputStream:75 - [STDERR_REDIRECT] [Fatal Error] :1:1: Premature end of file.
2026-03-29 17:17:44,635 [ERROR] LogOutputStream:75 - [STDERR_REDIRECT] 
2026-03-29 17:17:45,641 [ERROR] LogOutputStream:75 - [STDERR_REDIRECT] [Fatal Error] :1:1: Premature end of file.
2026-03-29 17:17:45,641 [ERROR] LogOutputStream:75 - [STDERR_REDIRECT] 
2026-03-29 17:17:46,626 [ERROR] LogOutputStream:75 - [STDERR_REDIRECT] [Fatal Error] :1:1: Premature end of file.
2026-03-29 17:17:46,627 [ERROR] LogOutputStream:75 - [STDERR_REDIRECT] 
2026-03-29 17:17:47,627 [ERROR] LogOutputStream:75 - [STDERR_REDIRECT] [Fatal Error] :1:1: Premature end of file.
2026-03-29 17:17:47,627 [ERROR] LogOutputStream:75 - [STDERR_REDIRECT] 
2026-03-29 17:17:48,627 [ERROR] LogOutputStream:75 - [STDERR_REDIRECT] [Fatal Error] :1:1: Premature end of file.
2026-03-29 17:17:48,627 [ERROR] LogOutputStream:75 - [STDERR_REDIRECT] 
2026-03-29 17:17:49,625 [ERROR] LogOutputStream:75 - [STDERR_REDIRECT] [Fatal Error] :1:1: Premature end of file.
2026-03-29 17:17:49,625 [ERROR] LogOutputStream:75 - [STDERR_REDIRECT] 
2026-03-29 17:17:50,626 [ERROR] LogOutputStream:75 - [STDERR_REDIRECT] [Fatal Error] :1:1: Premature end of file.
2026-03-29 17:17:50,626 [ERROR] LogOutputStream:75 - [STDERR_REDIRECT] 
2026-03-29 17:17:51,633 [ERROR] LogOutputStream:75 - [STDERR_REDIRECT] [Fatal Error] :1:1: Premature end of file.
2026-03-29 17:17:51,633 [ERROR] LogOutputStream:75 - [STDERR_REDIRECT] 
2026-03-29 17:17:52,627 [ERROR] LogOutputStream:75 - [STDERR_REDIRECT] [Fatal Error] :1:1: Premature end of file.
2026-03-29 17:17:52,627 [ERROR] LogOutputStream:75 - [STDERR_REDIRECT] 
2026-03-29 17:17:53,626 [ERROR] LogOutputStream:75 - [STDERR_REDIRECT] [Fatal Error] :1:1: Premature end of file.
2026-03-29 17:17:53,626 [ERROR] LogOutputStream:75 - [STDERR_REDIRECT] 
2026-03-29 17:17:54,632 [ERROR] LogOutputStream:75 - [STDERR_REDIRECT] [Fatal Error] :1:1: Premature end of file.
2026-03-29 17:17:54,632 [ERROR] LogOutputStream:75 - [STDERR_REDIRECT] 
2026-03-29 17:17:55,632 [ERROR] LogOutputStream:75 - [STDERR_REDIRECT] [Fatal Error] :1:1: Premature end of file.
2026-03-29 17:17:55,632 [ERROR] LogOutputStream:75 - [STDERR_REDIRECT] 
2026-03-29 17:17:56,636 [ERROR] LogOutputStream:75 - [STDERR_REDIRECT] [Fatal Error] :1:1: Premature end of file.
2026-03-29 17:17:56,636 [ERROR] LogOutputStream:75 - [STDERR_REDIRECT] 
2026-03-29 17:17:57,643 [ERROR] LogOutputStream:75 - [STDERR_REDIRECT] [Fatal Error] :1:1: Premature end of file.
2026-03-29 17:17:57,643 [ERROR] LogOutputStream:75 - [STDERR_REDIRECT] 
2026-03-29 17:17:58,633 [ERROR] LogOutputStream:75 - [STDERR_REDIRECT] [Fatal Error] :1:1: Premature end of file.
2026-03-29 17:17:58,633 [ERROR] LogOutputStream:75 - [STDERR_REDIRECT] 
2026-03-29 17:17:59,626 [ERROR] LogOutputStream:75 - [STDERR_REDIRECT] [Fatal Error] :1:1: Premature end of file.
2026-03-29 17:17:59,626 [ERROR] LogOutputStream:75 - [STDERR_REDIRECT] 
2026-03-29 17:18:00,627 [ERROR] LogOutputStream:75 - [STDERR_REDIRECT] [Fatal Error] :1:1: Premature end of file.
2026-03-29 17:18:00,627 [ERROR] LogOutputStream:75 - [STDERR_REDIRECT] 
2026-03-29 17:18:01,639 [ERROR] LogOutputStream:75 - [STDERR_REDIRECT] [Fatal Error] :1:1: Premature end of file.
2026-03-29 17:18:01,639 [ERROR] LogOutputStream:75 - [STDERR_REDIRECT] 
2026-03-29 17:18:02,643 [ERROR] LogOutputStream:75 - [STDERR_REDIRECT] [Fatal Error] :1:1: Premature end of file.
2026-03-29 17:18:02,643 [ERROR] LogOutputStream:75 - [STDERR_REDIRECT] 
2026-03-29 17:18:03,633 [ERROR] LogOutputStream:75 - [STDERR_REDIRECT] [Fatal Error] :1:1: Premature end of file.
2026-03-29 17:18:03,633 [ERROR] LogOutputStream:75 - [STDERR_REDIRECT] 
2026-03-29 17:18:04,646 [ERROR] LogOutputStream:75 - [STDERR_REDIRECT] [Fatal Error] :1:1: Premature end of file.
2026-03-29 17:18:04,646 [ERROR] LogOutputStream:75 - [STDERR_REDIRECT] 
2026-03-29 17:18:05,633 [ERROR] LogOutputStream:75 - [STDERR_REDIRECT] [Fatal Error] :1:1: Premature end of file.
2026-03-29 17:18:05,633 [ERROR] LogOutputStream:75 - [STDERR_REDIRECT] 
2026-03-29 17:18:06,629 [ERROR] LogOutputStream:75 - [STDERR_REDIRECT] [Fatal Error] :1:1: Premature end of file.
2026-03-29 17:18:06,629 [ERROR] LogOutputStream:75 - [STDERR_REDIRECT] 
2026-03-29 17:18:07,626 [ERROR] LogOutputStream:75 - [STDERR_REDIRECT] [Fatal Error] :1:1: Premature end of file.
2026-03-29 17:18:07,627 [ERROR] LogOutputStream:75 - [STDERR_REDIRECT] 
2026-03-29 17:18:08,631 [ERROR] LogOutputStream:75 - [STDERR_REDIRECT] [Fatal Error] :1:1: Premature end of file.
2026-03-29 17:18:08,632 [ERROR] LogOutputStream:75 - [STDERR_REDIRECT] 
2026-03-29 17:18:09,631 [ERROR] LogOutputStream:75 - [STDERR_REDIRECT] [Fatal Error] :1:1: Premature end of file.
2026-03-29 17:18:09,631 [ERROR] LogOutputStream:75 - [STDERR_REDIRECT] 
2026-03-29 17:18:10,628 [ERROR] LogOutputStream:75 - [STDERR_REDIRECT] [Fatal Error] :1:1: Premature end of file.
2026-03-29 17:18:10,628 [ERROR] LogOutputStream:75 - [STDERR_REDIRECT] 
2026-03-29 17:18:11,655 [ERROR] LogOutputStream:75 - [STDERR_REDIRECT] [Fatal Error] :1:1: Premature end of file.
2026-03-29 17:18:11,655 [ERROR] LogOutputStream:75 - [STDERR_REDIRECT] 
2026-03-29 17:18:12,628 [ERROR] LogOutputStream:75 - [STDERR_REDIRECT] [Fatal Error] :1:1: Premature end of file.
2026-03-29 17:18:12,628 [ERROR] LogOutputStream:75 - [STDERR_REDIRECT] 
2026-03-29 17:18:13,629 [ERROR] LogOutputStream:75 - [STDERR_REDIRECT] [Fatal Error] :1:1: Premature end of file.
2026-03-29 17:18:13,629 [ERROR] LogOutputStream:75 - [STDERR_REDIRECT] 
2026-03-29 17:18:14,630 [ERROR] LogOutputStream:75 - [STDERR_REDIRECT] [Fatal Error] :1:1: Premature end of file.
2026-03-29 17:18:14,630 [ERROR] LogOutputStream:75 - [STDERR_REDIRECT] 
2026-03-29 17:18:15,628 [ERROR] LogOutputStream:75 - [STDERR_REDIRECT] [Fatal Error] :1:1: Premature end of file.
2026-03-29 17:18:15,628 [ERROR] LogOutputStream:75 - [STDERR_REDIRECT] 
2026-03-29 17:18:16,630 [ERROR] LogOutputStream:75 - [STDERR_REDIRECT] [Fatal Error] :1:1: Premature end of file.
2026-03-29 17:18:16,630 [ERROR] LogOutputStream:75 - [STDERR_REDIRECT] 
2026-03-29 17:18:17,634 [ERROR] LogOutputStream:75 - [STDERR_REDIRECT] [Fatal Error] :1:1: Premature end of file.
2026-03-29 17:18:17,634 [ERROR] LogOutputStream:75 - [STDERR_REDIRECT] 
2026-03-29 17:18:18,631 [ERROR] LogOutputStream:75 - [STDERR_REDIRECT] [Fatal Error] :1:1: Premature end of file.
2026-03-29 17:18:18,632 [ERROR] LogOutputStream:75 - [STDERR_REDIRECT] 
2026-03-29 17:18:19,633 [ERROR] LogOutputStream:75 - [STDERR_REDIRECT] [Fatal Error] :1:1: Premature end of file.
2026-03-29 17:18:19,633 [ERROR] LogOutputStream:75 - [STDERR_REDIRECT] 
2026-03-29 17:18:20,631 [ERROR] LogOutputStream:75 - [STDERR_REDIRECT] [Fatal Error] :1:1: Premature end of file.
2026-03-29 17:18:20,633 [ERROR] LogOutputStream:75 - [STDERR_REDIRECT] 
2026-03-29 17:18:21,629 [ERROR] LogOutputStream:75 - [STDERR_REDIRECT] [Fatal Error] :1:1: Premature end of file.
2026-03-29 17:18:21,630 [ERROR] LogOutputStream:75 - [STDERR_REDIRECT] 
2026-03-29 17:18:22,627 [ERROR] LogOutputStream:75 - [STDERR_REDIRECT] [Fatal Error] :1:1: Premature end of file.
2026-03-29 17:18:22,627 [ERROR] LogOutputStream:75 - [STDERR_REDIRECT] 
2026-03-29 17:18:23,632 [ERROR] LogOutputStream:75 - [STDERR_REDIRECT] [Fatal Error] :1:1: Premature end of file.
2026-03-29 17:18:23,632 [ERROR] LogOutputStream:75 - [STDERR_REDIRECT] 
2026-03-29 17:18:24,634 [ERROR] LogOutputStream:75 - [STDERR_REDIRECT] [Fatal Error] :1:1: Premature end of file.
2026-03-29 17:18:24,634 [ERROR] LogOutputStream:75 - [STDERR_REDIRECT] 
2026-03-29 17:18:25,628 [ERROR] LogOutputStream:75 - [STDERR_REDIRECT] [Fatal Error] :1:1: Premature end of file.
2026-03-29 17:18:25,628 [ERROR] LogOutputStream:75 - [STDERR_REDIRECT] 
2026-03-29 17:18:26,632 [ERROR] LogOutputStream:75 - [STDERR_REDIRECT] [Fatal Error] :1:1: Premature end of file.
2026-03-29 17:18:26,632 [ERROR] LogOutputStream:75 - [STDERR_REDIRECT] 
2026-03-29 17:18:27,687 [ERROR] LogOutputStream:75 - [STDERR_REDIRECT] [Fatal Error] :1:1: Premature end of file.
2026-03-29 17:18:27,687 [ERROR] LogOutputStream:75 - [STDERR_REDIRECT] 
2026-03-29 17:18:28,642 [ERROR] LogOutputStream:75 - [STDERR_REDIRECT] [Fatal Error] :1:1: Premature end of file.
2026-03-29 17:18:28,642 [ERROR] LogOutputStream:75 - [STDERR_REDIRECT] 
2026-03-29 17:18:29,637 [ERROR] LogOutputStream:75 - [STDERR_REDIRECT] [Fatal Error] :1:1: Premature end of file.
2026-03-29 17:18:29,637 [ERROR] LogOutputStream:75 - [STDERR_REDIRECT] 
2026-03-29 17:18:30,656 [ERROR] LogOutputStream:75 - [STDERR_REDIRECT] [Fatal Error] :1:1: Premature end of file.
2026-03-29 17:18:30,656 [ERROR] LogOutputStream:75 - [STDERR_REDIRECT] 
2026-03-29 17:18:31,636 [ERROR] LogOutputStream:75 - [STDERR_REDIRECT] [Fatal Error] :1:1: Premature end of file.
2026-03-29 17:18:31,636 [ERROR] LogOutputStream:75 - [STDERR_REDIRECT] 
2026-03-29 17:18:32,632 [ERROR] LogOutputStream:75 - [STDERR_REDIRECT] [Fatal Error] :1:1: Premature end of file.
2026-03-29 17:18:32,632 [ERROR] LogOutputStream:75 - [STDERR_REDIRECT] 
2026-03-29 17:18:33,627 [ERROR] LogOutputStream:75 - [STDERR_REDIRECT] [Fatal Error] :1:1: Premature end of file.
2026-03-29 17:18:33,627 [ERROR] LogOutputStream:75 - [STDERR_REDIRECT] 
2026-03-29 17:18:34,626 [ERROR] LogOutputStream:75 - [STDERR_REDIRECT] [Fatal Error] :1:1: Premature end of file.
2026-03-29 17:18:34,626 [ERROR] LogOutputStream:75 - [STDERR_REDIRECT] 
2026-03-29 17:18:35,631 [ERROR] LogOutputStream:75 - [STDERR_REDIRECT] [Fatal Error] :1:1: Premature end of file.
2026-03-29 17:18:35,631 [ERROR] LogOutputStream:75 - [STDERR_REDIRECT] 
2026-03-29 17:18:36,634 [ERROR] LogOutputStream:75 - [STDERR_REDIRECT] [Fatal Error] :1:1: Premature end of file.
2026-03-29 17:18:36,634 [ERROR] LogOutputStream:75 - [STDERR_REDIRECT] 
2026-03-29 17:18:37,638 [ERROR] LogOutputStream:75 - [STDERR_REDIRECT] [Fatal Error] :1:1: Premature end of file.
2026-03-29 17:18:37,638 [ERROR] LogOutputStream:75 - [STDERR_REDIRECT] 
2026-03-29 17:18:38,629 [ERROR] LogOutputStream:75 - [STDERR_REDIRECT] [Fatal Error] :1:1: Premature end of file.
2026-03-29 17:18:38,629 [ERROR] LogOutputStream:75 - [STDERR_REDIRECT] 
2026-03-29 17:18:39,627 [ERROR] LogOutputStream:75 - [STDERR_REDIRECT] [Fatal Error] :1:1: Premature end of file.
2026-03-29 17:18:39,628 [ERROR] LogOutputStream:75 - [STDERR_REDIRECT] 
2026-03-29 17:18:40,630 [ERROR] LogOutputStream:75 - [STDERR_REDIRECT] [Fatal Error] :1:1: Premature end of file.
2026-03-29 17:18:40,630 [ERROR] LogOutputStream:75 - [STDERR_REDIRECT] 
2026-03-29 17:18:41,640 [ERROR] LogOutputStream:75 - [STDERR_REDIRECT] [Fatal Error] :1:1: Premature end of file.
2026-03-29 17:18:41,641 [ERROR] LogOutputStream:75 - [STDERR_REDIRECT] 
2026-03-29 17:18:42,653 [ERROR] LogOutputStream:75 - [STDERR_REDIRECT] [Fatal Error] :1:1: Premature end of file.
2026-03-29 17:18:42,653 [ERROR] LogOutputStream:75 - [STDERR_REDIRECT] 
2026-03-29 17:18:43,640 [ERROR] LogOutputStream:75 - [STDERR_REDIRECT] [Fatal Error] :1:1: Premature end of file.
2026-03-29 17:18:43,641 [ERROR] LogOutputStream:75 - [STDERR_REDIRECT] 
2026-03-29 17:18:44,643 [ERROR] LogOutputStream:75 - [STDERR_REDIRECT] [Fatal Error] :1:1: Premature end of file.
2026-03-29 17:18:44,643 [ERROR] LogOutputStream:75 - [STDERR_REDIRECT] 
2026-03-29 17:18:45,648 [ERROR] LogOutputStream:75 - [STDERR_REDIRECT] [Fatal Error] :1:1: Premature end of file.
2026-03-29 17:18:45,648 [ERROR] LogOutputStream:75 - [STDERR_REDIRECT] 
2026-03-29 17:18:46,633 [ERROR] LogOutputStream:75 - [STDERR_REDIRECT] [Fatal Error] :1:1: Premature end of file.
2026-03-29 17:18:46,633 [ERROR] LogOutputStream:75 - [STDERR_REDIRECT] 
2026-03-29 17:18:47,642 [ERROR] LogOutputStream:75 - [STDERR_REDIRECT] [Fatal Error] :1:1: Premature end of file.
2026-03-29 17:18:47,642 [ERROR] LogOutputStream:75 - [STDERR_REDIRECT] 
2026-03-29 17:18:48,644 [ERROR] LogOutputStream:75 - [STDERR_REDIRECT] [Fatal Error] :1:1: Premature end of file.
2026-03-29 17:18:48,644 [ERROR] LogOutputStream:75 - [STDERR_REDIRECT] 
2026-03-29 17:18:49,637 [ERROR] LogOutputStream:75 - [STDERR_REDIRECT] [Fatal Error] :1:1: Premature end of file.
2026-03-29 17:18:49,637 [ERROR] LogOutputStream:75 - [STDERR_REDIRECT] 
2026-03-29 17:18:50,627 [ERROR] LogOutputStream:75 - [STDERR_REDIRECT] [Fatal Error] :1:1: Premature end of file.
2026-03-29 17:18:50,627 [ERROR] LogOutputStream:75 - [STDERR_REDIRECT] 
2026-03-29 17:18:51,631 [ERROR] LogOutputStream:75 - [STDERR_REDIRECT] [Fatal Error] :1:1: Premature end of file.
2026-03-29 17:18:51,631 [ERROR] LogOutputStream:75 - [STDERR_REDIRECT] 
2026-03-29 17:18:52,639 [ERROR] LogOutputStream:75 - [STDERR_REDIRECT] [Fatal Error] :1:1: Premature end of file.
2026-03-29 17:18:52,639 [ERROR] LogOutputStream:75 - [STDERR_REDIRECT] 
2026-03-29 17:18:53,628 [ERROR] LogOutputStream:75 - [STDERR_REDIRECT] [Fatal Error] :1:1: Premature end of file.
2026-03-29 17:18:53,630 [ERROR] LogOutputStream:75 - [STDERR_REDIRECT] 
2026-03-29 17:18:54,628 [ERROR] LogOutputStream:75 - [STDERR_REDIRECT] [Fatal Error] :1:1: Premature end of file.
2026-03-29 17:18:54,628 [ERROR] LogOutputStream:75 - [STDERR_REDIRECT] 
2026-03-29 17:18:55,634 [ERROR] LogOutputStream:75 - [STDERR_REDIRECT] [Fatal Error] :1:1: Premature end of file.
2026-03-29 17:18:55,634 [ERROR] LogOutputStream:75 - [STDERR_REDIRECT] 
2026-03-29 17:18:56,649 [ERROR] LogOutputStream:75 - [STDERR_REDIRECT] [Fatal Error] :1:1: Premature end of file.
2026-03-29 17:18:56,649 [ERROR] LogOutputStream:75 - [STDERR_REDIRECT] 
2026-03-29 17:18:57,632 [ERROR] LogOutputStream:75 - [STDERR_REDIRECT] [Fatal Error] :1:1: Premature end of file.
2026-03-29 17:18:57,632 [ERROR] LogOutputStream:75 - [STDERR_REDIRECT] 
2026-03-29 17:18:58,658 [ERROR] LogOutputStream:75 - [STDERR_REDIRECT] [Fatal Error] :1:1: Premature end of file.
2026-03-29 17:18:58,659 [ERROR] LogOutputStream:75 - [STDERR_REDIRECT] 
2026-03-29 17:18:59,627 [ERROR] LogOutputStream:75 - [STDERR_REDIRECT] [Fatal Error] :1:1: Premature end of file.
2026-03-29 17:18:59,627 [ERROR] LogOutputStream:75 - [STDERR_REDIRECT] 
2026-03-29 17:19:00,630 [ERROR] LogOutputStream:75 - [STDERR_REDIRECT] [Fatal Error] :1:1: Premature end of file.
2026-03-29 17:19:00,630 [ERROR] LogOutputStream:75 - [STDERR_REDIRECT] 
2026-03-29 17:19:01,642 [ERROR] LogOutputStream:75 - [STDERR_REDIRECT] [Fatal Error] :1:1: Premature end of file.
2026-03-29 17:19:01,643 [ERROR] LogOutputStream:75 - [STDERR_REDIRECT] 
2026-03-29 17:19:02,628 [ERROR] LogOutputStream:75 - [STDERR_REDIRECT] [Fatal Error] :1:1: Premature end of file.
2026-03-29 17:19:02,629 [ERROR] LogOutputStream:75 - [STDERR_REDIRECT] 
2026-03-29 17:19:03,631 [ERROR] LogOutputStream:75 - [STDERR_REDIRECT] [Fatal Error] :1:1: Premature end of file.
2026-03-29 17:19:03,631 [ERROR] LogOutputStream:75 - [STDERR_REDIRECT] 
2026-03-29 17:19:04,641 [ERROR] LogOutputStream:75 - [STDERR_REDIRECT] [Fatal Error] :1:1: Premature end of file.
2026-03-29 17:19:04,641 [ERROR] LogOutputStream:75 - [STDERR_REDIRECT] 
2026-03-29 17:19:05,645 [ERROR] LogOutputStream:75 - [STDERR_REDIRECT] [Fatal Error] :1:1: Premature end of file.
2026-03-29 17:19:05,645 [ERROR] LogOutputStream:75 - [STDERR_REDIRECT] 
2026-03-29 17:19:06,647 [ERROR] LogOutputStream:75 - [STDERR_REDIRECT] [Fatal Error] :1:1: Premature end of file.
2026-03-29 17:19:06,648 [ERROR] LogOutputStream:75 - [STDERR_REDIRECT] 
2026-03-29 17:19:07,633 [ERROR] LogOutputStream:75 - [STDERR_REDIRECT] [Fatal Error] :1:1: Premature end of file.
2026-03-29 17:19:07,633 [ERROR] LogOutputStream:75 - [STDERR_REDIRECT] 
2026-03-29 17:19:08,647 [ERROR] LogOutputStream:75 - [STDERR_REDIRECT] [Fatal Error] :1:1: Premature end of file.
2026-03-29 17:19:08,649 [ERROR] LogOutputStream:75 - [STDERR_REDIRECT] 
2026-03-29 17:19:09,632 [ERROR] LogOutputStream:75 - [STDERR_REDIRECT] [Fatal Error] :1:1: Premature end of file.
2026-03-29 17:19:09,632 [ERROR] LogOutputStream:75 - [STDERR_REDIRECT] 
2026-03-29 17:19:10,644 [ERROR] LogOutputStream:75 - [STDERR_REDIRECT] [Fatal Error] :1:1: Premature end of file.
2026-03-29 17:19:10,644 [ERROR] LogOutputStream:75 - [STDERR_REDIRECT] 
2026-03-29 17:19:11,639 [ERROR] LogOutputStream:75 - [STDERR_REDIRECT] [Fatal Error] :1:1: Premature end of file.
2026-03-29 17:19:11,639 [ERROR] LogOutputStream:75 - [STDERR_REDIRECT] 
2026-03-29 17:19:12,637 [ERROR] LogOutputStream:75 - [STDERR_REDIRECT] [Fatal Error] :1:1: Premature end of file.
2026-03-29 17:19:12,639 [ERROR] LogOutputStream:75 - [STDERR_REDIRECT] 
2026-03-29 17:19:13,629 [ERROR] LogOutputStream:75 - [STDERR_REDIRECT] [Fatal Error] :1:1: Premature end of file.
2026-03-29 17:19:13,630 [ERROR] LogOutputStream:75 - [STDERR_REDIRECT] 
2026-03-29 17:19:14,626 [ERROR] LogOutputStream:75 - [STDERR_REDIRECT] [Fatal Error] :1:1: Premature end of file.
2026-03-29 17:19:14,626 [ERROR] LogOutputStream:75 - [STDERR_REDIRECT] 
2026-03-29 17:19:15,662 [ERROR] LogOutputStream:75 - [STDERR_REDIRECT] [Fatal Error] :1:1: Premature end of file.
2026-03-29 17:19:15,662 [ERROR] LogOutputStream:75 - [STDERR_REDIRECT] 
2026-03-29 17:19:16,635 [ERROR] LogOutputStream:75 - [STDERR_REDIRECT] [Fatal Error] :1:1: Premature end of file.
2026-03-29 17:19:16,636 [ERROR] LogOutputStream:75 - [STDERR_REDIRECT] 
2026-03-29 17:19:17,629 [ERROR] LogOutputStream:75 - [STDERR_REDIRECT] [Fatal Error] :1:1: Premature end of file.
2026-03-29 17:19:17,629 [ERROR] LogOutputStream:75 - [STDERR_REDIRECT] 
2026-03-29 17:19:18,652 [ERROR] LogOutputStream:75 - [STDERR_REDIRECT] [Fatal Error] :1:1: Premature end of file.
2026-03-29 17:19:18,652 [ERROR] LogOutputStream:75 - [STDERR_REDIRECT] 
2026-03-29 17:19:19,648 [ERROR] LogOutputStream:75 - [STDERR_REDIRECT] [Fatal Error] :1:1: Premature end of file.
2026-03-29 17:19:19,648 [ERROR] LogOutputStream:75 - [STDERR_REDIRECT] 
2026-03-29 17:19:20,627 [ERROR] LogOutputStream:75 - [STDERR_REDIRECT] [Fatal Error] :1:1: Premature end of file.
2026-03-29 17:19:20,628 [ERROR] LogOutputStream:75 - [STDERR_REDIRECT] 
2026-03-29 17:19:21,636 [ERROR] LogOutputStream:75 - [STDERR_REDIRECT] [Fatal Error] :1:1: Premature end of file.
2026-03-29 17:19:21,636 [ERROR] LogOutputStream:75 - [STDERR_REDIRECT] 
2026-03-29 17:19:22,627 [ERROR] LogOutputStream:75 - [STDERR_REDIRECT] [Fatal Error] :1:1: Premature end of file.
2026-03-29 17:19:22,628 [ERROR] LogOutputStream:75 - [STDERR_REDIRECT] 
2026-03-29 17:19:23,629 [ERROR] LogOutputStream:75 - [STDERR_REDIRECT] [Fatal Error] :1:1: Premature end of file.
2026-03-29 17:19:23,629 [ERROR] LogOutputStream:75 - [STDERR_REDIRECT] 
2026-03-29 17:19:24,627 [ERROR] LogOutputStream:75 - [STDERR_REDIRECT] [Fatal Error] :1:1: Premature end of file.
2026-03-29 17:19:24,627 [ERROR] LogOutputStream:75 - [STDERR_REDIRECT] 
2026-03-29 17:19:25,626 [ERROR] LogOutputStream:75 - [STDERR_REDIRECT] [Fatal Error] :1:1: Premature end of file.
2026-03-29 17:19:25,626 [ERROR] LogOutputStream:75 - [STDERR_REDIRECT] 
2026-03-29 17:19:26,635 [ERROR] LogOutputStream:75 - [STDERR_REDIRECT] [Fatal Error] :1:1: Premature end of file.
2026-03-29 17:19:26,635 [ERROR] LogOutputStream:75 - [STDERR_REDIRECT] 
2026-03-29 17:19:27,633 [ERROR] LogOutputStream:75 - [STDERR_REDIRECT] [Fatal Error] :1:1: Premature end of file.
2026-03-29 17:19:27,633 [ERROR] LogOutputStream:75 - [STDERR_REDIRECT] 
2026-03-29 17:19:28,633 [ERROR] LogOutputStream:75 - [STDERR_REDIRECT] [Fatal Error] :1:1: Premature end of file.
2026-03-29 17:19:28,633 [ERROR] LogOutputStream:75 - [STDERR_REDIRECT] 
2026-03-29 17:19:29,642 [ERROR] LogOutputStream:75 - [STDERR_REDIRECT] [Fatal Error] :1:1: Premature end of file.
2026-03-29 17:19:29,642 [ERROR] LogOutputStream:75 - [STDERR_REDIRECT] 
2026-03-29 17:19:30,626 [ERROR] LogOutputStream:75 - [STDERR_REDIRECT] [Fatal Error] :1:1: Premature end of file.
2026-03-29 17:19:30,626 [ERROR] LogOutputStream:75 - [STDERR_REDIRECT] 
2026-03-29 17:19:31,662 [ERROR] LogOutputStream:75 - [STDERR_REDIRECT] [Fatal Error] :1:1: Premature end of file.
2026-03-29 17:19:31,662 [ERROR] LogOutputStream:75 - [STDERR_REDIRECT] 
2026-03-29 17:19:32,630 [ERROR] LogOutputStream:75 - [STDERR_REDIRECT] [Fatal Error] :1:1: Premature end of file.
2026-03-29 17:19:32,630 [ERROR] LogOutputStream:75 - [STDERR_REDIRECT] 
2026-03-29 17:19:33,628 [ERROR] LogOutputStream:75 - [STDERR_REDIRECT] [Fatal Error] :1:1: Premature end of file.
2026-03-29 17:19:33,628 [ERROR] LogOutputStream:75 - [STDERR_REDIRECT] 
2026-03-29 17:19:34,629 [ERROR] LogOutputStream:75 - [STDERR_REDIRECT] [Fatal Error] :1:1: Premature end of file.
2026-03-29 17:19:34,630 [ERROR] LogOutputStream:75 - [STDERR_REDIRECT] 
2026-03-29 17:19:35,631 [ERROR] LogOutputStream:75 - [STDERR_REDIRECT] [Fatal Error] :1:1: Premature end of file.
2026-03-29 17:19:35,631 [ERROR] LogOutputStream:75 - [STDERR_REDIRECT] 
2026-03-29 17:19:36,669 [ERROR] LogOutputStream:75 - [STDERR_REDIRECT] [Fatal Error] :1:1: Premature end of file.
2026-03-29 17:19:36,669 [ERROR] LogOutputStream:75 - [STDERR_REDIRECT] 
2026-03-29 17:19:37,646 [ERROR] LogOutputStream:75 - [STDERR_REDIRECT] [Fatal Error] :1:1: Premature end of file.
2026-03-29 17:19:37,647 [ERROR] LogOutputStream:75 - [STDERR_REDIRECT] 
2026-03-29 17:19:38,636 [ERROR] LogOutputStream:75 - [STDERR_REDIRECT] [Fatal Error] :1:1: Premature end of file.
2026-03-29 17:19:38,637 [ERROR] LogOutputStream:75 - [STDERR_REDIRECT] 
2026-03-29 17:19:39,632 [ERROR] LogOutputStream:75 - [STDERR_REDIRECT] [Fatal Error] :1:1: Premature end of file.
2026-03-29 17:19:39,633 [ERROR] LogOutputStream:75 - [STDERR_REDIRECT] 
2026-03-29 17:19:40,629 [ERROR] LogOutputStream:75 - [STDERR_REDIRECT] [Fatal Error] :1:1: Premature end of file.
2026-03-29 17:19:40,629 [ERROR] LogOutputStream:75 - [STDERR_REDIRECT] 
2026-03-29 17:19:41,632 [ERROR] LogOutputStream:75 - [STDERR_REDIRECT] [Fatal Error] :1:1: Premature end of file.
2026-03-29 17:19:41,633 [ERROR] LogOutputStream:75 - [STDERR_REDIRECT] 
2026-03-29 17:19:42,648 [ERROR] LogOutputStream:75 - [STDERR_REDIRECT] [Fatal Error] :1:1: Premature end of file.
2026-03-29 17:19:42,648 [ERROR] LogOutputStream:75 - [STDERR_REDIRECT] 
2026-03-29 17:19:43,633 [ERROR] LogOutputStream:75 - [STDERR_REDIRECT] [Fatal Error] :1:1: Premature end of file.
2026-03-29 17:19:43,633 [ERROR] LogOutputStream:75 - [STDERR_REDIRECT] 
2026-03-29 17:19:44,633 [ERROR] LogOutputStream:75 - [STDERR_REDIRECT] [Fatal Error] :1:1: Premature end of file.
2026-03-29 17:19:44,633 [ERROR] LogOutputStream:75 - [STDERR_REDIRECT] 
2026-03-29 17:19:45,630 [ERROR] LogOutputStream:75 - [STDERR_REDIRECT] [Fatal Error] :1:1: Premature end of file.
2026-03-29 17:19:45,631 [ERROR] LogOutputStream:75 - [STDERR_REDIRECT] 
2026-03-29 17:19:46,627 [ERROR] LogOutputStream:75 - [STDERR_REDIRECT] [Fatal Error] :1:1: Premature end of file.
2026-03-29 17:19:46,627 [ERROR] LogOutputStream:75 - [STDERR_REDIRECT] 
2026-03-29 17:19:47,640 [ERROR] LogOutputStream:75 - [STDERR_REDIRECT] [Fatal Error] :1:1: Premature end of file.
2026-03-29 17:19:47,640 [ERROR] LogOutputStream:75 - [STDERR_REDIRECT] 
2026-03-29 17:19:48,627 [ERROR] LogOutputStream:75 - [STDERR_REDIRECT] [Fatal Error] :1:1: Premature end of file.
2026-03-29 17:19:48,627 [ERROR] LogOutputStream:75 - [STDERR_REDIRECT] 
2026-03-29 17:19:49,642 [ERROR] LogOutputStream:75 - [STDERR_REDIRECT] [Fatal Error] :1:1: Premature end of file.
2026-03-29 17:19:49,643 [ERROR] LogOutputStream:75 - [STDERR_REDIRECT] 
2026-03-29 17:19:50,682 [ERROR] LogOutputStream:75 - [STDERR_REDIRECT] [Fatal Error] :1:1: Premature end of file.
2026-03-29 17:19:50,683 [ERROR] LogOutputStream:75 - [STDERR_REDIRECT] 
2026-03-29 17:19:51,641 [ERROR] LogOutputStream:75 - [STDERR_REDIRECT] [Fatal Error] :1:1: Premature end of file.
2026-03-29 17:19:51,641 [ERROR] LogOutputStream:75 - [STDERR_REDIRECT] 
2026-03-29 17:19:52,638 [ERROR] LogOutputStream:75 - [STDERR_REDIRECT] [Fatal Error] :1:1: Premature end of file.
2026-03-29 17:19:52,638 [ERROR] LogOutputStream:75 - [STDERR_REDIRECT] 
2026-03-29 17:19:53,645 [ERROR] LogOutputStream:75 - [STDERR_REDIRECT] [Fatal Error] :1:1: Premature end of file.
2026-03-29 17:19:53,646 [ERROR] LogOutputStream:75 - [STDERR_REDIRECT] 
2026-03-29 17:19:54,643 [ERROR] LogOutputStream:75 - [STDERR_REDIRECT] [Fatal Error] :1:1: Premature end of file.
2026-03-29 17:19:54,644 [ERROR] LogOutputStream:75 - [STDERR_REDIRECT] 
2026-03-29 17:19:55,634 [ERROR] LogOutputStream:75 - [STDERR_REDIRECT] [Fatal Error] :1:1: Premature end of file.
2026-03-29 17:19:55,634 [ERROR] LogOutputStream:75 - [STDERR_REDIRECT] 
2026-03-29 17:19:56,635 [ERROR] LogOutputStream:75 - [STDERR_REDIRECT] [Fatal Error] :1:1: Premature end of file.
2026-03-29 17:19:56,636 [ERROR] LogOutputStream:75 - [STDERR_REDIRECT] 
2026-03-29 17:19:57,636 [ERROR] LogOutputStream:75 - [STDERR_REDIRECT] [Fatal Error] :1:1: Premature end of file.
2026-03-29 17:19:57,636 [ERROR] LogOutputStream:75 - [STDERR_REDIRECT] 
2026-03-29 17:19:58,635 [ERROR] LogOutputStream:75 - [STDERR_REDIRECT] [Fatal Error] :1:1: Premature end of file.
2026-03-29 17:19:58,635 [ERROR] LogOutputStream:75 - [STDERR_REDIRECT] 
2026-03-29 17:19:59,630 [ERROR] LogOutputStream:75 - [STDERR_REDIRECT] [Fatal Error] :1:1: Premature end of file.
2026-03-29 17:19:59,630 [ERROR] LogOutputStream:75 - [STDERR_REDIRECT] 
2026-03-29 17:20:00,637 [ERROR] LogOutputStream:75 - [STDERR_REDIRECT] [Fatal Error] :1:1: Premature end of file.
2026-03-29 17:20:00,637 [ERROR] LogOutputStream:75 - [STDERR_REDIRECT] 
2026-03-29 17:20:01,644 [ERROR] LogOutputStream:75 - [STDERR_REDIRECT] [Fatal Error] :1:1: Premature end of file.
2026-03-29 17:20:01,645 [ERROR] LogOutputStream:75 - [STDERR_REDIRECT] 
2026-03-29 17:20:02,648 [ERROR] LogOutputStream:75 - [STDERR_REDIRECT] [Fatal Error] :1:1: Premature end of file.
2026-03-29 17:20:02,648 [ERROR] LogOutputStream:75 - [STDERR_REDIRECT] 
2026-03-29 17:20:03,644 [ERROR] LogOutputStream:75 - [STDERR_REDIRECT] [Fatal Error] :1:1: Premature end of file.
2026-03-29 17:20:03,645 [ERROR] LogOutputStream:75 - [STDERR_REDIRECT] 
2026-03-29 17:20:04,650 [ERROR] LogOutputStream:75 - [STDERR_REDIRECT] [Fatal Error] :1:1: Premature end of file.
2026-03-29 17:20:04,651 [ERROR] LogOutputStream:75 - [STDERR_REDIRECT] 
2026-03-29 17:20:05,636 [ERROR] LogOutputStream:75 - [STDERR_REDIRECT] [Fatal Error] :1:1: Premature end of file.
2026-03-29 17:20:05,636 [ERROR] LogOutputStream:75 - [STDERR_REDIRECT] 
2026-03-29 17:20:06,634 [ERROR] LogOutputStream:75 - [STDERR_REDIRECT] [Fatal Error] :1:1: Premature end of file.
2026-03-29 17:20:06,634 [ERROR] LogOutputStream:75 - [STDERR_REDIRECT] 
2026-03-29 17:20:07,640 [ERROR] LogOutputStream:75 - [STDERR_REDIRECT] [Fatal Error] :1:1: Premature end of file.
2026-03-29 17:20:07,641 [ERROR] LogOutputStream:75 - [STDERR_REDIRECT] 
2026-03-29 17:20:08,634 [ERROR] LogOutputStream:75 - [STDERR_REDIRECT] [Fatal Error] :1:1: Premature end of file.
2026-03-29 17:20:08,634 [ERROR] LogOutputStream:75 - [STDERR_REDIRECT] 
2026-03-29 17:20:09,638 [ERROR] LogOutputStream:75 - [STDERR_REDIRECT] [Fatal Error] :1:1: Premature end of file.
2026-03-29 17:20:09,639 [ERROR] LogOutputStream:75 - [STDERR_REDIRECT] 
2026-03-29 17:20:10,635 [ERROR] LogOutputStream:75 - [STDERR_REDIRECT] [Fatal Error] :1:1: Premature end of file.
2026-03-29 17:20:10,635 [ERROR] LogOutputStream:75 - [STDERR_REDIRECT] 
2026-03-29 17:20:11,650 [ERROR] LogOutputStream:75 - [STDERR_REDIRECT] [Fatal Error] :1:1: Premature end of file.
2026-03-29 17:20:11,651 [ERROR] LogOutputStream:75 - [STDERR_REDIRECT] 
2026-03-29 17:20:12,638 [ERROR] LogOutputStream:75 - [STDERR_REDIRECT] [Fatal Error] :1:1: Premature end of file.
2026-03-29 17:20:12,638 [ERROR] LogOutputStream:75 - [STDERR_REDIRECT] 
2026-03-29 17:20:13,646 [ERROR] LogOutputStream:75 - [STDERR_REDIRECT] [Fatal Error] :1:1: Premature end of file.
2026-03-29 17:20:13,646 [ERROR] LogOutputStream:75 - [STDERR_REDIRECT] 
2026-03-29 17:20:14,638 [ERROR] LogOutputStream:75 - [STDERR_REDIRECT] [Fatal Error] :1:1: Premature end of file.
2026-03-29 17:20:14,638 [ERROR] LogOutputStream:75 - [STDERR_REDIRECT] 
2026-03-29 17:20:15,644 [ERROR] LogOutputStream:75 - [STDERR_REDIRECT] [Fatal Error] :1:1: Premature end of file.
2026-03-29 17:20:15,644 [ERROR] LogOutputStream:75 - [STDERR_REDIRECT] 
2026-03-29 17:20:16,632 [ERROR] LogOutputStream:75 - [STDERR_REDIRECT] [Fatal Error] :1:1: Premature end of file.
2026-03-29 17:20:16,632 [ERROR] LogOutputStream:75 - [STDERR_REDIRECT] 
2026-03-29 17:20:17,639 [ERROR] LogOutputStream:75 - [STDERR_REDIRECT] [Fatal Error] :1:1: Premature end of file.
2026-03-29 17:20:17,639 [ERROR] LogOutputStream:75 - [STDERR_REDIRECT] 
2026-03-29 17:20:18,633 [ERROR] LogOutputStream:75 - [STDERR_REDIRECT] [Fatal Error] :1:1: Premature end of file.
2026-03-29 17:20:18,634 [ERROR] LogOutputStream:75 - [STDERR_REDIRECT] 
2026-03-29 17:20:19,640 [ERROR] LogOutputStream:75 - [STDERR_REDIRECT] [Fatal Error] :1:1: Premature end of file.
2026-03-29 17:20:19,640 [ERROR] LogOutputStream:75 - [STDERR_REDIRECT] 
2026-03-29 17:20:20,628 [ERROR] LogOutputStream:75 - [STDERR_REDIRECT] [Fatal Error] :1:1: Premature end of file.
2026-03-29 17:20:20,629 [ERROR] LogOutputStream:75 - [STDERR_REDIRECT] 
2026-03-29 17:20:21,641 [ERROR] LogOutputStream:75 - [STDERR_REDIRECT] [Fatal Error] :1:1: Premature end of file.
2026-03-29 17:20:21,641 [ERROR] LogOutputStream:75 - [STDERR_REDIRECT] 
2026-03-29 17:20:22,637 [ERROR] LogOutputStream:75 - [STDERR_REDIRECT] [Fatal Error] :1:1: Premature end of file.
2026-03-29 17:20:22,637 [ERROR] LogOutputStream:75 - [STDERR_REDIRECT] 
2026-03-29 17:20:23,639 [ERROR] LogOutputStream:75 - [STDERR_REDIRECT] [Fatal Error] :1:1: Premature end of file.
2026-03-29 17:20:23,639 [ERROR] LogOutputStream:75 - [STDERR_REDIRECT] 
2026-03-29 17:20:24,632 [ERROR] LogOutputStream:75 - [STDERR_REDIRECT] [Fatal Error] :1:1: Premature end of file.
2026-03-29 17:20:24,632 [ERROR] LogOutputStream:75 - [STDERR_REDIRECT] 
2026-03-29 17:20:25,647 [ERROR] LogOutputStream:75 - [STDERR_REDIRECT] [Fatal Error] :1:1: Premature end of file.
2026-03-29 17:20:25,647 [ERROR] LogOutputStream:75 - [STDERR_REDIRECT] 
2026-03-29 17:20:26,648 [ERROR] LogOutputStream:75 - [STDERR_REDIRECT] [Fatal Error] :1:1: Premature end of file.
2026-03-29 17:20:26,650 [ERROR] LogOutputStream:75 - [STDERR_REDIRECT] 
2026-03-29 17:20:27,636 [ERROR] LogOutputStream:75 - [STDERR_REDIRECT] [Fatal Error] :1:1: Premature end of file.
2026-03-29 17:20:27,636 [ERROR] LogOutputStream:75 - [STDERR_REDIRECT] 
2026-03-29 17:20:28,639 [ERROR] LogOutputStream:75 - [STDERR_REDIRECT] [Fatal Error] :1:1: Premature end of file.
2026-03-29 17:20:28,639 [ERROR] LogOutputStream:75 - [STDERR_REDIRECT] 
2026-03-29 17:20:29,631 [ERROR] LogOutputStream:75 - [STDERR_REDIRECT] [Fatal Error] :1:1: Premature end of file.
2026-03-29 17:20:29,631 [ERROR] LogOutputStream:75 - [STDERR_REDIRECT] 
2026-03-29 17:20:30,633 [ERROR] LogOutputStream:75 - [STDERR_REDIRECT] [Fatal Error] :1:1: Premature end of file.
2026-03-29 17:20:30,633 [ERROR] LogOutputStream:75 - [STDERR_REDIRECT] 
2026-03-29 17:20:31,631 [ERROR] LogOutputStream:75 - [STDERR_REDIRECT] [Fatal Error] :1:1: Premature end of file.
2026-03-29 17:20:31,632 [ERROR] LogOutputStream:75 - [STDERR_REDIRECT] 
2026-03-29 17:20:32,630 [ERROR] LogOutputStream:75 - [STDERR_REDIRECT] [Fatal Error] :1:1: Premature end of file.
2026-03-29 17:20:32,630 [ERROR] LogOutputStream:75 - [STDERR_REDIRECT] 
2026-03-29 17:20:33,642 [ERROR] LogOutputStream:75 - [STDERR_REDIRECT] [Fatal Error] :1:1: Premature end of file.
2026-03-29 17:20:33,642 [ERROR] LogOutputStream:75 - [STDERR_REDIRECT] 
2026-03-29 17:20:34,640 [ERROR] LogOutputStream:75 - [STDERR_REDIRECT] [Fatal Error] :1:1: Premature end of file.
2026-03-29 17:20:34,640 [ERROR] LogOutputStream:75 - [STDERR_REDIRECT] 
2026-03-29 17:20:35,629 [ERROR] LogOutputStream:75 - [STDERR_REDIRECT] [Fatal Error] :1:1: Premature end of file.
2026-03-29 17:20:35,629 [ERROR] LogOutputStream:75 - [STDERR_REDIRECT] 
2026-03-29 17:20:36,633 [ERROR] LogOutputStream:75 - [STDERR_REDIRECT] [Fatal Error] :1:1: Premature end of file.
2026-03-29 17:20:36,633 [ERROR] LogOutputStream:75 - [STDERR_REDIRECT] 
2026-03-29 17:20:37,625 [ERROR] LogOutputStream:75 - [STDERR_REDIRECT] [Fatal Error] :1:1: Premature end of file.
2026-03-29 17:20:37,625 [ERROR] LogOutputStream:75 - [STDERR_REDIRECT] 
2026-03-29 17:20:38,645 [ERROR] LogOutputStream:75 - [STDERR_REDIRECT] [Fatal Error] :1:1: Premature end of file.
2026-03-29 17:20:38,645 [ERROR] LogOutputStream:75 - [STDERR_REDIRECT] 
2026-03-29 17:20:39,631 [ERROR] LogOutputStream:75 - [STDERR_REDIRECT] [Fatal Error] :1:1: Premature end of file.
2026-03-29 17:20:39,631 [ERROR] LogOutputStream:75 - [STDERR_REDIRECT] 
2026-03-29 17:20:40,639 [ERROR] LogOutputStream:75 - [STDERR_REDIRECT] [Fatal Error] :1:1: Premature end of file.
2026-03-29 17:20:40,640 [ERROR] LogOutputStream:75 - [STDERR_REDIRECT] 
2026-03-29 17:20:41,644 [ERROR] LogOutputStream:75 - [STDERR_REDIRECT] [Fatal Error] :1:1: Premature end of file.
2026-03-29 17:20:41,644 [ERROR] LogOutputStream:75 - [STDERR_REDIRECT] 
2026-03-29 17:20:42,634 [ERROR] LogOutputStream:75 - [STDERR_REDIRECT] [Fatal Error] :1:1: Premature end of file.
2026-03-29 17:20:42,634 [ERROR] LogOutputStream:75 - [STDERR_REDIRECT] 
2026-03-29 17:20:43,641 [ERROR] LogOutputStream:75 - [STDERR_REDIRECT] [Fatal Error] :1:1: Premature end of file.
2026-03-29 17:20:43,641 [ERROR] LogOutputStream:75 - [STDERR_REDIRECT] 
2026-03-29 17:20:44,642 [ERROR] LogOutputStream:75 - [STDERR_REDIRECT] [Fatal Error] :1:1: Premature end of file.
2026-03-29 17:20:44,642 [ERROR] LogOutputStream:75 - [STDERR_REDIRECT] 
2026-03-29 17:20:45,645 [ERROR] LogOutputStream:75 - [STDERR_REDIRECT] [Fatal Error] :1:1: Premature end of file.
2026-03-29 17:20:45,645 [ERROR] LogOutputStream:75 - [STDERR_REDIRECT] 
2026-03-29 17:20:46,642 [ERROR] LogOutputStream:75 - [STDERR_REDIRECT] [Fatal Error] :1:1: Premature end of file.
2026-03-29 17:20:46,642 [ERROR] LogOutputStream:75 - [STDERR_REDIRECT] 
2026-03-29 17:20:47,637 [ERROR] LogOutputStream:75 - [STDERR_REDIRECT] [Fatal Error] :1:1: Premature end of file.
2026-03-29 17:20:47,637 [ERROR] LogOutputStream:75 - [STDERR_REDIRECT] 
2026-03-29 17:20:48,660 [ERROR] LogOutputStream:75 - [STDERR_REDIRECT] [Fatal Error] :1:1: Premature end of file.
2026-03-29 17:20:48,661 [ERROR] LogOutputStream:75 - [STDERR_REDIRECT] 
2026-03-29 17:20:49,630 [ERROR] LogOutputStream:75 - [STDERR_REDIRECT] [Fatal Error] :1:1: Premature end of file.
2026-03-29 17:20:49,630 [ERROR] LogOutputStream:75 - [STDERR_REDIRECT] 
2026-03-29 17:20:50,634 [ERROR] LogOutputStream:75 - [STDERR_REDIRECT] [Fatal Error] :1:1: Premature end of file.
2026-03-29 17:20:50,634 [ERROR] LogOutputStream:75 - [STDERR_REDIRECT] 
2026-03-29 17:20:51,635 [ERROR] LogOutputStream:75 - [STDERR_REDIRECT] [Fatal Error] :1:1: Premature end of file.
2026-03-29 17:20:51,637 [ERROR] LogOutputStream:75 - [STDERR_REDIRECT] 
2026-03-29 17:20:52,628 [ERROR] LogOutputStream:75 - [STDERR_REDIRECT] [Fatal Error] :1:1: Premature end of file.
2026-03-29 17:20:52,628 [ERROR] LogOutputStream:75 - [STDERR_REDIRECT] 
2026-03-29 17:20:53,627 [ERROR] LogOutputStream:75 - [STDERR_REDIRECT] [Fatal Error] :1:1: Premature end of file.
2026-03-29 17:20:53,627 [ERROR] LogOutputStream:75 - [STDERR_REDIRECT] 
2026-03-29 17:20:54,634 [ERROR] LogOutputStream:75 - [STDERR_REDIRECT] [Fatal Error] :1:1: Premature end of file.
2026-03-29 17:20:54,634 [ERROR] LogOutputStream:75 - [STDERR_REDIRECT] 
2026-03-29 17:20:55,637 [ERROR] LogOutputStream:75 - [STDERR_REDIRECT] [Fatal Error] :1:1: Premature end of file.
2026-03-29 17:20:55,638 [ERROR] LogOutputStream:75 - [STDERR_REDIRECT] 
2026-03-29 17:20:56,637 [ERROR] LogOutputStream:75 - [STDERR_REDIRECT] [Fatal Error] :1:1: Premature end of file.
2026-03-29 17:20:56,637 [ERROR] LogOutputStream:75 - [STDERR_REDIRECT] 
2026-03-29 17:20:57,648 [ERROR] LogOutputStream:75 - [STDERR_REDIRECT] [Fatal Error] :1:1: Premature end of file.
2026-03-29 17:20:57,648 [ERROR] LogOutputStream:75 - [STDERR_REDIRECT] 
2026-03-29 17:20:58,633 [ERROR] LogOutputStream:75 - [STDERR_REDIRECT] [Fatal Error] :1:1: Premature end of file.
2026-03-29 17:20:58,633 [ERROR] LogOutputStream:75 - [STDERR_REDIRECT] 
2026-03-29 17:20:59,639 [ERROR] LogOutputStream:75 - [STDERR_REDIRECT] [Fatal Error] :1:1: Premature end of file.
2026-03-29 17:20:59,639 [ERROR] LogOutputStream:75 - [STDERR_REDIRECT] 
2026-03-29 17:21:00,645 [ERROR] LogOutputStream:75 - [STDERR_REDIRECT] [Fatal Error] :1:1: Premature end of file.
2026-03-29 17:21:00,645 [ERROR] LogOutputStream:75 - [STDERR_REDIRECT] 
2026-03-29 17:21:01,645 [ERROR] LogOutputStream:75 - [STDERR_REDIRECT] [Fatal Error] :1:1: Premature end of file.
2026-03-29 17:21:01,645 [ERROR] LogOutputStream:75 - [STDERR_REDIRECT] 
2026-03-29 17:21:02,633 [ERROR] LogOutputStream:75 - [STDERR_REDIRECT] [Fatal Error] :1:1: Premature end of file.
2026-03-29 17:21:02,633 [ERROR] LogOutputStream:75 - [STDERR_REDIRECT] 
2026-03-29 17:21:03,638 [ERROR] LogOutputStream:75 - [STDERR_REDIRECT] [Fatal Error] :1:1: Premature end of file.
2026-03-29 17:21:03,638 [ERROR] LogOutputStream:75 - [STDERR_REDIRECT] 
2026-03-29 17:21:04,640 [ERROR] LogOutputStream:75 - [STDERR_REDIRECT] [Fatal Error] :1:1: Premature end of file.
2026-03-29 17:21:04,640 [ERROR] LogOutputStream:75 - [STDERR_REDIRECT] 
2026-03-29 17:21:05,638 [ERROR] LogOutputStream:75 - [STDERR_REDIRECT] [Fatal Error] :1:1: Premature end of file.
2026-03-29 17:21:05,638 [ERROR] LogOutputStream:75 - [STDERR_REDIRECT] 
2026-03-29 17:21:06,651 [ERROR] LogOutputStream:75 - [STDERR_REDIRECT] [Fatal Error] :1:1: Premature end of file.
2026-03-29 17:21:06,651 [ERROR] LogOutputStream:75 - [STDERR_REDIRECT] 
2026-03-29 17:21:07,636 [ERROR] LogOutputStream:75 - [STDERR_REDIRECT] [Fatal Error] :1:1: Premature end of file.
2026-03-29 17:21:07,637 [ERROR] LogOutputStream:75 - [STDERR_REDIRECT] 
2026-03-29 17:21:08,634 [ERROR] LogOutputStream:75 - [STDERR_REDIRECT] [Fatal Error] :1:1: Premature end of file.
2026-03-29 17:21:08,634 [ERROR] LogOutputStream:75 - [STDERR_REDIRECT] 
2026-03-29 17:21:09,658 [ERROR] LogOutputStream:75 - [STDERR_REDIRECT] [Fatal Error] :1:1: Premature end of file.
2026-03-29 17:21:09,658 [ERROR] LogOutputStream:75 - [STDERR_REDIRECT] 
2026-03-29 17:21:10,637 [ERROR] LogOutputStream:75 - [STDERR_REDIRECT] [Fatal Error] :1:1: Premature end of file.
2026-03-29 17:21:10,637 [ERROR] LogOutputStream:75 - [STDERR_REDIRECT] 
2026-03-29 17:21:11,632 [ERROR] LogOutputStream:75 - [STDERR_REDIRECT] [Fatal Error] :1:1: Premature end of file.
2026-03-29 17:21:11,632 [ERROR] LogOutputStream:75 - [STDERR_REDIRECT] 
2026-03-29 17:21:12,642 [ERROR] LogOutputStream:75 - [STDERR_REDIRECT] [Fatal Error] :1:1: Premature end of file.
2026-03-29 17:21:12,642 [ERROR] LogOutputStream:75 - [STDERR_REDIRECT] 
2026-03-29 17:21:13,638 [ERROR] LogOutputStream:75 - [STDERR_REDIRECT] [Fatal Error] :1:1: Premature end of file.
2026-03-29 17:21:13,638 [ERROR] LogOutputStream:75 - [STDERR_REDIRECT] 
2026-03-29 17:21:14,635 [ERROR] LogOutputStream:75 - [STDERR_REDIRECT] [Fatal Error] :1:1: Premature end of file.
2026-03-29 17:21:14,635 [ERROR] LogOutputStream:75 - [STDERR_REDIRECT] 
2026-03-29 17:21:15,631 [ERROR] LogOutputStream:75 - [STDERR_REDIRECT] [Fatal Error] :1:1: Premature end of file.
2026-03-29 17:21:15,631 [ERROR] LogOutputStream:75 - [STDERR_REDIRECT] 
2026-03-29 17:21:16,627 [ERROR] LogOutputStream:75 - [STDERR_REDIRECT] [Fatal Error] :1:1: Premature end of file.
2026-03-29 17:21:16,627 [ERROR] LogOutputStream:75 - [STDERR_REDIRECT] 
2026-03-29 17:21:17,636 [ERROR] LogOutputStream:75 - [STDERR_REDIRECT] [Fatal Error] :1:1: Premature end of file.
2026-03-29 17:21:17,636 [ERROR] LogOutputStream:75 - [STDERR_REDIRECT] 
2026-03-29 17:21:18,636 [ERROR] LogOutputStream:75 - [STDERR_REDIRECT] [Fatal Error] :1:1: Premature end of file.
2026-03-29 17:21:18,636 [ERROR] LogOutputStream:75 - [STDERR_REDIRECT] 
2026-03-29 17:21:19,637 [ERROR] LogOutputStream:75 - [STDERR_REDIRECT] [Fatal Error] :1:1: Premature end of file.
2026-03-29 17:21:19,637 [ERROR] LogOutputStream:75 - [STDERR_REDIRECT] 
2026-03-29 17:21:20,633 [ERROR] LogOutputStream:75 - [STDERR_REDIRECT] [Fatal Error] :1:1: Premature end of file.
2026-03-29 17:21:20,634 [ERROR] LogOutputStream:75 - [STDERR_REDIRECT] 
2026-03-29 17:21:21,639 [ERROR] LogOutputStream:75 - [STDERR_REDIRECT] [Fatal Error] :1:1: Premature end of file.
2026-03-29 17:21:21,639 [ERROR] LogOutputStream:75 - [STDERR_REDIRECT] 
2026-03-29 17:21:22,642 [ERROR] LogOutputStream:75 - [STDERR_REDIRECT] [Fatal Error] :1:1: Premature end of file.
2026-03-29 17:21:22,642 [ERROR] LogOutputStream:75 - [STDERR_REDIRECT] 
2026-03-29 17:21:23,640 [ERROR] LogOutputStream:75 - [STDERR_REDIRECT] [Fatal Error] :1:1: Premature end of file.
2026-03-29 17:21:23,640 [ERROR] LogOutputStream:75 - [STDERR_REDIRECT] 
2026-03-29 17:21:24,637 [ERROR] LogOutputStream:75 - [STDERR_REDIRECT] [Fatal Error] :1:1: Premature end of file.
2026-03-29 17:21:24,637 [ERROR] LogOutputStream:75 - [STDERR_REDIRECT] 
2026-03-29 17:21:25,636 [ERROR] LogOutputStream:75 - [STDERR_REDIRECT] [Fatal Error] :1:1: Premature end of file.
2026-03-29 17:21:25,636 [ERROR] LogOutputStream:75 - [STDERR_REDIRECT] 
2026-03-29 17:21:26,637 [ERROR] LogOutputStream:75 - [STDERR_REDIRECT] [Fatal Error] :1:1: Premature end of file.
2026-03-29 17:21:26,637 [ERROR] LogOutputStream:75 - [STDERR_REDIRECT] 
2026-03-29 17:21:27,645 [ERROR] LogOutputStream:75 - [STDERR_REDIRECT] [Fatal Error] :1:1: Premature end of file.
2026-03-29 17:21:27,645 [ERROR] LogOutputStream:75 - [STDERR_REDIRECT] 
2026-03-29 17:21:28,628 [ERROR] LogOutputStream:75 - [STDERR_REDIRECT] [Fatal Error] :1:1: Premature end of file.
2026-03-29 17:21:28,629 [ERROR] LogOutputStream:75 - [STDERR_REDIRECT] 
2026-03-29 17:21:29,637 [ERROR] LogOutputStream:75 - [STDERR_REDIRECT] [Fatal Error] :1:1: Premature end of file.
2026-03-29 17:21:29,637 [ERROR] LogOutputStream:75 - [STDERR_REDIRECT] 
2026-03-29 17:21:30,645 [ERROR] LogOutputStream:75 - [STDERR_REDIRECT] [Fatal Error] :1:1: Premature end of file.
2026-03-29 17:21:30,645 [ERROR] LogOutputStream:75 - [STDERR_REDIRECT] 
2026-03-29 17:21:31,634 [ERROR] LogOutputStream:75 - [STDERR_REDIRECT] [Fatal Error] :1:1: Premature end of file.
2026-03-29 17:21:31,634 [ERROR] LogOutputStream:75 - [STDERR_REDIRECT] 
2026-03-29 17:21:32,640 [ERROR] LogOutputStream:75 - [STDERR_REDIRECT] [Fatal Error] :1:1: Premature end of file.
2026-03-29 17:21:32,640 [ERROR] LogOutputStream:75 - [STDERR_REDIRECT] 
2026-03-29 17:21:33,634 [ERROR] LogOutputStream:75 - [STDERR_REDIRECT] [Fatal Error] :1:1: Premature end of file.
2026-03-29 17:21:33,634 [ERROR] LogOutputStream:75 - [STDERR_REDIRECT] 
2026-03-29 17:21:34,639 [ERROR] LogOutputStream:75 - [STDERR_REDIRECT] [Fatal Error] :1:1: Premature end of file.
2026-03-29 17:21:34,639 [ERROR] LogOutputStream:75 - [STDERR_REDIRECT] 
2026-03-29 17:21:35,637 [ERROR] LogOutputStream:75 - [STDERR_REDIRECT] [Fatal Error] :1:1: Premature end of file.
2026-03-29 17:21:35,637 [ERROR] LogOutputStream:75 - [STDERR_REDIRECT] 
2026-03-29 17:21:36,639 [ERROR] LogOutputStream:75 - [STDERR_REDIRECT] [Fatal Error] :1:1: Premature end of file.
2026-03-29 17:21:36,639 [ERROR] LogOutputStream:75 - [STDERR_REDIRECT] 
2026-03-29 17:21:37,633 [ERROR] LogOutputStream:75 - [STDERR_REDIRECT] [Fatal Error] :1:1: Premature end of file.
2026-03-29 17:21:37,633 [ERROR] LogOutputStream:75 - [STDERR_REDIRECT] 
2026-03-29 17:21:38,632 [ERROR] LogOutputStream:75 - [STDERR_REDIRECT] [Fatal Error] :1:1: Premature end of file.
2026-03-29 17:21:38,633 [ERROR] LogOutputStream:75 - [STDERR_REDIRECT] 
2026-03-29 17:21:39,641 [ERROR] LogOutputStream:75 - [STDERR_REDIRECT] [Fatal Error] :1:1: Premature end of file.
2026-03-29 17:21:39,641 [ERROR] LogOutputStream:75 - [STDERR_REDIRECT] 
2026-03-29 17:21:40,642 [ERROR] LogOutputStream:75 - [STDERR_REDIRECT] [Fatal Error] :1:1: Premature end of file.
2026-03-29 17:21:40,642 [ERROR] LogOutputStream:75 - [STDERR_REDIRECT] 
2026-03-29 17:21:41,627 [ERROR] LogOutputStream:75 - [STDERR_REDIRECT] [Fatal Error] :1:1: Premature end of file.
2026-03-29 17:21:41,627 [ERROR] LogOutputStream:75 - [STDERR_REDIRECT] 
2026-03-29 17:21:42,631 [ERROR] LogOutputStream:75 - [STDERR_REDIRECT] [Fatal Error] :1:1: Premature end of file.
2026-03-29 17:21:42,631 [ERROR] LogOutputStream:75 - [STDERR_REDIRECT] 
2026-03-29 17:21:43,645 [ERROR] LogOutputStream:75 - [STDERR_REDIRECT] [Fatal Error] :1:1: Premature end of file.
2026-03-29 17:21:43,645 [ERROR] LogOutputStream:75 - [STDERR_REDIRECT] 
2026-03-29 17:21:44,665 [ERROR] LogOutputStream:75 - [STDERR_REDIRECT] [Fatal Error] :1:1: Premature end of file.
2026-03-29 17:21:44,665 [ERROR] LogOutputStream:75 - [STDERR_REDIRECT] 
2026-03-29 17:21:45,630 [ERROR] LogOutputStream:75 - [STDERR_REDIRECT] [Fatal Error] :1:1: Premature end of file.
2026-03-29 17:21:45,630 [ERROR] LogOutputStream:75 - [STDERR_REDIRECT] 
2026-03-29 17:21:46,630 [ERROR] LogOutputStream:75 - [STDERR_REDIRECT] [Fatal Error] :1:1: Premature end of file.
2026-03-29 17:21:46,630 [ERROR] LogOutputStream:75 - [STDERR_REDIRECT] 
2026-03-29 17:21:47,631 [ERROR] LogOutputStream:75 - [STDERR_REDIRECT] [Fatal Error] :1:1: Premature end of file.
2026-03-29 17:21:47,632 [ERROR] LogOutputStream:75 - [STDERR_REDIRECT] 
2026-03-29 17:21:48,636 [ERROR] LogOutputStream:75 - [STDERR_REDIRECT] [Fatal Error] :1:1: Premature end of file.
2026-03-29 17:21:48,637 [ERROR] LogOutputStream:75 - [STDERR_REDIRECT] 
2026-03-29 17:21:49,628 [ERROR] LogOutputStream:75 - [STDERR_REDIRECT] [Fatal Error] :1:1: Premature end of file.
2026-03-29 17:21:49,629 [ERROR] LogOutputStream:75 - [STDERR_REDIRECT] 
2026-03-29 17:21:50,627 [ERROR] LogOutputStream:75 - [STDERR_REDIRECT] [Fatal Error] :1:1: Premature end of file.
2026-03-29 17:21:50,629 [ERROR] LogOutputStream:75 - [STDERR_REDIRECT] 
2026-03-29 17:21:51,631 [ERROR] LogOutputStream:75 - [STDERR_REDIRECT] [Fatal Error] :1:1: Premature end of file.
2026-03-29 17:21:51,631 [ERROR] LogOutputStream:75 - [STDERR_REDIRECT] 
2026-03-29 17:21:52,630 [ERROR] LogOutputStream:75 - [STDERR_REDIRECT] [Fatal Error] :1:1: Premature end of file.
2026-03-29 17:21:52,630 [ERROR] LogOutputStream:75 - [STDERR_REDIRECT] 
2026-03-29 17:21:54,315 [ERROR] LogOutputStream:75 - [STDERR_REDIRECT] [Fatal Error] :1:1: Premature end of file.
2026-03-29 17:21:54,315 [ERROR] LogOutputStream:75 - [STDERR_REDIRECT] 
2026-03-29 17:21:54,675 [ERROR] LogOutputStream:75 - [STDERR_REDIRECT] [Fatal Error] :1:1: Premature end of file.
2026-03-29 17:21:54,676 [ERROR] LogOutputStream:75 - [STDERR_REDIRECT] 
2026-03-29 17:21:55,641 [ERROR] LogOutputStream:75 - [STDERR_REDIRECT] [Fatal Error] :1:1: Premature end of file.
2026-03-29 17:21:55,641 [ERROR] LogOutputStream:75 - [STDERR_REDIRECT] 
2026-03-29 17:21:56,684 [ERROR] LogOutputStream:75 - [STDERR_REDIRECT] [Fatal Error] :1:1: Premature end of file.
2026-03-29 17:21:56,684 [ERROR] LogOutputStream:75 - [STDERR_REDIRECT] 
2026-03-29 17:21:57,659 [ERROR] LogOutputStream:75 - [STDERR_REDIRECT] [Fatal Error] :1:1: Premature end of file.
2026-03-29 17:21:57,659 [ERROR] LogOutputStream:75 - [STDERR_REDIRECT] 
2026-03-29 17:21:58,648 [ERROR] LogOutputStream:75 - [STDERR_REDIRECT] [Fatal Error] :1:1: Premature end of file.
2026-03-29 17:21:58,649 [ERROR] LogOutputStream:75 - [STDERR_REDIRECT] 
2026-03-29 17:21:59,647 [ERROR] LogOutputStream:75 - [STDERR_REDIRECT] [Fatal Error] :1:1: Premature end of file.
2026-03-29 17:21:59,647 [ERROR] LogOutputStream:75 - [STDERR_REDIRECT] 
2026-03-29 17:22:00,657 [ERROR] LogOutputStream:75 - [STDERR_REDIRECT] [Fatal Error] :1:1: Premature end of file.
2026-03-29 17:22:00,657 [ERROR] LogOutputStream:75 - [STDERR_REDIRECT] 
2026-03-29 17:22:01,642 [ERROR] LogOutputStream:75 - [STDERR_REDIRECT] [Fatal Error] :1:1: Premature end of file.
2026-03-29 17:22:01,642 [ERROR] LogOutputStream:75 - [STDERR_REDIRECT] 
2026-03-29 17:22:02,671 [ERROR] LogOutputStream:75 - [STDERR_REDIRECT] [Fatal Error] :1:1: Premature end of file.
2026-03-29 17:22:02,672 [ERROR] LogOutputStream:75 - [STDERR_REDIRECT] 
2026-03-29 17:22:03,664 [ERROR] LogOutputStream:75 - [STDERR_REDIRECT] [Fatal Error] :1:1: Premature end of file.
2026-03-29 17:22:03,664 [ERROR] LogOutputStream:75 - [STDERR_REDIRECT] 
2026-03-29 17:22:04,634 [ERROR] LogOutputStream:75 - [STDERR_REDIRECT] [Fatal Error] :1:1: Premature end of file.
2026-03-29 17:22:04,634 [ERROR] LogOutputStream:75 - [STDERR_REDIRECT] 
2026-03-29 17:22:05,628 [ERROR] LogOutputStream:75 - [STDERR_REDIRECT] [Fatal Error] :1:1: Premature end of file.
2026-03-29 17:22:05,628 [ERROR] LogOutputStream:75 - [STDERR_REDIRECT] 
2026-03-29 17:22:06,630 [ERROR] LogOutputStream:75 - [STDERR_REDIRECT] [Fatal Error] :1:1: Premature end of file.
2026-03-29 17:22:06,631 [ERROR] LogOutputStream:75 - [STDERR_REDIRECT] 
2026-03-29 17:22:07,631 [ERROR] LogOutputStream:75 - [STDERR_REDIRECT] [Fatal Error] :1:1: Premature end of file.
2026-03-29 17:22:07,632 [ERROR] LogOutputStream:75 - [STDERR_REDIRECT] 
2026-03-29 17:22:08,627 [ERROR] LogOutputStream:75 - [STDERR_REDIRECT] [Fatal Error] :1:1: Premature end of file.
2026-03-29 17:22:08,627 [ERROR] LogOutputStream:75 - [STDERR_REDIRECT] 
2026-03-29 17:22:09,630 [ERROR] LogOutputStream:75 - [STDERR_REDIRECT] [Fatal Error] :1:1: Premature end of file.
2026-03-29 17:22:09,630 [ERROR] LogOutputStream:75 - [STDERR_REDIRECT] 
2026-03-29 17:22:10,634 [ERROR] LogOutputStream:75 - [STDERR_REDIRECT] [Fatal Error] :1:1: Premature end of file.
2026-03-29 17:22:10,634 [ERROR] LogOutputStream:75 - [STDERR_REDIRECT] 
2026-03-29 17:22:11,652 [ERROR] LogOutputStream:75 - [STDERR_REDIRECT] [Fatal Error] :1:1: Premature end of file.
2026-03-29 17:22:11,652 [ERROR] LogOutputStream:75 - [STDERR_REDIRECT] 
2026-03-29 17:22:12,644 [ERROR] LogOutputStream:75 - [STDERR_REDIRECT] [Fatal Error] :1:1: Premature end of file.
2026-03-29 17:22:12,644 [ERROR] LogOutputStream:75 - [STDERR_REDIRECT] 
2026-03-29 17:22:13,647 [ERROR] LogOutputStream:75 - [STDERR_REDIRECT] [Fatal Error] :1:1: Premature end of file.
2026-03-29 17:22:13,647 [ERROR] LogOutputStream:75 - [STDERR_REDIRECT] 
2026-03-29 17:22:14,628 [ERROR] LogOutputStream:75 - [STDERR_REDIRECT] [Fatal Error] :1:1: Premature end of file.
2026-03-29 17:22:14,629 [ERROR] LogOutputStream:75 - [STDERR_REDIRECT] 
2026-03-29 17:22:15,657 [ERROR] LogOutputStream:75 - [STDERR_REDIRECT] [Fatal Error] :1:1: Premature end of file.
2026-03-29 17:22:15,658 [ERROR] LogOutputStream:75 - [STDERR_REDIRECT] 
2026-03-29 17:22:16,639 [ERROR] LogOutputStream:75 - [STDERR_REDIRECT] [Fatal Error] :1:1: Premature end of file.
2026-03-29 17:22:16,640 [ERROR] LogOutputStream:75 - [STDERR_REDIRECT] 
2026-03-29 17:22:17,653 [ERROR] LogOutputStream:75 - [STDERR_REDIRECT] [Fatal Error] :1:1: Premature end of file.
2026-03-29 17:22:17,653 [ERROR] LogOutputStream:75 - [STDERR_REDIRECT] 
2026-03-29 17:22:18,636 [ERROR] LogOutputStream:75 - [STDERR_REDIRECT] [Fatal Error] :1:1: Premature end of file.
2026-03-29 17:22:18,636 [ERROR] LogOutputStream:75 - [STDERR_REDIRECT] 
2026-03-29 17:22:19,628 [ERROR] LogOutputStream:75 - [STDERR_REDIRECT] [Fatal Error] :1:1: Premature end of file.
2026-03-29 17:22:19,630 [ERROR] LogOutputStream:75 - [STDERR_REDIRECT] 
2026-03-29 17:22:20,629 [ERROR] LogOutputStream:75 - [STDERR_REDIRECT] [Fatal Error] :1:1: Premature end of file.
2026-03-29 17:22:20,631 [ERROR] LogOutputStream:75 - [STDERR_REDIRECT] 
2026-03-29 17:22:21,627 [ERROR] LogOutputStream:75 - [STDERR_REDIRECT] [Fatal Error] :1:1: Premature end of file.
2026-03-29 17:22:21,627 [ERROR] LogOutputStream:75 - [STDERR_REDIRECT] 
2026-03-29 17:22:22,632 [ERROR] LogOutputStream:75 - [STDERR_REDIRECT] [Fatal Error] :1:1: Premature end of file.
2026-03-29 17:22:22,632 [ERROR] LogOutputStream:75 - [STDERR_REDIRECT] 
2026-03-29 17:22:23,632 [ERROR] LogOutputStream:75 - [STDERR_REDIRECT] [Fatal Error] :1:1: Premature end of file.
2026-03-29 17:22:23,632 [ERROR] LogOutputStream:75 - [STDERR_REDIRECT] 
2026-03-29 17:22:24,628 [ERROR] LogOutputStream:75 - [STDERR_REDIRECT] [Fatal Error] :1:1: Premature end of file.
2026-03-29 17:22:24,628 [ERROR] LogOutputStream:75 - [STDERR_REDIRECT] 
2026-03-29 17:22:25,644 [ERROR] LogOutputStream:75 - [STDERR_REDIRECT] [Fatal Error] :1:1: Premature end of file.
2026-03-29 17:22:25,644 [ERROR] LogOutputStream:75 - [STDERR_REDIRECT] 
2026-03-29 17:22:26,633 [ERROR] LogOutputStream:75 - [STDERR_REDIRECT] [Fatal Error] :1:1: Premature end of file.
2026-03-29 17:22:26,633 [ERROR] LogOutputStream:75 - [STDERR_REDIRECT] 
2026-03-29 17:22:27,639 [ERROR] LogOutputStream:75 - [STDERR_REDIRECT] [Fatal Error] :1:1: Premature end of file.
2026-03-29 17:22:27,639 [ERROR] LogOutputStream:75 - [STDERR_REDIRECT] 
2026-03-29 17:22:28,630 [ERROR] LogOutputStream:75 - [STDERR_REDIRECT] [Fatal Error] :1:1: Premature end of file.
2026-03-29 17:22:28,630 [ERROR] LogOutputStream:75 - [STDERR_REDIRECT] 
2026-03-29 17:22:29,629 [ERROR] LogOutputStream:75 - [STDERR_REDIRECT] [Fatal Error] :1:1: Premature end of file.
2026-03-29 17:22:29,630 [ERROR] LogOutputStream:75 - [STDERR_REDIRECT] 
2026-03-29 17:22:30,627 [ERROR] LogOutputStream:75 - [STDERR_REDIRECT] [Fatal Error] :1:1: Premature end of file.
2026-03-29 17:22:30,627 [ERROR] LogOutputStream:75 - [STDERR_REDIRECT] 
2026-03-29 17:22:31,629 [ERROR] LogOutputStream:75 - [STDERR_REDIRECT] [Fatal Error] :1:1: Premature end of file.
2026-03-29 17:22:31,630 [ERROR] LogOutputStream:75 - [STDERR_REDIRECT] 
2026-03-29 17:22:32,629 [ERROR] LogOutputStream:75 - [STDERR_REDIRECT] [Fatal Error] :1:1: Premature end of file.
2026-03-29 17:22:32,630 [ERROR] LogOutputStream:75 - [STDERR_REDIRECT] 
2026-03-29 17:22:33,628 [ERROR] LogOutputStream:75 - [STDERR_REDIRECT] [Fatal Error] :1:1: Premature end of file.
2026-03-29 17:22:33,629 [ERROR] LogOutputStream:75 - [STDERR_REDIRECT] 
2026-03-29 17:22:34,630 [ERROR] LogOutputStream:75 - [STDERR_REDIRECT] [Fatal Error] :1:1: Premature end of file.
2026-03-29 17:22:34,630 [ERROR] LogOutputStream:75 - [STDERR_REDIRECT] 
2026-03-29 17:22:35,635 [ERROR] LogOutputStream:75 - [STDERR_REDIRECT] [Fatal Error] :1:1: Premature end of file.
2026-03-29 17:22:35,635 [ERROR] LogOutputStream:75 - [STDERR_REDIRECT] 
2026-03-29 17:22:36,631 [ERROR] LogOutputStream:75 - [STDERR_REDIRECT] [Fatal Error] :1:1: Premature end of file.
2026-03-29 17:22:36,631 [ERROR] LogOutputStream:75 - [STDERR_REDIRECT] 
2026-03-29 17:22:37,646 [ERROR] LogOutputStream:75 - [STDERR_REDIRECT] [Fatal Error] :1:1: Premature end of file.
2026-03-29 17:22:37,646 [ERROR] LogOutputStream:75 - [STDERR_REDIRECT] 
2026-03-29 17:22:38,643 [ERROR] LogOutputStream:75 - [STDERR_REDIRECT] [Fatal Error] :1:1: Premature end of file.
2026-03-29 17:22:38,643 [ERROR] LogOutputStream:75 - [STDERR_REDIRECT] 
2026-03-29 17:22:39,634 [ERROR] LogOutputStream:75 - [STDERR_REDIRECT] [Fatal Error] :1:1: Premature end of file.
2026-03-29 17:22:39,634 [ERROR] LogOutputStream:75 - [STDERR_REDIRECT] 
2026-03-29 17:22:40,638 [ERROR] LogOutputStream:75 - [STDERR_REDIRECT] [Fatal Error] :1:1: Premature end of file.
2026-03-29 17:22:40,638 [ERROR] LogOutputStream:75 - [STDERR_REDIRECT] 
2026-03-29 17:22:41,630 [ERROR] LogOutputStream:75 - [STDERR_REDIRECT] [Fatal Error] :1:1: Premature end of file.
2026-03-29 17:22:41,631 [ERROR] LogOutputStream:75 - [STDERR_REDIRECT] 
2026-03-29 17:22:42,628 [ERROR] LogOutputStream:75 - [STDERR_REDIRECT] [Fatal Error] :1:1: Premature end of file.
2026-03-29 17:22:42,628 [ERROR] LogOutputStream:75 - [STDERR_REDIRECT] 
2026-03-29 17:22:43,645 [ERROR] LogOutputStream:75 - [STDERR_REDIRECT] [Fatal Error] :1:1: Premature end of file.
2026-03-29 17:22:43,645 [ERROR] LogOutputStream:75 - [STDERR_REDIRECT] 
2026-03-29 17:22:44,645 [ERROR] LogOutputStream:75 - [STDERR_REDIRECT] [Fatal Error] :1:1: Premature end of file.
2026-03-29 17:22:44,647 [ERROR] LogOutputStream:75 - [STDERR_REDIRECT] 
2026-03-29 17:22:45,642 [ERROR] LogOutputStream:75 - [STDERR_REDIRECT] [Fatal Error] :1:1: Premature end of file.
2026-03-29 17:22:45,642 [ERROR] LogOutputStream:75 - [STDERR_REDIRECT] 
2026-03-29 17:22:46,642 [ERROR] LogOutputStream:75 - [STDERR_REDIRECT] [Fatal Error] :1:1: Premature end of file.
2026-03-29 17:22:46,642 [ERROR] LogOutputStream:75 - [STDERR_REDIRECT] 
2026-03-29 17:22:47,639 [ERROR] LogOutputStream:75 - [STDERR_REDIRECT] [Fatal Error] :1:1: Premature end of file.
2026-03-29 17:22:47,640 [ERROR] LogOutputStream:75 - [STDERR_REDIRECT] 
2026-03-29 17:22:48,638 [ERROR] LogOutputStream:75 - [STDERR_REDIRECT] [Fatal Error] :1:1: Premature end of file.
2026-03-29 17:22:48,638 [ERROR] LogOutputStream:75 - [STDERR_REDIRECT] 
2026-03-29 17:22:49,627 [ERROR] LogOutputStream:75 - [STDERR_REDIRECT] [Fatal Error] :1:1: Premature end of file.
2026-03-29 17:22:49,628 [ERROR] LogOutputStream:75 - [STDERR_REDIRECT] 
2026-03-29 17:22:50,630 [ERROR] LogOutputStream:75 - [STDERR_REDIRECT] [Fatal Error] :1:1: Premature end of file.
2026-03-29 17:22:50,630 [ERROR] LogOutputStream:75 - [STDERR_REDIRECT] 
2026-03-29 17:22:51,638 [ERROR] LogOutputStream:75 - [STDERR_REDIRECT] [Fatal Error] :1:1: Premature end of file.
2026-03-29 17:22:51,638 [ERROR] LogOutputStream:75 - [STDERR_REDIRECT] 
2026-03-29 17:22:52,639 [ERROR] LogOutputStream:75 - [STDERR_REDIRECT] [Fatal Error] :1:1: Premature end of file.
2026-03-29 17:22:52,639 [ERROR] LogOutputStream:75 - [STDERR_REDIRECT] 
2026-03-29 17:22:53,647 [ERROR] LogOutputStream:75 - [STDERR_REDIRECT] [Fatal Error] :1:1: Premature end of file.
2026-03-29 17:22:53,647 [ERROR] LogOutputStream:75 - [STDERR_REDIRECT] 
2026-03-29 17:22:54,645 [ERROR] LogOutputStream:75 - [STDERR_REDIRECT] [Fatal Error] :1:1: Premature end of file.
2026-03-29 17:22:54,645 [ERROR] LogOutputStream:75 - [STDERR_REDIRECT] 
2026-03-29 17:22:55,632 [ERROR] LogOutputStream:75 - [STDERR_REDIRECT] [Fatal Error] :1:1: Premature end of file.
2026-03-29 17:22:55,633 [ERROR] LogOutputStream:75 - [STDERR_REDIRECT] 
2026-03-29 17:22:56,647 [ERROR] LogOutputStream:75 - [STDERR_REDIRECT] [Fatal Error] :1:1: Premature end of file.
2026-03-29 17:22:56,647 [ERROR] LogOutputStream:75 - [STDERR_REDIRECT] 
2026-03-29 17:22:57,658 [ERROR] LogOutputStream:75 - [STDERR_REDIRECT] [Fatal Error] :1:1: Premature end of file.
2026-03-29 17:22:57,658 [ERROR] LogOutputStream:75 - [STDERR_REDIRECT] 
2026-03-29 17:22:58,641 [ERROR] LogOutputStream:75 - [STDERR_REDIRECT] [Fatal Error] :1:1: Premature end of file.
2026-03-29 17:22:58,641 [ERROR] LogOutputStream:75 - [STDERR_REDIRECT] 
2026-03-29 17:22:59,641 [ERROR] LogOutputStream:75 - [STDERR_REDIRECT] [Fatal Error] :1:1: Premature end of file.
2026-03-29 17:22:59,641 [ERROR] LogOutputStream:75 - [STDERR_REDIRECT] 
2026-03-29 17:23:00,627 [ERROR] LogOutputStream:75 - [STDERR_REDIRECT] [Fatal Error] :1:1: Premature end of file.
2026-03-29 17:23:00,627 [ERROR] LogOutputStream:75 - [STDERR_REDIRECT] 
2026-03-29 17:23:01,627 [ERROR] LogOutputStream:75 - [STDERR_REDIRECT] [Fatal Error] :1:1: Premature end of file.
2026-03-29 17:23:01,627 [ERROR] LogOutputStream:75 - [STDERR_REDIRECT] 
2026-03-29 17:23:02,630 [ERROR] LogOutputStream:75 - [STDERR_REDIRECT] [Fatal Error] :1:1: Premature end of file.
2026-03-29 17:23:02,631 [ERROR] LogOutputStream:75 - [STDERR_REDIRECT] 
2026-03-29 17:23:03,629 [ERROR] LogOutputStream:75 - [STDERR_REDIRECT] [Fatal Error] :1:1: Premature end of file.
2026-03-29 17:23:03,629 [ERROR] LogOutputStream:75 - [STDERR_REDIRECT] 
2026-03-29 17:23:04,640 [ERROR] LogOutputStream:75 - [STDERR_REDIRECT] [Fatal Error] :1:1: Premature end of file.
2026-03-29 17:23:04,640 [ERROR] LogOutputStream:75 - [STDERR_REDIRECT] 
2026-03-29 17:23:05,637 [ERROR] LogOutputStream:75 - [STDERR_REDIRECT] [Fatal Error] :1:1: Premature end of file.
2026-03-29 17:23:05,637 [ERROR] LogOutputStream:75 - [STDERR_REDIRECT] 
2026-03-29 17:23:06,640 [ERROR] LogOutputStream:75 - [STDERR_REDIRECT] [Fatal Error] :1:1: Premature end of file.
2026-03-29 17:23:06,640 [ERROR] LogOutputStream:75 - [STDERR_REDIRECT] 
2026-03-29 17:23:07,824 [ERROR] LogOutputStream:75 - [STDERR_REDIRECT] [Fatal Error] :1:1: Premature end of file.
2026-03-29 17:23:07,824 [ERROR] LogOutputStream:75 - [STDERR_REDIRECT] 
2026-03-29 17:23:08,645 [ERROR] LogOutputStream:75 - [STDERR_REDIRECT] [Fatal Error] :1:1: Premature end of file.
2026-03-29 17:23:08,645 [ERROR] LogOutputStream:75 - [STDERR_REDIRECT] 
2026-03-29 17:23:09,641 [ERROR] LogOutputStream:75 - [STDERR_REDIRECT] [Fatal Error] :1:1: Premature end of file.
2026-03-29 17:23:09,641 [ERROR] LogOutputStream:75 - [STDERR_REDIRECT] 
2026-03-29 17:23:10,637 [ERROR] LogOutputStream:75 - [STDERR_REDIRECT] [Fatal Error] :1:1: Premature end of file.
2026-03-29 17:23:10,637 [ERROR] LogOutputStream:75 - [STDERR_REDIRECT] 
2026-03-29 17:23:11,638 [ERROR] LogOutputStream:75 - [STDERR_REDIRECT] [Fatal Error] :1:1: Premature end of file.
2026-03-29 17:23:11,638 [ERROR] LogOutputStream:75 - [STDERR_REDIRECT] 
2026-03-29 17:23:12,643 [ERROR] LogOutputStream:75 - [STDERR_REDIRECT] [Fatal Error] :1:1: Premature end of file.
2026-03-29 17:23:12,643 [ERROR] LogOutputStream:75 - [STDERR_REDIRECT] 
2026-03-29 17:23:13,629 [ERROR] LogOutputStream:75 - [STDERR_REDIRECT] [Fatal Error] :1:1: Premature end of file.
2026-03-29 17:23:13,631 [ERROR] LogOutputStream:75 - [STDERR_REDIRECT] 
2026-03-29 17:23:14,633 [ERROR] LogOutputStream:75 - [STDERR_REDIRECT] [Fatal Error] :1:1: Premature end of file.
2026-03-29 17:23:14,633 [ERROR] LogOutputStream:75 - [STDERR_REDIRECT] 
2026-03-29 17:23:15,640 [ERROR] LogOutputStream:75 - [STDERR_REDIRECT] [Fatal Error] :1:1: Premature end of file.
2026-03-29 17:23:15,640 [ERROR] LogOutputStream:75 - [STDERR_REDIRECT] 
2026-03-29 17:23:16,782 [ERROR] LogOutputStream:75 - [STDERR_REDIRECT] [Fatal Error] :1:1: Premature end of file.
2026-03-29 17:23:16,782 [ERROR] LogOutputStream:75 - [STDERR_REDIRECT] 
2026-03-29 17:23:17,634 [ERROR] LogOutputStream:75 - [STDERR_REDIRECT] [Fatal Error] :1:1: Premature end of file.
2026-03-29 17:23:17,634 [ERROR] LogOutputStream:75 - [STDERR_REDIRECT] 
2026-03-29 17:23:18,634 [ERROR] LogOutputStream:75 - [STDERR_REDIRECT] [Fatal Error] :1:1: Premature end of file.
2026-03-29 17:23:18,634 [ERROR] LogOutputStream:75 - [STDERR_REDIRECT] 
2026-03-29 17:23:19,632 [ERROR] LogOutputStream:75 - [STDERR_REDIRECT] [Fatal Error] :1:1: Premature end of file.
2026-03-29 17:23:19,632 [ERROR] LogOutputStream:75 - [STDERR_REDIRECT] 
2026-03-29 17:23:20,649 [ERROR] LogOutputStream:75 - [STDERR_REDIRECT] [Fatal Error] :1:1: Premature end of file.
2026-03-29 17:23:20,649 [ERROR] LogOutputStream:75 - [STDERR_REDIRECT] 
2026-03-29 17:23:21,642 [ERROR] LogOutputStream:75 - [STDERR_REDIRECT] [Fatal Error] :1:1: Premature end of file.
2026-03-29 17:23:21,642 [ERROR] LogOutputStream:75 - [STDERR_REDIRECT] 
2026-03-29 17:23:22,637 [ERROR] LogOutputStream:75 - [STDERR_REDIRECT] [Fatal Error] :1:1: Premature end of file.
2026-03-29 17:23:22,638 [ERROR] LogOutputStream:75 - [STDERR_REDIRECT] 
2026-03-29 17:23:23,638 [ERROR] LogOutputStream:75 - [STDERR_REDIRECT] [Fatal Error] :1:1: Premature end of file.
2026-03-29 17:23:23,639 [ERROR] LogOutputStream:75 - [STDERR_REDIRECT] 
2026-03-29 17:23:24,639 [ERROR] LogOutputStream:75 - [STDERR_REDIRECT] [Fatal Error] :1:1: Premature end of file.
2026-03-29 17:23:24,639 [ERROR] LogOutputStream:75 - [STDERR_REDIRECT] 
2026-03-29 17:23:25,636 [ERROR] LogOutputStream:75 - [STDERR_REDIRECT] [Fatal Error] :1:1: Premature end of file.
2026-03-29 17:23:25,636 [ERROR] LogOutputStream:75 - [STDERR_REDIRECT] 
2026-03-29 17:23:26,642 [ERROR] LogOutputStream:75 - [STDERR_REDIRECT] [Fatal Error] :1:1: Premature end of file.
2026-03-29 17:23:26,643 [ERROR] LogOutputStream:75 - [STDERR_REDIRECT] 
2026-03-29 17:23:27,662 [ERROR] LogOutputStream:75 - [STDERR_REDIRECT] [Fatal Error] :1:1: Premature end of file.
2026-03-29 17:23:27,662 [ERROR] LogOutputStream:75 - [STDERR_REDIRECT] 
2026-03-29 17:23:28,643 [ERROR] LogOutputStream:75 - [STDERR_REDIRECT] [Fatal Error] :1:1: Premature end of file.
2026-03-29 17:23:28,643 [ERROR] LogOutputStream:75 - [STDERR_REDIRECT] 
2026-03-29 17:23:29,639 [ERROR] LogOutputStream:75 - [STDERR_REDIRECT] [Fatal Error] :1:1: Premature end of file.
2026-03-29 17:23:29,639 [ERROR] LogOutputStream:75 - [STDERR_REDIRECT] 
2026-03-29 17:23:30,639 [ERROR] LogOutputStream:75 - [STDERR_REDIRECT] [Fatal Error] :1:1: Premature end of file.
2026-03-29 17:23:30,639 [ERROR] LogOutputStream:75 - [STDERR_REDIRECT] 
2026-03-29 17:23:31,631 [ERROR] LogOutputStream:75 - [STDERR_REDIRECT] [Fatal Error] :1:1: Premature end of file.
2026-03-29 17:23:31,632 [ERROR] LogOutputStream:75 - [STDERR_REDIRECT] 
2026-03-29 17:23:32,633 [ERROR] LogOutputStream:75 - [STDERR_REDIRECT] [Fatal Error] :1:1: Premature end of file.
2026-03-29 17:23:32,634 [ERROR] LogOutputStream:75 - [STDERR_REDIRECT] 
2026-03-29 17:23:33,643 [ERROR] LogOutputStream:75 - [STDERR_REDIRECT] [Fatal Error] :1:1: Premature end of file.
2026-03-29 17:23:33,643 [ERROR] LogOutputStream:75 - [STDERR_REDIRECT] 
2026-03-29 17:23:34,641 [ERROR] LogOutputStream:75 - [STDERR_REDIRECT] [Fatal Error] :1:1: Premature end of file.
2026-03-29 17:23:34,641 [ERROR] LogOutputStream:75 - [STDERR_REDIRECT] 
2026-03-29 17:23:35,629 [ERROR] LogOutputStream:75 - [STDERR_REDIRECT] [Fatal Error] :1:1: Premature end of file.
2026-03-29 17:23:35,630 [ERROR] LogOutputStream:75 - [STDERR_REDIRECT] 
2026-03-29 17:23:36,632 [ERROR] LogOutputStream:75 - [STDERR_REDIRECT] [Fatal Error] :1:1: Premature end of file.
2026-03-29 17:23:36,633 [ERROR] LogOutputStream:75 - [STDERR_REDIRECT] 
2026-03-29 17:23:37,633 [ERROR] LogOutputStream:75 - [STDERR_REDIRECT] [Fatal Error] :1:1: Premature end of file.
2026-03-29 17:23:37,633 [ERROR] LogOutputStream:75 - [STDERR_REDIRECT] 
2026-03-29 17:23:38,673 [ERROR] LogOutputStream:75 - [STDERR_REDIRECT] [Fatal Error] :1:1: Premature end of file.
2026-03-29 17:23:38,673 [ERROR] LogOutputStream:75 - [STDERR_REDIRECT] 
2026-03-29 17:23:39,632 [ERROR] LogOutputStream:75 - [STDERR_REDIRECT] [Fatal Error] :1:1: Premature end of file.
2026-03-29 17:23:39,632 [ERROR] LogOutputStream:75 - [STDERR_REDIRECT] 
2026-03-29 17:23:40,632 [ERROR] LogOutputStream:75 - [STDERR_REDIRECT] [Fatal Error] :1:1: Premature end of file.
2026-03-29 17:23:40,632 [ERROR] LogOutputStream:75 - [STDERR_REDIRECT] 
2026-03-29 17:23:41,651 [ERROR] LogOutputStream:75 - [STDERR_REDIRECT] [Fatal Error] :1:1: Premature end of file.
2026-03-29 17:23:41,655 [ERROR] LogOutputStream:75 - [STDERR_REDIRECT] 
2026-03-29 17:23:42,637 [ERROR] LogOutputStream:75 - [STDERR_REDIRECT] [Fatal Error] :1:1: Premature end of file.
2026-03-29 17:23:42,637 [ERROR] LogOutputStream:75 - [STDERR_REDIRECT] 
2026-03-29 17:23:43,637 [ERROR] LogOutputStream:75 - [STDERR_REDIRECT] [Fatal Error] :1:1: Premature end of file.
2026-03-29 17:23:43,637 [ERROR] LogOutputStream:75 - [STDERR_REDIRECT] 
2026-03-29 17:23:44,639 [ERROR] LogOutputStream:75 - [STDERR_REDIRECT] [Fatal Error] :1:1: Premature end of file.
2026-03-29 17:23:44,639 [ERROR] LogOutputStream:75 - [STDERR_REDIRECT] 
2026-03-29 17:23:45,633 [ERROR] LogOutputStream:75 - [STDERR_REDIRECT] [Fatal Error] :1:1: Premature end of file.
2026-03-29 17:23:45,633 [ERROR] LogOutputStream:75 - [STDERR_REDIRECT] 
2026-03-29 17:23:46,635 [ERROR] LogOutputStream:75 - [STDERR_REDIRECT] [Fatal Error] :1:1: Premature end of file.
2026-03-29 17:23:46,635 [ERROR] LogOutputStream:75 - [STDERR_REDIRECT] 
2026-03-29 17:23:47,630 [ERROR] LogOutputStream:75 - [STDERR_REDIRECT] [Fatal Error] :1:1: Premature end of file.
2026-03-29 17:23:47,631 [ERROR] LogOutputStream:75 - [STDERR_REDIRECT] 
2026-03-29 17:23:48,636 [ERROR] LogOutputStream:75 - [STDERR_REDIRECT] [Fatal Error] :1:1: Premature end of file.
2026-03-29 17:23:48,636 [ERROR] LogOutputStream:75 - [STDERR_REDIRECT] 
2026-03-29 17:23:49,632 [ERROR] LogOutputStream:75 - [STDERR_REDIRECT] [Fatal Error] :1:1: Premature end of file.
2026-03-29 17:23:49,633 [ERROR] LogOutputStream:75 - [STDERR_REDIRECT] 
2026-03-29 17:23:50,628 [ERROR] LogOutputStream:75 - [STDERR_REDIRECT] [Fatal Error] :1:1: Premature end of file.
2026-03-29 17:23:50,629 [ERROR] LogOutputStream:75 - [STDERR_REDIRECT] 
2026-03-29 17:23:51,634 [ERROR] LogOutputStream:75 - [STDERR_REDIRECT] [Fatal Error] :1:1: Premature end of file.
2026-03-29 17:23:51,634 [ERROR] LogOutputStream:75 - [STDERR_REDIRECT] 
2026-03-29 17:23:52,642 [ERROR] LogOutputStream:75 - [STDERR_REDIRECT] [Fatal Error] :1:1: Premature end of file.
2026-03-29 17:23:52,642 [ERROR] LogOutputStream:75 - [STDERR_REDIRECT] 
2026-03-29 17:23:53,645 [ERROR] LogOutputStream:75 - [STDERR_REDIRECT] [Fatal Error] :1:1: Premature end of file.
2026-03-29 17:23:53,645 [ERROR] LogOutputStream:75 - [STDERR_REDIRECT] 
2026-03-29 17:23:54,646 [ERROR] LogOutputStream:75 - [STDERR_REDIRECT] [Fatal Error] :1:1: Premature end of file.
2026-03-29 17:23:54,646 [ERROR] LogOutputStream:75 - [STDERR_REDIRECT] 
2026-03-29 17:23:55,630 [ERROR] LogOutputStream:75 - [STDERR_REDIRECT] [Fatal Error] :1:1: Premature end of file.
2026-03-29 17:23:55,630 [ERROR] LogOutputStream:75 - [STDERR_REDIRECT] 
2026-03-29 17:23:56,634 [ERROR] LogOutputStream:75 - [STDERR_REDIRECT] [Fatal Error] :1:1: Premature end of file.
2026-03-29 17:23:56,634 [ERROR] LogOutputStream:75 - [STDERR_REDIRECT] 
2026-03-29 17:23:57,637 [ERROR] LogOutputStream:75 - [STDERR_REDIRECT] [Fatal Error] :1:1: Premature end of file.
2026-03-29 17:23:57,638 [ERROR] LogOutputStream:75 - [STDERR_REDIRECT] 
2026-03-29 17:23:58,633 [ERROR] LogOutputStream:75 - [STDERR_REDIRECT] [Fatal Error] :1:1: Premature end of file.
2026-03-29 17:23:58,633 [ERROR] LogOutputStream:75 - [STDERR_REDIRECT] 
2026-03-29 17:23:59,636 [ERROR] LogOutputStream:75 - [STDERR_REDIRECT] [Fatal Error] :1:1: Premature end of file.
2026-03-29 17:23:59,637 [ERROR] LogOutputStream:75 - [STDERR_REDIRECT] 
2026-03-29 17:24:00,637 [ERROR] LogOutputStream:75 - [STDERR_REDIRECT] [Fatal Error] :1:1: Premature end of file.
2026-03-29 17:24:00,637 [ERROR] LogOutputStream:75 - [STDERR_REDIRECT] 
2026-03-29 17:24:01,632 [ERROR] LogOutputStream:75 - [STDERR_REDIRECT] [Fatal Error] :1:1: Premature end of file.
2026-03-29 17:24:01,632 [ERROR] LogOutputStream:75 - [STDERR_REDIRECT] 
2026-03-29 17:24:02,633 [ERROR] LogOutputStream:75 - [STDERR_REDIRECT] [Fatal Error] :1:1: Premature end of file.
2026-03-29 17:24:02,633 [ERROR] LogOutputStream:75 - [STDERR_REDIRECT] 
2026-03-29 17:24:03,637 [ERROR] LogOutputStream:75 - [STDERR_REDIRECT] [Fatal Error] :1:1: Premature end of file.
2026-03-29 17:24:03,638 [ERROR] LogOutputStream:75 - [STDERR_REDIRECT] 
2026-03-29 17:24:04,647 [ERROR] LogOutputStream:75 - [STDERR_REDIRECT] [Fatal Error] :1:1: Premature end of file.
2026-03-29 17:24:04,647 [ERROR] LogOutputStream:75 - [STDERR_REDIRECT] 
2026-03-29 17:24:05,640 [ERROR] LogOutputStream:75 - [STDERR_REDIRECT] [Fatal Error] :1:1: Premature end of file.
2026-03-29 17:24:05,641 [ERROR] LogOutputStream:75 - [STDERR_REDIRECT] 
2026-03-29 17:24:06,632 [ERROR] LogOutputStream:75 - [STDERR_REDIRECT] [Fatal Error] :1:1: Premature end of file.
2026-03-29 17:24:06,633 [ERROR] LogOutputStream:75 - [STDERR_REDIRECT] 
2026-03-29 17:24:07,641 [ERROR] LogOutputStream:75 - [STDERR_REDIRECT] [Fatal Error] :1:1: Premature end of file.
2026-03-29 17:24:07,641 [ERROR] LogOutputStream:75 - [STDERR_REDIRECT] 
2026-03-29 17:24:08,633 [ERROR] LogOutputStream:75 - [STDERR_REDIRECT] [Fatal Error] :1:1: Premature end of file.
2026-03-29 17:24:08,633 [ERROR] LogOutputStream:75 - [STDERR_REDIRECT] 
2026-03-29 17:24:09,630 [ERROR] LogOutputStream:75 - [STDERR_REDIRECT] [Fatal Error] :1:1: Premature end of file.
2026-03-29 17:24:09,630 [ERROR] LogOutputStream:75 - [STDERR_REDIRECT] 
2026-03-29 17:24:10,635 [ERROR] LogOutputStream:75 - [STDERR_REDIRECT] [Fatal Error] :1:1: Premature end of file.
2026-03-29 17:24:10,636 [ERROR] LogOutputStream:75 - [STDERR_REDIRECT] 
2026-03-29 17:24:11,640 [ERROR] LogOutputStream:75 - [STDERR_REDIRECT] [Fatal Error] :1:1: Premature end of file.
2026-03-29 17:24:11,641 [ERROR] LogOutputStream:75 - [STDERR_REDIRECT] 
2026-03-29 17:24:12,638 [ERROR] LogOutputStream:75 - [STDERR_REDIRECT] [Fatal Error] :1:1: Premature end of file.
2026-03-29 17:24:12,638 [ERROR] LogOutputStream:75 - [STDERR_REDIRECT] 
2026-03-29 17:24:13,639 [ERROR] LogOutputStream:75 - [STDERR_REDIRECT] [Fatal Error] :1:1: Premature end of file.
2026-03-29 17:24:13,639 [ERROR] LogOutputStream:75 - [STDERR_REDIRECT] 
2026-03-29 17:24:14,630 [ERROR] LogOutputStream:75 - [STDERR_REDIRECT] [Fatal Error] :1:1: Premature end of file.
2026-03-29 17:24:14,630 [ERROR] LogOutputStream:75 - [STDERR_REDIRECT] 
2026-03-29 17:24:15,638 [ERROR] LogOutputStream:75 - [STDERR_REDIRECT] [Fatal Error] :1:1: Premature end of file.
2026-03-29 17:24:15,638 [ERROR] LogOutputStream:75 - [STDERR_REDIRECT] 
2026-03-29 17:24:16,636 [ERROR] LogOutputStream:75 - [STDERR_REDIRECT] [Fatal Error] :1:1: Premature end of file.
2026-03-29 17:24:16,637 [ERROR] LogOutputStream:75 - [STDERR_REDIRECT] 
2026-03-29 17:24:17,637 [ERROR] LogOutputStream:75 - [STDERR_REDIRECT] [Fatal Error] :1:1: Premature end of file.
2026-03-29 17:24:17,637 [ERROR] LogOutputStream:75 - [STDERR_REDIRECT] 
2026-03-29 17:24:18,638 [ERROR] LogOutputStream:75 - [STDERR_REDIRECT] [Fatal Error] :1:1: Premature end of file.
2026-03-29 17:24:18,638 [ERROR] LogOutputStream:75 - [STDERR_REDIRECT] 
2026-03-29 17:24:19,645 [ERROR] LogOutputStream:75 - [STDERR_REDIRECT] [Fatal Error] :1:1: Premature end of file.
2026-03-29 17:24:19,645 [ERROR] LogOutputStream:75 - [STDERR_REDIRECT] 
2026-03-29 17:24:20,630 [ERROR] LogOutputStream:75 - [STDERR_REDIRECT] [Fatal Error] :1:1: Premature end of file.
2026-03-29 17:24:20,630 [ERROR] LogOutputStream:75 - [STDERR_REDIRECT] 
2026-03-29 17:24:21,638 [ERROR] LogOutputStream:75 - [STDERR_REDIRECT] [Fatal Error] :1:1: Premature end of file.
2026-03-29 17:24:21,638 [ERROR] LogOutputStream:75 - [STDERR_REDIRECT] 
2026-03-29 17:24:22,644 [ERROR] LogOutputStream:75 - [STDERR_REDIRECT] [Fatal Error] :1:1: Premature end of file.
2026-03-29 17:24:22,644 [ERROR] LogOutputStream:75 - [STDERR_REDIRECT] 
2026-03-29 17:24:23,632 [ERROR] LogOutputStream:75 - [STDERR_REDIRECT] [Fatal Error] :1:1: Premature end of file.
2026-03-29 17:24:23,635 [ERROR] LogOutputStream:75 - [STDERR_REDIRECT] 
2026-03-29 17:24:24,637 [ERROR] LogOutputStream:75 - [STDERR_REDIRECT] [Fatal Error] :1:1: Premature end of file.
2026-03-29 17:24:24,637 [ERROR] LogOutputStream:75 - [STDERR_REDIRECT] 
2026-03-29 17:24:25,632 [ERROR] LogOutputStream:75 - [STDERR_REDIRECT] [Fatal Error] :1:1: Premature end of file.
2026-03-29 17:24:25,633 [ERROR] LogOutputStream:75 - [STDERR_REDIRECT] 
2026-03-29 17:24:26,742 [ERROR] LogOutputStream:75 - [STDERR_REDIRECT] [Fatal Error] :1:1: Premature end of file.
2026-03-29 17:24:26,743 [ERROR] LogOutputStream:75 - [STDERR_REDIRECT] 
2026-03-29 17:24:27,638 [ERROR] LogOutputStream:75 - [STDERR_REDIRECT] [Fatal Error] :1:1: Premature end of file.
2026-03-29 17:24:27,638 [ERROR] LogOutputStream:75 - [STDERR_REDIRECT] 
2026-03-29 17:24:28,640 [ERROR] LogOutputStream:75 - [STDERR_REDIRECT] [Fatal Error] :1:1: Premature end of file.
2026-03-29 17:24:28,640 [ERROR] LogOutputStream:75 - [STDERR_REDIRECT] 
2026-03-29 17:24:29,637 [ERROR] LogOutputStream:75 - [STDERR_REDIRECT] [Fatal Error] :1:1: Premature end of file.
2026-03-29 17:24:29,637 [ERROR] LogOutputStream:75 - [STDERR_REDIRECT] 
2026-03-29 17:24:30,627 [ERROR] LogOutputStream:75 - [STDERR_REDIRECT] [Fatal Error] :1:1: Premature end of file.
2026-03-29 17:24:30,628 [ERROR] LogOutputStream:75 - [STDERR_REDIRECT] 
2026-03-29 17:24:31,638 [ERROR] LogOutputStream:75 - [STDERR_REDIRECT] [Fatal Error] :1:1: Premature end of file.
2026-03-29 17:24:31,638 [ERROR] LogOutputStream:75 - [STDERR_REDIRECT] 
2026-03-29 17:24:32,635 [ERROR] LogOutputStream:75 - [STDERR_REDIRECT] [Fatal Error] :1:1: Premature end of file.
2026-03-29 17:24:32,635 [ERROR] LogOutputStream:75 - [STDERR_REDIRECT] 
2026-03-29 17:24:33,648 [ERROR] LogOutputStream:75 - [STDERR_REDIRECT] [Fatal Error] :1:1: Premature end of file.
2026-03-29 17:24:33,648 [ERROR] LogOutputStream:75 - [STDERR_REDIRECT] 
2026-03-29 17:24:34,632 [ERROR] LogOutputStream:75 - [STDERR_REDIRECT] [Fatal Error] :1:1: Premature end of file.
2026-03-29 17:24:34,632 [ERROR] LogOutputStream:75 - [STDERR_REDIRECT] 
2026-03-29 17:24:35,633 [ERROR] LogOutputStream:75 - [STDERR_REDIRECT] [Fatal Error] :1:1: Premature end of file.
2026-03-29 17:24:35,633 [ERROR] LogOutputStream:75 - [STDERR_REDIRECT] 
2026-03-29 17:24:36,628 [ERROR] LogOutputStream:75 - [STDERR_REDIRECT] [Fatal Error] :1:1: Premature end of file.
2026-03-29 17:24:36,628 [ERROR] LogOutputStream:75 - [STDERR_REDIRECT] 
2026-03-29 17:24:37,632 [ERROR] LogOutputStream:75 - [STDERR_REDIRECT] [Fatal Error] :1:1: Premature end of file.
2026-03-29 17:24:37,632 [ERROR] LogOutputStream:75 - [STDERR_REDIRECT] 
2026-03-29 17:24:38,636 [ERROR] LogOutputStream:75 - [STDERR_REDIRECT] [Fatal Error] :1:1: Premature end of file.
2026-03-29 17:24:38,638 [ERROR] LogOutputStream:75 - [STDERR_REDIRECT] 
2026-03-29 17:24:39,641 [ERROR] LogOutputStream:75 - [STDERR_REDIRECT] [Fatal Error] :1:1: Premature end of file.
2026-03-29 17:24:39,641 [ERROR] LogOutputStream:75 - [STDERR_REDIRECT] 
2026-03-29 17:24:40,639 [ERROR] LogOutputStream:75 - [STDERR_REDIRECT] [Fatal Error] :1:1: Premature end of file.
2026-03-29 17:24:40,639 [ERROR] LogOutputStream:75 - [STDERR_REDIRECT] 
2026-03-29 17:24:41,639 [ERROR] LogOutputStream:75 - [STDERR_REDIRECT] [Fatal Error] :1:1: Premature end of file.
2026-03-29 17:24:41,640 [ERROR] LogOutputStream:75 - [STDERR_REDIRECT] 
2026-03-29 17:24:42,640 [ERROR] LogOutputStream:75 - [STDERR_REDIRECT] [Fatal Error] :1:1: Premature end of file.
2026-03-29 17:24:42,640 [ERROR] LogOutputStream:75 - [STDERR_REDIRECT] 
2026-03-29 17:24:43,638 [ERROR] LogOutputStream:75 - [STDERR_REDIRECT] [Fatal Error] :1:1: Premature end of file.
2026-03-29 17:24:43,638 [ERROR] LogOutputStream:75 - [STDERR_REDIRECT] 
2026-03-29 17:24:44,641 [ERROR] LogOutputStream:75 - [STDERR_REDIRECT] [Fatal Error] :1:1: Premature end of file.
2026-03-29 17:24:44,641 [ERROR] LogOutputStream:75 - [STDERR_REDIRECT] 
2026-03-29 17:24:45,638 [ERROR] LogOutputStream:75 - [STDERR_REDIRECT] [Fatal Error] :1:1: Premature end of file.
2026-03-29 17:24:45,638 [ERROR] LogOutputStream:75 - [STDERR_REDIRECT] 
2026-03-29 17:24:46,638 [ERROR] LogOutputStream:75 - [STDERR_REDIRECT] [Fatal Error] :1:1: Premature end of file.
2026-03-29 17:24:46,638 [ERROR] LogOutputStream:75 - [STDERR_REDIRECT] 
2026-03-29 17:24:47,636 [ERROR] LogOutputStream:75 - [STDERR_REDIRECT] [Fatal Error] :1:1: Premature end of file.
2026-03-29 17:24:47,637 [ERROR] LogOutputStream:75 - [STDERR_REDIRECT] 
2026-03-29 17:24:48,630 [ERROR] LogOutputStream:75 - [STDERR_REDIRECT] [Fatal Error] :1:1: Premature end of file.
2026-03-29 17:24:48,630 [ERROR] LogOutputStream:75 - [STDERR_REDIRECT] 
2026-03-29 17:24:49,636 [ERROR] LogOutputStream:75 - [STDERR_REDIRECT] [Fatal Error] :1:1: Premature end of file.
2026-03-29 17:24:49,636 [ERROR] LogOutputStream:75 - [STDERR_REDIRECT] 
2026-03-29 17:24:50,638 [ERROR] LogOutputStream:75 - [STDERR_REDIRECT] [Fatal Error] :1:1: Premature end of file.
2026-03-29 17:24:50,638 [ERROR] LogOutputStream:75 - [STDERR_REDIRECT] 
2026-03-29 17:24:51,636 [ERROR] LogOutputStream:75 - [STDERR_REDIRECT] [Fatal Error] :1:1: Premature end of file.
2026-03-29 17:24:51,636 [ERROR] LogOutputStream:75 - [STDERR_REDIRECT] 
2026-03-29 17:24:52,628 [ERROR] LogOutputStream:75 - [STDERR_REDIRECT] [Fatal Error] :1:1: Premature end of file.
2026-03-29 17:24:52,628 [ERROR] LogOutputStream:75 - [STDERR_REDIRECT] 
2026-03-29 17:24:53,635 [ERROR] LogOutputStream:75 - [STDERR_REDIRECT] [Fatal Error] :1:1: Premature end of file.
2026-03-29 17:24:53,635 [ERROR] LogOutputStream:75 - [STDERR_REDIRECT] 
2026-03-29 17:24:54,641 [ERROR] LogOutputStream:75 - [STDERR_REDIRECT] [Fatal Error] :1:1: Premature end of file.
2026-03-29 17:24:54,641 [ERROR] LogOutputStream:75 - [STDERR_REDIRECT] 
2026-03-29 17:24:55,636 [ERROR] LogOutputStream:75 - [STDERR_REDIRECT] [Fatal Error] :1:1: Premature end of file.
2026-03-29 17:24:55,636 [ERROR] LogOutputStream:75 - [STDERR_REDIRECT] 
2026-03-29 17:24:56,638 [ERROR] LogOutputStream:75 - [STDERR_REDIRECT] [Fatal Error] :1:1: Premature end of file.
2026-03-29 17:24:56,638 [ERROR] LogOutputStream:75 - [STDERR_REDIRECT] 
2026-03-29 17:24:57,632 [ERROR] LogOutputStream:75 - [STDERR_REDIRECT] [Fatal Error] :1:1: Premature end of file.
2026-03-29 17:24:57,632 [ERROR] LogOutputStream:75 - [STDERR_REDIRECT] 
2026-03-29 17:24:58,646 [ERROR] LogOutputStream:75 - [STDERR_REDIRECT] [Fatal Error] :1:1: Premature end of file.
2026-03-29 17:24:58,647 [ERROR] LogOutputStream:75 - [STDERR_REDIRECT] 
2026-03-29 17:24:59,630 [ERROR] LogOutputStream:75 - [STDERR_REDIRECT] [Fatal Error] :1:1: Premature end of file.
2026-03-29 17:24:59,630 [ERROR] LogOutputStream:75 - [STDERR_REDIRECT] 
2026-03-29 17:25:00,636 [ERROR] LogOutputStream:75 - [STDERR_REDIRECT] [Fatal Error] :1:1: Premature end of file.
2026-03-29 17:25:00,636 [ERROR] LogOutputStream:75 - [STDERR_REDIRECT] 
2026-03-29 17:25:01,630 [ERROR] LogOutputStream:75 - [STDERR_REDIRECT] [Fatal Error] :1:1: Premature end of file.
2026-03-29 17:25:01,630 [ERROR] LogOutputStream:75 - [STDERR_REDIRECT] 
2026-03-29 17:25:02,627 [ERROR] LogOutputStream:75 - [STDERR_REDIRECT] [Fatal Error] :1:1: Premature end of file.
2026-03-29 17:25:02,627 [ERROR] LogOutputStream:75 - [STDERR_REDIRECT] 
2026-03-29 17:25:03,631 [ERROR] LogOutputStream:75 - [STDERR_REDIRECT] [Fatal Error] :1:1: Premature end of file.
2026-03-29 17:25:03,632 [ERROR] LogOutputStream:75 - [STDERR_REDIRECT] 
2026-03-29 17:25:04,645 [ERROR] LogOutputStream:75 - [STDERR_REDIRECT] [Fatal Error] :1:1: Premature end of file.
2026-03-29 17:25:04,645 [ERROR] LogOutputStream:75 - [STDERR_REDIRECT] 
2026-03-29 17:25:05,638 [ERROR] LogOutputStream:75 - [STDERR_REDIRECT] [Fatal Error] :1:1: Premature end of file.
2026-03-29 17:25:05,638 [ERROR] LogOutputStream:75 - [STDERR_REDIRECT] 
2026-03-29 17:25:06,640 [ERROR] LogOutputStream:75 - [STDERR_REDIRECT] [Fatal Error] :1:1: Premature end of file.
2026-03-29 17:25:06,640 [ERROR] LogOutputStream:75 - [STDERR_REDIRECT] 
2026-03-29 17:25:07,634 [ERROR] LogOutputStream:75 - [STDERR_REDIRECT] [Fatal Error] :1:1: Premature end of file.
2026-03-29 17:25:07,635 [ERROR] LogOutputStream:75 - [STDERR_REDIRECT] 
2026-03-29 17:25:08,638 [ERROR] LogOutputStream:75 - [STDERR_REDIRECT] [Fatal Error] :1:1: Premature end of file.
2026-03-29 17:25:08,638 [ERROR] LogOutputStream:75 - [STDERR_REDIRECT] 
2026-03-29 17:25:09,631 [ERROR] LogOutputStream:75 - [STDERR_REDIRECT] [Fatal Error] :1:1: Premature end of file.
2026-03-29 17:25:09,631 [ERROR] LogOutputStream:75 - [STDERR_REDIRECT] 
2026-03-29 17:25:10,633 [ERROR] LogOutputStream:75 - [STDERR_REDIRECT] [Fatal Error] :1:1: Premature end of file.
2026-03-29 17:25:10,634 [ERROR] LogOutputStream:75 - [STDERR_REDIRECT] 
2026-03-29 17:25:11,628 [ERROR] LogOutputStream:75 - [STDERR_REDIRECT] [Fatal Error] :1:1: Premature end of file.
2026-03-29 17:25:11,628 [ERROR] LogOutputStream:75 - [STDERR_REDIRECT] 
2026-03-29 17:25:12,631 [ERROR] LogOutputStream:75 - [STDERR_REDIRECT] [Fatal Error] :1:1: Premature end of file.
2026-03-29 17:25:12,631 [ERROR] LogOutputStream:75 - [STDERR_REDIRECT] 
2026-03-29 17:25:13,642 [ERROR] LogOutputStream:75 - [STDERR_REDIRECT] [Fatal Error] :1:1: Premature end of file.
2026-03-29 17:25:13,642 [ERROR] LogOutputStream:75 - [STDERR_REDIRECT] 
2026-03-29 17:25:14,633 [ERROR] LogOutputStream:75 - [STDERR_REDIRECT] [Fatal Error] :1:1: Premature end of file.
2026-03-29 17:25:14,633 [ERROR] LogOutputStream:75 - [STDERR_REDIRECT] 
2026-03-29 17:25:15,723 [ERROR] LogOutputStream:75 - [STDERR_REDIRECT] [Fatal Error] :1:1: Premature end of file.
2026-03-29 17:25:15,723 [ERROR] LogOutputStream:75 - [STDERR_REDIRECT] 
2026-03-29 17:25:16,644 [ERROR] LogOutputStream:75 - [STDERR_REDIRECT] [Fatal Error] :1:1: Premature end of file.
2026-03-29 17:25:16,645 [ERROR] LogOutputStream:75 - [STDERR_REDIRECT] 
2026-03-29 17:25:17,631 [ERROR] LogOutputStream:75 - [STDERR_REDIRECT] [Fatal Error] :1:1: Premature end of file.
2026-03-29 17:25:17,631 [ERROR] LogOutputStream:75 - [STDERR_REDIRECT] 
2026-03-29 17:25:18,640 [ERROR] LogOutputStream:75 - [STDERR_REDIRECT] [Fatal Error] :1:1: Premature end of file.
2026-03-29 17:25:18,641 [ERROR] LogOutputStream:75 - [STDERR_REDIRECT] 
2026-03-29 17:25:19,640 [ERROR] LogOutputStream:75 - [STDERR_REDIRECT] [Fatal Error] :1:1: Premature end of file.
2026-03-29 17:25:19,640 [ERROR] LogOutputStream:75 - [STDERR_REDIRECT] 
2026-03-29 17:25:20,628 [ERROR] LogOutputStream:75 - [STDERR_REDIRECT] [Fatal Error] :1:1: Premature end of file.
2026-03-29 17:25:20,629 [ERROR] LogOutputStream:75 - [STDERR_REDIRECT] 
2026-03-29 17:25:21,640 [ERROR] LogOutputStream:75 - [STDERR_REDIRECT] [Fatal Error] :1:1: Premature end of file.
2026-03-29 17:25:21,640 [ERROR] LogOutputStream:75 - [STDERR_REDIRECT] 
2026-03-29 17:25:22,633 [ERROR] LogOutputStream:75 - [STDERR_REDIRECT] [Fatal Error] :1:1: Premature end of file.
2026-03-29 17:25:22,633 [ERROR] LogOutputStream:75 - [STDERR_REDIRECT] 
2026-03-29 17:25:23,641 [ERROR] LogOutputStream:75 - [STDERR_REDIRECT] [Fatal Error] :1:1: Premature end of file.
2026-03-29 17:25:23,641 [ERROR] LogOutputStream:75 - [STDERR_REDIRECT] 
2026-03-29 17:25:24,645 [ERROR] LogOutputStream:75 - [STDERR_REDIRECT] [Fatal Error] :1:1: Premature end of file.
2026-03-29 17:25:24,645 [ERROR] LogOutputStream:75 - [STDERR_REDIRECT] 
2026-03-29 17:25:25,645 [ERROR] LogOutputStream:75 - [STDERR_REDIRECT] [Fatal Error] :1:1: Premature end of file.
2026-03-29 17:25:25,645 [ERROR] LogOutputStream:75 - [STDERR_REDIRECT] 
2026-03-29 17:25:26,635 [ERROR] LogOutputStream:75 - [STDERR_REDIRECT] [Fatal Error] :1:1: Premature end of file.
2026-03-29 17:25:26,635 [ERROR] LogOutputStream:75 - [STDERR_REDIRECT] 
2026-03-29 17:25:27,644 [ERROR] LogOutputStream:75 - [STDERR_REDIRECT] [Fatal Error] :1:1: Premature end of file.
2026-03-29 17:25:27,645 [ERROR] LogOutputStream:75 - [STDERR_REDIRECT] 
2026-03-29 17:25:28,630 [ERROR] LogOutputStream:75 - [STDERR_REDIRECT] [Fatal Error] :1:1: Premature end of file.
2026-03-29 17:25:28,630 [ERROR] LogOutputStream:75 - [STDERR_REDIRECT] 
2026-03-29 17:25:29,632 [ERROR] LogOutputStream:75 - [STDERR_REDIRECT] [Fatal Error] :1:1: Premature end of file.
2026-03-29 17:25:29,632 [ERROR] LogOutputStream:75 - [STDERR_REDIRECT] 
2026-03-29 17:25:30,641 [ERROR] LogOutputStream:75 - [STDERR_REDIRECT] [Fatal Error] :1:1: Premature end of file.
2026-03-29 17:25:30,641 [ERROR] LogOutputStream:75 - [STDERR_REDIRECT] 
2026-03-29 17:25:31,630 [ERROR] LogOutputStream:75 - [STDERR_REDIRECT] [Fatal Error] :1:1: Premature end of file.
2026-03-29 17:25:31,630 [ERROR] LogOutputStream:75 - [STDERR_REDIRECT] 
2026-03-29 17:25:32,629 [ERROR] LogOutputStream:75 - [STDERR_REDIRECT] [Fatal Error] :1:1: Premature end of file.
2026-03-29 17:25:32,629 [ERROR] LogOutputStream:75 - [STDERR_REDIRECT] 
2026-03-29 17:25:33,637 [ERROR] LogOutputStream:75 - [STDERR_REDIRECT] [Fatal Error] :1:1: Premature end of file.
2026-03-29 17:25:33,637 [ERROR] LogOutputStream:75 - [STDERR_REDIRECT] 
2026-03-29 17:25:34,639 [ERROR] LogOutputStream:75 - [STDERR_REDIRECT] [Fatal Error] :1:1: Premature end of file.
2026-03-29 17:25:34,639 [ERROR] LogOutputStream:75 - [STDERR_REDIRECT] 
2026-03-29 17:25:35,640 [ERROR] LogOutputStream:75 - [STDERR_REDIRECT] [Fatal Error] :1:1: Premature end of file.
2026-03-29 17:25:35,640 [ERROR] LogOutputStream:75 - [STDERR_REDIRECT] 
2026-03-29 17:25:36,639 [ERROR] LogOutputStream:75 - [STDERR_REDIRECT] [Fatal Error] :1:1: Premature end of file.
2026-03-29 17:25:36,639 [ERROR] LogOutputStream:75 - [STDERR_REDIRECT] 
2026-03-29 17:25:37,636 [ERROR] LogOutputStream:75 - [STDERR_REDIRECT] [Fatal Error] :1:1: Premature end of file.
2026-03-29 17:25:37,637 [ERROR] LogOutputStream:75 - [STDERR_REDIRECT] 
2026-03-29 17:25:38,648 [ERROR] LogOutputStream:75 - [STDERR_REDIRECT] [Fatal Error] :1:1: Premature end of file.
2026-03-29 17:25:38,648 [ERROR] LogOutputStream:75 - [STDERR_REDIRECT] 
2026-03-29 17:25:39,632 [ERROR] LogOutputStream:75 - [STDERR_REDIRECT] [Fatal Error] :1:1: Premature end of file.
2026-03-29 17:25:39,632 [ERROR] LogOutputStream:75 - [STDERR_REDIRECT] 
2026-03-29 17:25:40,637 [ERROR] LogOutputStream:75 - [STDERR_REDIRECT] [Fatal Error] :1:1: Premature end of file.
2026-03-29 17:25:40,637 [ERROR] LogOutputStream:75 - [STDERR_REDIRECT] 
2026-03-29 17:25:41,637 [ERROR] LogOutputStream:75 - [STDERR_REDIRECT] [Fatal Error] :1:1: Premature end of file.
2026-03-29 17:25:41,638 [ERROR] LogOutputStream:75 - [STDERR_REDIRECT] 
2026-03-29 17:25:42,633 [ERROR] LogOutputStream:75 - [STDERR_REDIRECT] [Fatal Error] :1:1: Premature end of file.
2026-03-29 17:25:42,633 [ERROR] LogOutputStream:75 - [STDERR_REDIRECT] 
2026-03-29 17:25:43,633 [ERROR] LogOutputStream:75 - [STDERR_REDIRECT] [Fatal Error] :1:1: Premature end of file.
2026-03-29 17:25:43,633 [ERROR] LogOutputStream:75 - [STDERR_REDIRECT] 
2026-03-29 17:25:44,642 [ERROR] LogOutputStream:75 - [STDERR_REDIRECT] [Fatal Error] :1:1: Premature end of file.
2026-03-29 17:25:44,642 [ERROR] LogOutputStream:75 - [STDERR_REDIRECT] 
2026-03-29 17:25:45,637 [ERROR] LogOutputStream:75 - [STDERR_REDIRECT] [Fatal Error] :1:1: Premature end of file.
2026-03-29 17:25:45,637 [ERROR] LogOutputStream:75 - [STDERR_REDIRECT] 
2026-03-29 17:25:46,639 [ERROR] LogOutputStream:75 - [STDERR_REDIRECT] [Fatal Error] :1:1: Premature end of file.
2026-03-29 17:25:46,639 [ERROR] LogOutputStream:75 - [STDERR_REDIRECT] 
2026-03-29 17:25:47,638 [ERROR] LogOutputStream:75 - [STDERR_REDIRECT] [Fatal Error] :1:1: Premature end of file.
2026-03-29 17:25:47,639 [ERROR] LogOutputStream:75 - [STDERR_REDIRECT] 
2026-03-29 17:25:48,632 [ERROR] LogOutputStream:75 - [STDERR_REDIRECT] [Fatal Error] :1:1: Premature end of file.
2026-03-29 17:25:48,632 [ERROR] LogOutputStream:75 - [STDERR_REDIRECT] 
2026-03-29 17:25:49,630 [ERROR] LogOutputStream:75 - [STDERR_REDIRECT] [Fatal Error] :1:1: Premature end of file.
2026-03-29 17:25:49,630 [ERROR] LogOutputStream:75 - [STDERR_REDIRECT] 
2026-03-29 17:25:50,632 [ERROR] LogOutputStream:75 - [STDERR_REDIRECT] [Fatal Error] :1:1: Premature end of file.
2026-03-29 17:25:50,632 [ERROR] LogOutputStream:75 - [STDERR_REDIRECT] 
2026-03-29 17:25:51,638 [ERROR] LogOutputStream:75 - [STDERR_REDIRECT] [Fatal Error] :1:1: Premature end of file.
2026-03-29 17:25:51,644 [ERROR] LogOutputStream:75 - [STDERR_REDIRECT] 
2026-03-29 17:25:52,643 [ERROR] LogOutputStream:75 - [STDERR_REDIRECT] [Fatal Error] :1:1: Premature end of file.
2026-03-29 17:25:52,643 [ERROR] LogOutputStream:75 - [STDERR_REDIRECT] 
2026-03-29 17:25:53,632 [ERROR] LogOutputStream:75 - [STDERR_REDIRECT] [Fatal Error] :1:1: Premature end of file.
2026-03-29 17:25:53,632 [ERROR] LogOutputStream:75 - [STDERR_REDIRECT] 
2026-03-29 17:25:54,635 [ERROR] LogOutputStream:75 - [STDERR_REDIRECT] [Fatal Error] :1:1: Premature end of file.
2026-03-29 17:25:54,635 [ERROR] LogOutputStream:75 - [STDERR_REDIRECT] 
2026-03-29 17:25:55,641 [ERROR] LogOutputStream:75 - [STDERR_REDIRECT] [Fatal Error] :1:1: Premature end of file.
2026-03-29 17:25:55,641 [ERROR] LogOutputStream:75 - [STDERR_REDIRECT] 
2026-03-29 17:25:56,641 [ERROR] LogOutputStream:75 - [STDERR_REDIRECT] [Fatal Error] :1:1: Premature end of file.
2026-03-29 17:25:56,641 [ERROR] LogOutputStream:75 - [STDERR_REDIRECT] 
2026-03-29 17:25:57,638 [ERROR] LogOutputStream:75 - [STDERR_REDIRECT] [Fatal Error] :1:1: Premature end of file.
2026-03-29 17:25:57,638 [ERROR] LogOutputStream:75 - [STDERR_REDIRECT] 
2026-03-29 17:25:58,633 [ERROR] LogOutputStream:75 - [STDERR_REDIRECT] [Fatal Error] :1:1: Premature end of file.
2026-03-29 17:25:58,633 [ERROR] LogOutputStream:75 - [STDERR_REDIRECT] 
2026-03-29 17:25:59,630 [ERROR] LogOutputStream:75 - [STDERR_REDIRECT] [Fatal Error] :1:1: Premature end of file.
2026-03-29 17:25:59,630 [ERROR] LogOutputStream:75 - [STDERR_REDIRECT] 
2026-03-29 17:26:00,646 [ERROR] LogOutputStream:75 - [STDERR_REDIRECT] [Fatal Error] :1:1: Premature end of file.
2026-03-29 17:26:00,646 [ERROR] LogOutputStream:75 - [STDERR_REDIRECT] 
2026-03-29 17:26:01,633 [ERROR] LogOutputStream:75 - [STDERR_REDIRECT] [Fatal Error] :1:1: Premature end of file.
2026-03-29 17:26:01,633 [ERROR] LogOutputStream:75 - [STDERR_REDIRECT] 
2026-03-29 17:26:02,640 [ERROR] LogOutputStream:75 - [STDERR_REDIRECT] [Fatal Error] :1:1: Premature end of file.
2026-03-29 17:26:02,640 [ERROR] LogOutputStream:75 - [STDERR_REDIRECT] 
2026-03-29 17:26:03,638 [ERROR] LogOutputStream:75 - [STDERR_REDIRECT] [Fatal Error] :1:1: Premature end of file.
2026-03-29 17:26:03,638 [ERROR] LogOutputStream:75 - [STDERR_REDIRECT] 
2026-03-29 17:26:04,646 [ERROR] LogOutputStream:75 - [STDERR_REDIRECT] [Fatal Error] :1:1: Premature end of file.
2026-03-29 17:26:04,646 [ERROR] LogOutputStream:75 - [STDERR_REDIRECT] 
2026-03-29 17:26:05,638 [ERROR] LogOutputStream:75 - [STDERR_REDIRECT] [Fatal Error] :1:1: Premature end of file.
2026-03-29 17:26:05,638 [ERROR] LogOutputStream:75 - [STDERR_REDIRECT] 
2026-03-29 17:26:06,633 [ERROR] LogOutputStream:75 - [STDERR_REDIRECT] [Fatal Error] :1:1: Premature end of file.
2026-03-29 17:26:06,634 [ERROR] LogOutputStream:75 - [STDERR_REDIRECT] 
2026-03-29 17:26:07,635 [ERROR] LogOutputStream:75 - [STDERR_REDIRECT] [Fatal Error] :1:1: Premature end of file.
2026-03-29 17:26:07,636 [ERROR] LogOutputStream:75 - [STDERR_REDIRECT] 
2026-03-29 17:26:08,641 [ERROR] LogOutputStream:75 - [STDERR_REDIRECT] [Fatal Error] :1:1: Premature end of file.
2026-03-29 17:26:08,641 [ERROR] LogOutputStream:75 - [STDERR_REDIRECT] 
2026-03-29 17:26:09,633 [ERROR] LogOutputStream:75 - [STDERR_REDIRECT] [Fatal Error] :1:1: Premature end of file.
2026-03-29 17:26:09,633 [ERROR] LogOutputStream:75 - [STDERR_REDIRECT] 
2026-03-29 17:26:10,633 [ERROR] LogOutputStream:75 - [STDERR_REDIRECT] [Fatal Error] :1:1: Premature end of file.
2026-03-29 17:26:10,633 [ERROR] LogOutputStream:75 - [STDERR_REDIRECT] 
2026-03-29 17:26:11,633 [ERROR] LogOutputStream:75 - [STDERR_REDIRECT] [Fatal Error] :1:1: Premature end of file.
2026-03-29 17:26:11,633 [ERROR] LogOutputStream:75 - [STDERR_REDIRECT] 
2026-03-29 17:26:12,633 [ERROR] LogOutputStream:75 - [STDERR_REDIRECT] [Fatal Error] :1:1: Premature end of file.
2026-03-29 17:26:12,633 [ERROR] LogOutputStream:75 - [STDERR_REDIRECT] 
2026-03-29 17:26:13,628 [ERROR] LogOutputStream:75 - [STDERR_REDIRECT] [Fatal Error] :1:1: Premature end of file.
2026-03-29 17:26:13,628 [ERROR] LogOutputStream:75 - [STDERR_REDIRECT] 
2026-03-29 17:26:14,640 [ERROR] LogOutputStream:75 - [STDERR_REDIRECT] [Fatal Error] :1:1: Premature end of file.
2026-03-29 17:26:14,640 [ERROR] LogOutputStream:75 - [STDERR_REDIRECT] 
2026-03-29 17:26:15,637 [ERROR] LogOutputStream:75 - [STDERR_REDIRECT] [Fatal Error] :1:1: Premature end of file.
2026-03-29 17:26:15,637 [ERROR] LogOutputStream:75 - [STDERR_REDIRECT] 
2026-03-29 17:26:16,630 [ERROR] LogOutputStream:75 - [STDERR_REDIRECT] [Fatal Error] :1:1: Premature end of file.
2026-03-29 17:26:16,630 [ERROR] LogOutputStream:75 - [STDERR_REDIRECT] 
2026-03-29 17:26:17,638 [ERROR] LogOutputStream:75 - [STDERR_REDIRECT] [Fatal Error] :1:1: Premature end of file.
2026-03-29 17:26:17,638 [ERROR] LogOutputStream:75 - [STDERR_REDIRECT] 
2026-03-29 17:26:18,642 [ERROR] LogOutputStream:75 - [STDERR_REDIRECT] [Fatal Error] :1:1: Premature end of file.
2026-03-29 17:26:18,642 [ERROR] LogOutputStream:75 - [STDERR_REDIRECT] 
2026-03-29 17:26:19,635 [ERROR] LogOutputStream:75 - [STDERR_REDIRECT] [Fatal Error] :1:1: Premature end of file.
2026-03-29 17:26:19,635 [ERROR] LogOutputStream:75 - [STDERR_REDIRECT] 
2026-03-29 17:26:20,627 [ERROR] LogOutputStream:75 - [STDERR_REDIRECT] [Fatal Error] :1:1: Premature end of file.
2026-03-29 17:26:20,627 [ERROR] LogOutputStream:75 - [STDERR_REDIRECT] 
2026-03-29 17:26:21,634 [ERROR] LogOutputStream:75 - [STDERR_REDIRECT] [Fatal Error] :1:1: Premature end of file.
2026-03-29 17:26:21,634 [ERROR] LogOutputStream:75 - [STDERR_REDIRECT] 
2026-03-29 17:26:22,633 [ERROR] LogOutputStream:75 - [STDERR_REDIRECT] [Fatal Error] :1:1: Premature end of file.
2026-03-29 17:26:22,633 [ERROR] LogOutputStream:75 - [STDERR_REDIRECT] 
2026-03-29 17:26:23,646 [ERROR] LogOutputStream:75 - [STDERR_REDIRECT] [Fatal Error] :1:1: Premature end of file.
2026-03-29 17:26:23,646 [ERROR] LogOutputStream:75 - [STDERR_REDIRECT] 
2026-03-29 17:26:24,704 [ERROR] LogOutputStream:75 - [STDERR_REDIRECT] [Fatal Error] :1:1: Premature end of file.
2026-03-29 17:26:24,704 [ERROR] LogOutputStream:75 - [STDERR_REDIRECT] 
2026-03-29 17:26:25,648 [ERROR] LogOutputStream:75 - [STDERR_REDIRECT] [Fatal Error] :1:1: Premature end of file.
2026-03-29 17:26:25,648 [ERROR] LogOutputStream:75 - [STDERR_REDIRECT] 
2026-03-29 17:26:26,643 [ERROR] LogOutputStream:75 - [STDERR_REDIRECT] [Fatal Error] :1:1: Premature end of file.
2026-03-29 17:26:26,644 [ERROR] LogOutputStream:75 - [STDERR_REDIRECT] 
2026-03-29 17:26:27,631 [ERROR] LogOutputStream:75 - [STDERR_REDIRECT] [Fatal Error] :1:1: Premature end of file.
2026-03-29 17:26:27,631 [ERROR] LogOutputStream:75 - [STDERR_REDIRECT] 
2026-03-29 17:26:28,638 [ERROR] LogOutputStream:75 - [STDERR_REDIRECT] [Fatal Error] :1:1: Premature end of file.
2026-03-29 17:26:28,638 [ERROR] LogOutputStream:75 - [STDERR_REDIRECT] 
2026-03-29 17:26:29,640 [ERROR] LogOutputStream:75 - [STDERR_REDIRECT] [Fatal Error] :1:1: Premature end of file.
2026-03-29 17:26:29,640 [ERROR] LogOutputStream:75 - [STDERR_REDIRECT] 
2026-03-29 17:26:30,633 [ERROR] LogOutputStream:75 - [STDERR_REDIRECT] [Fatal Error] :1:1: Premature end of file.
2026-03-29 17:26:30,633 [ERROR] LogOutputStream:75 - [STDERR_REDIRECT] 
2026-03-29 17:26:31,642 [ERROR] LogOutputStream:75 - [STDERR_REDIRECT] [Fatal Error] :1:1: Premature end of file.
2026-03-29 17:26:31,642 [ERROR] LogOutputStream:75 - [STDERR_REDIRECT] 
2026-03-29 17:26:32,637 [ERROR] LogOutputStream:75 - [STDERR_REDIRECT] [Fatal Error] :1:1: Premature end of file.
2026-03-29 17:26:32,638 [ERROR] LogOutputStream:75 - [STDERR_REDIRECT] 
2026-03-29 17:26:33,630 [ERROR] LogOutputStream:75 - [STDERR_REDIRECT] [Fatal Error] :1:1: Premature end of file.
2026-03-29 17:26:33,630 [ERROR] LogOutputStream:75 - [STDERR_REDIRECT] 
2026-03-29 17:26:34,645 [ERROR] LogOutputStream:75 - [STDERR_REDIRECT] [Fatal Error] :1:1: Premature end of file.
2026-03-29 17:26:34,645 [ERROR] LogOutputStream:75 - [STDERR_REDIRECT] 
2026-03-29 17:26:35,627 [ERROR] LogOutputStream:75 - [STDERR_REDIRECT] [Fatal Error] :1:1: Premature end of file.
2026-03-29 17:26:35,627 [ERROR] LogOutputStream:75 - [STDERR_REDIRECT] 
2026-03-29 17:26:36,639 [ERROR] LogOutputStream:75 - [STDERR_REDIRECT] [Fatal Error] :1:1: Premature end of file.
2026-03-29 17:26:36,639 [ERROR] LogOutputStream:75 - [STDERR_REDIRECT] 
2026-03-29 17:26:37,640 [ERROR] LogOutputStream:75 - [STDERR_REDIRECT] [Fatal Error] :1:1: Premature end of file.
2026-03-29 17:26:37,640 [ERROR] LogOutputStream:75 - [STDERR_REDIRECT] 
2026-03-29 17:26:38,634 [ERROR] LogOutputStream:75 - [STDERR_REDIRECT] [Fatal Error] :1:1: Premature end of file.
2026-03-29 17:26:38,634 [ERROR] LogOutputStream:75 - [STDERR_REDIRECT] 
2026-03-29 17:26:39,649 [ERROR] LogOutputStream:75 - [STDERR_REDIRECT] [Fatal Error] :1:1: Premature end of file.
2026-03-29 17:26:39,649 [ERROR] LogOutputStream:75 - [STDERR_REDIRECT] 
2026-03-29 17:26:40,645 [ERROR] LogOutputStream:75 - [STDERR_REDIRECT] [Fatal Error] :1:1: Premature end of file.
2026-03-29 17:26:40,645 [ERROR] LogOutputStream:75 - [STDERR_REDIRECT] 
2026-03-29 17:26:41,631 [ERROR] LogOutputStream:75 - [STDERR_REDIRECT] [Fatal Error] :1:1: Premature end of file.
2026-03-29 17:26:41,631 [ERROR] LogOutputStream:75 - [STDERR_REDIRECT] 
2026-03-29 17:26:42,638 [ERROR] LogOutputStream:75 - [STDERR_REDIRECT] [Fatal Error] :1:1: Premature end of file.
2026-03-29 17:26:42,638 [ERROR] LogOutputStream:75 - [STDERR_REDIRECT] 
2026-03-29 17:26:43,630 [ERROR] LogOutputStream:75 - [STDERR_REDIRECT] [Fatal Error] :1:1: Premature end of file.
2026-03-29 17:26:43,630 [ERROR] LogOutputStream:75 - [STDERR_REDIRECT] 
2026-03-29 17:26:44,627 [ERROR] LogOutputStream:75 - [STDERR_REDIRECT] [Fatal Error] :1:1: Premature end of file.
2026-03-29 17:26:44,627 [ERROR] LogOutputStream:75 - [STDERR_REDIRECT] 
2026-03-29 17:26:45,638 [ERROR] LogOutputStream:75 - [STDERR_REDIRECT] [Fatal Error] :1:1: Premature end of file.
2026-03-29 17:26:45,638 [ERROR] LogOutputStream:75 - [STDERR_REDIRECT] 
2026-03-29 17:26:46,638 [ERROR] LogOutputStream:75 - [STDERR_REDIRECT] [Fatal Error] :1:1: Premature end of file.
2026-03-29 17:26:46,638 [ERROR] LogOutputStream:75 - [STDERR_REDIRECT] 
2026-03-29 17:26:47,631 [ERROR] LogOutputStream:75 - [STDERR_REDIRECT] [Fatal Error] :1:1: Premature end of file.
2026-03-29 17:26:47,633 [ERROR] LogOutputStream:75 - [STDERR_REDIRECT] 
2026-03-29 17:26:48,642 [ERROR] LogOutputStream:75 - [STDERR_REDIRECT] [Fatal Error] :1:1: Premature end of file.
2026-03-29 17:26:48,642 [ERROR] LogOutputStream:75 - [STDERR_REDIRECT] 
2026-03-29 17:26:49,648 [ERROR] LogOutputStream:75 - [STDERR_REDIRECT] [Fatal Error] :1:1: Premature end of file.
2026-03-29 17:26:49,648 [ERROR] LogOutputStream:75 - [STDERR_REDIRECT] 
2026-03-29 17:26:50,651 [ERROR] LogOutputStream:75 - [STDERR_REDIRECT] [Fatal Error] :1:1: Premature end of file.
2026-03-29 17:26:50,651 [ERROR] LogOutputStream:75 - [STDERR_REDIRECT] 
2026-03-29 17:26:51,632 [ERROR] LogOutputStream:75 - [STDERR_REDIRECT] [Fatal Error] :1:1: Premature end of file.
2026-03-29 17:26:51,632 [ERROR] LogOutputStream:75 - [STDERR_REDIRECT] 
2026-03-29 17:26:52,639 [ERROR] LogOutputStream:75 - [STDERR_REDIRECT] [Fatal Error] :1:1: Premature end of file.
2026-03-29 17:26:52,639 [ERROR] LogOutputStream:75 - [STDERR_REDIRECT] 
2026-03-29 17:26:53,643 [ERROR] LogOutputStream:75 - [STDERR_REDIRECT] [Fatal Error] :1:1: Premature end of file.
2026-03-29 17:26:53,643 [ERROR] LogOutputStream:75 - [STDERR_REDIRECT] 
2026-03-29 17:26:54,641 [ERROR] LogOutputStream:75 - [STDERR_REDIRECT] [Fatal Error] :1:1: Premature end of file.
2026-03-29 17:26:54,641 [ERROR] LogOutputStream:75 - [STDERR_REDIRECT] 
2026-03-29 17:26:55,630 [ERROR] LogOutputStream:75 - [STDERR_REDIRECT] [Fatal Error] :1:1: Premature end of file.
2026-03-29 17:26:55,630 [ERROR] LogOutputStream:75 - [STDERR_REDIRECT] 
2026-03-29 17:26:56,652 [ERROR] LogOutputStream:75 - [STDERR_REDIRECT] [Fatal Error] :1:1: Premature end of file.
2026-03-29 17:26:56,652 [ERROR] LogOutputStream:75 - [STDERR_REDIRECT] 
2026-03-29 17:26:57,636 [ERROR] LogOutputStream:75 - [STDERR_REDIRECT] [Fatal Error] :1:1: Premature end of file.
2026-03-29 17:26:57,638 [ERROR] LogOutputStream:75 - [STDERR_REDIRECT] 
2026-03-29 17:26:58,640 [ERROR] LogOutputStream:75 - [STDERR_REDIRECT] [Fatal Error] :1:1: Premature end of file.
2026-03-29 17:26:58,640 [ERROR] LogOutputStream:75 - [STDERR_REDIRECT] 
2026-03-29 17:26:59,633 [ERROR] LogOutputStream:75 - [STDERR_REDIRECT] [Fatal Error] :1:1: Premature end of file.
2026-03-29 17:26:59,633 [ERROR] LogOutputStream:75 - [STDERR_REDIRECT] 
2026-03-29 17:27:00,632 [ERROR] LogOutputStream:75 - [STDERR_REDIRECT] [Fatal Error] :1:1: Premature end of file.
2026-03-29 17:27:00,633 [ERROR] LogOutputStream:75 - [STDERR_REDIRECT] 
2026-03-29 17:27:01,638 [ERROR] LogOutputStream:75 - [STDERR_REDIRECT] [Fatal Error] :1:1: Premature end of file.
2026-03-29 17:27:01,639 [ERROR] LogOutputStream:75 - [STDERR_REDIRECT] 
2026-03-29 17:27:02,631 [ERROR] LogOutputStream:75 - [STDERR_REDIRECT] [Fatal Error] :1:1: Premature end of file.
2026-03-29 17:27:02,631 [ERROR] LogOutputStream:75 - [STDERR_REDIRECT] 
2026-03-29 17:27:03,649 [ERROR] LogOutputStream:75 - [STDERR_REDIRECT] [Fatal Error] :1:1: Premature end of file.
2026-03-29 17:27:03,650 [ERROR] LogOutputStream:75 - [STDERR_REDIRECT] 
2026-03-29 17:27:04,644 [ERROR] LogOutputStream:75 - [STDERR_REDIRECT] [Fatal Error] :1:1: Premature end of file.
2026-03-29 17:27:04,644 [ERROR] LogOutputStream:75 - [STDERR_REDIRECT] 
2026-03-29 17:27:05,626 [ERROR] LogOutputStream:75 - [STDERR_REDIRECT] [Fatal Error] :1:1: Premature end of file.
2026-03-29 17:27:05,626 [ERROR] LogOutputStream:75 - [STDERR_REDIRECT] 
2026-03-29 17:27:06,635 [ERROR] LogOutputStream:75 - [STDERR_REDIRECT] [Fatal Error] :1:1: Premature end of file.
2026-03-29 17:27:06,635 [ERROR] LogOutputStream:75 - [STDERR_REDIRECT] 
2026-03-29 17:27:07,636 [ERROR] LogOutputStream:75 - [STDERR_REDIRECT] [Fatal Error] :1:1: Premature end of file.
2026-03-29 17:27:07,636 [ERROR] LogOutputStream:75 - [STDERR_REDIRECT] 
2026-03-29 17:27:08,630 [ERROR] LogOutputStream:75 - [STDERR_REDIRECT] [Fatal Error] :1:1: Premature end of file.
2026-03-29 17:27:08,630 [ERROR] LogOutputStream:75 - [STDERR_REDIRECT] 
2026-03-29 17:27:09,632 [ERROR] LogOutputStream:75 - [STDERR_REDIRECT] [Fatal Error] :1:1: Premature end of file.
2026-03-29 17:27:09,632 [ERROR] LogOutputStream:75 - [STDERR_REDIRECT] 
2026-03-29 17:27:10,636 [ERROR] LogOutputStream:75 - [STDERR_REDIRECT] [Fatal Error] :1:1: Premature end of file.
2026-03-29 17:27:10,636 [ERROR] LogOutputStream:75 - [STDERR_REDIRECT] 
2026-03-29 17:27:11,645 [ERROR] LogOutputStream:75 - [STDERR_REDIRECT] [Fatal Error] :1:1: Premature end of file.
2026-03-29 17:27:11,645 [ERROR] LogOutputStream:75 - [STDERR_REDIRECT] 
2026-03-29 17:27:12,643 [ERROR] LogOutputStream:75 - [STDERR_REDIRECT] [Fatal Error] :1:1: Premature end of file.
2026-03-29 17:27:12,643 [ERROR] LogOutputStream:75 - [STDERR_REDIRECT] 
2026-03-29 17:27:13,640 [ERROR] LogOutputStream:75 - [STDERR_REDIRECT] [Fatal Error] :1:1: Premature end of file.
2026-03-29 17:27:13,640 [ERROR] LogOutputStream:75 - [STDERR_REDIRECT] 
2026-03-29 17:27:14,641 [ERROR] LogOutputStream:75 - [STDERR_REDIRECT] [Fatal Error] :1:1: Premature end of file.
2026-03-29 17:27:14,642 [ERROR] LogOutputStream:75 - [STDERR_REDIRECT] 
2026-03-29 17:27:15,632 [ERROR] LogOutputStream:75 - [STDERR_REDIRECT] [Fatal Error] :1:1: Premature end of file.
2026-03-29 17:27:15,632 [ERROR] LogOutputStream:75 - [STDERR_REDIRECT] 
2026-03-29 17:27:16,632 [ERROR] LogOutputStream:75 - [STDERR_REDIRECT] [Fatal Error] :1:1: Premature end of file.
2026-03-29 17:27:16,633 [ERROR] LogOutputStream:75 - [STDERR_REDIRECT] 
2026-03-29 17:27:17,633 [ERROR] LogOutputStream:75 - [STDERR_REDIRECT] [Fatal Error] :1:1: Premature end of file.
2026-03-29 17:27:17,633 [ERROR] LogOutputStream:75 - [STDERR_REDIRECT] 
2026-03-29 17:27:18,645 [ERROR] LogOutputStream:75 - [STDERR_REDIRECT] [Fatal Error] :1:1: Premature end of file.
2026-03-29 17:27:18,645 [ERROR] LogOutputStream:75 - [STDERR_REDIRECT] 
2026-03-29 17:27:19,638 [ERROR] LogOutputStream:75 - [STDERR_REDIRECT] [Fatal Error] :1:1: Premature end of file.
2026-03-29 17:27:19,638 [ERROR] LogOutputStream:75 - [STDERR_REDIRECT] 
2026-03-29 17:27:20,634 [ERROR] LogOutputStream:75 - [STDERR_REDIRECT] [Fatal Error] :1:1: Premature end of file.
2026-03-29 17:27:20,634 [ERROR] LogOutputStream:75 - [STDERR_REDIRECT] 
2026-03-29 17:27:21,632 [ERROR] LogOutputStream:75 - [STDERR_REDIRECT] [Fatal Error] :1:1: Premature end of file.
2026-03-29 17:27:21,632 [ERROR] LogOutputStream:75 - [STDERR_REDIRECT] 
2026-03-29 17:27:22,645 [ERROR] LogOutputStream:75 - [STDERR_REDIRECT] [Fatal Error] :1:1: Premature end of file.
2026-03-29 17:27:22,645 [ERROR] LogOutputStream:75 - [STDERR_REDIRECT] 
2026-03-29 17:27:23,638 [ERROR] LogOutputStream:75 - [STDERR_REDIRECT] [Fatal Error] :1:1: Premature end of file.
2026-03-29 17:27:23,638 [ERROR] LogOutputStream:75 - [STDERR_REDIRECT] 
2026-03-29 17:27:24,639 [ERROR] LogOutputStream:75 - [STDERR_REDIRECT] [Fatal Error] :1:1: Premature end of file.
2026-03-29 17:27:24,639 [ERROR] LogOutputStream:75 - [STDERR_REDIRECT] 
2026-03-29 17:27:25,643 [ERROR] LogOutputStream:75 - [STDERR_REDIRECT] [Fatal Error] :1:1: Premature end of file.
2026-03-29 17:27:25,645 [ERROR] LogOutputStream:75 - [STDERR_REDIRECT] 
2026-03-29 17:27:26,636 [ERROR] LogOutputStream:75 - [STDERR_REDIRECT] [Fatal Error] :1:1: Premature end of file.
2026-03-29 17:27:26,636 [ERROR] LogOutputStream:75 - [STDERR_REDIRECT] 
2026-03-29 17:27:27,641 [ERROR] LogOutputStream:75 - [STDERR_REDIRECT] [Fatal Error] :1:1: Premature end of file.
2026-03-29 17:27:27,641 [ERROR] LogOutputStream:75 - [STDERR_REDIRECT] 
2026-03-29 17:27:28,640 [ERROR] LogOutputStream:75 - [STDERR_REDIRECT] [Fatal Error] :1:1: Premature end of file.
2026-03-29 17:27:28,640 [ERROR] LogOutputStream:75 - [STDERR_REDIRECT] 
2026-03-29 17:27:29,645 [ERROR] LogOutputStream:75 - [STDERR_REDIRECT] [Fatal Error] :1:1: Premature end of file.
2026-03-29 17:27:29,645 [ERROR] LogOutputStream:75 - [STDERR_REDIRECT] 
2026-03-29 17:27:30,640 [ERROR] LogOutputStream:75 - [STDERR_REDIRECT] [Fatal Error] :1:1: Premature end of file.
2026-03-29 17:27:30,640 [ERROR] LogOutputStream:75 - [STDERR_REDIRECT] 
2026-03-29 17:27:31,629 [ERROR] LogOutputStream:75 - [STDERR_REDIRECT] [Fatal Error] :1:1: Premature end of file.
2026-03-29 17:27:31,629 [ERROR] LogOutputStream:75 - [STDERR_REDIRECT] 
2026-03-29 17:27:32,631 [ERROR] LogOutputStream:75 - [STDERR_REDIRECT] [Fatal Error] :1:1: Premature end of file.
2026-03-29 17:27:32,633 [ERROR] LogOutputStream:75 - [STDERR_REDIRECT] 
2026-03-29 17:27:33,640 [ERROR] LogOutputStream:75 - [STDERR_REDIRECT] [Fatal Error] :1:1: Premature end of file.
2026-03-29 17:27:33,640 [ERROR] LogOutputStream:75 - [STDERR_REDIRECT] 
2026-03-29 17:27:34,627 [ERROR] LogOutputStream:75 - [STDERR_REDIRECT] [Fatal Error] :1:1: Premature end of file.
2026-03-29 17:27:34,627 [ERROR] LogOutputStream:75 - [STDERR_REDIRECT] 
2026-03-29 17:27:35,637 [ERROR] LogOutputStream:75 - [STDERR_REDIRECT] [Fatal Error] :1:1: Premature end of file.
2026-03-29 17:27:35,637 [ERROR] LogOutputStream:75 - [STDERR_REDIRECT] 
2026-03-29 17:27:36,643 [ERROR] LogOutputStream:75 - [STDERR_REDIRECT] [Fatal Error] :1:1: Premature end of file.
2026-03-29 17:27:36,643 [ERROR] LogOutputStream:75 - [STDERR_REDIRECT] 
2026-03-29 17:27:37,644 [ERROR] LogOutputStream:75 - [STDERR_REDIRECT] [Fatal Error] :1:1: Premature end of file.
2026-03-29 17:27:37,645 [ERROR] LogOutputStream:75 - [STDERR_REDIRECT] 
2026-03-29 17:27:38,637 [ERROR] LogOutputStream:75 - [STDERR_REDIRECT] [Fatal Error] :1:1: Premature end of file.
2026-03-29 17:27:38,637 [ERROR] LogOutputStream:75 - [STDERR_REDIRECT] 
2026-03-29 17:27:39,636 [ERROR] LogOutputStream:75 - [STDERR_REDIRECT] [Fatal Error] :1:1: Premature end of file.
2026-03-29 17:27:39,637 [ERROR] LogOutputStream:75 - [STDERR_REDIRECT] 
2026-03-29 17:27:40,636 [ERROR] LogOutputStream:75 - [STDERR_REDIRECT] [Fatal Error] :1:1: Premature end of file.
2026-03-29 17:27:40,636 [ERROR] LogOutputStream:75 - [STDERR_REDIRECT] 
2026-03-29 17:27:41,634 [ERROR] LogOutputStream:75 - [STDERR_REDIRECT] [Fatal Error] :1:1: Premature end of file.
2026-03-29 17:27:41,634 [ERROR] LogOutputStream:75 - [STDERR_REDIRECT] 
2026-03-29 17:27:42,627 [ERROR] LogOutputStream:75 - [STDERR_REDIRECT] [Fatal Error] :1:1: Premature end of file.
2026-03-29 17:27:42,627 [ERROR] LogOutputStream:75 - [STDERR_REDIRECT] 
2026-03-29 17:27:43,636 [ERROR] LogOutputStream:75 - [STDERR_REDIRECT] [Fatal Error] :1:1: Premature end of file.
2026-03-29 17:27:43,636 [ERROR] LogOutputStream:75 - [STDERR_REDIRECT] 
2026-03-29 17:27:44,626 [ERROR] LogOutputStream:75 - [STDERR_REDIRECT] [Fatal Error] :1:1: Premature end of file.
2026-03-29 17:27:44,626 [ERROR] LogOutputStream:75 - [STDERR_REDIRECT] 
2026-03-29 17:27:45,638 [ERROR] LogOutputStream:75 - [STDERR_REDIRECT] [Fatal Error] :1:1: Premature end of file.
2026-03-29 17:27:45,638 [ERROR] LogOutputStream:75 - [STDERR_REDIRECT] 
2026-03-29 17:27:46,646 [ERROR] LogOutputStream:75 - [STDERR_REDIRECT] [Fatal Error] :1:1: Premature end of file.
2026-03-29 17:27:46,646 [ERROR] LogOutputStream:75 - [STDERR_REDIRECT] 
2026-03-29 17:27:47,649 [ERROR] LogOutputStream:75 - [STDERR_REDIRECT] [Fatal Error] :1:1: Premature end of file.
2026-03-29 17:27:47,649 [ERROR] LogOutputStream:75 - [STDERR_REDIRECT] 
2026-03-29 17:27:48,638 [ERROR] LogOutputStream:75 - [STDERR_REDIRECT] [Fatal Error] :1:1: Premature end of file.
2026-03-29 17:27:48,638 [ERROR] LogOutputStream:75 - [STDERR_REDIRECT] 
2026-03-29 17:27:49,644 [ERROR] LogOutputStream:75 - [STDERR_REDIRECT] [Fatal Error] :1:1: Premature end of file.
2026-03-29 17:27:49,644 [ERROR] LogOutputStream:75 - [STDERR_REDIRECT] 
2026-03-29 17:27:50,648 [ERROR] LogOutputStream:75 - [STDERR_REDIRECT] [Fatal Error] :1:1: Premature end of file.
2026-03-29 17:27:50,648 [ERROR] LogOutputStream:75 - [STDERR_REDIRECT] 
2026-03-29 17:27:51,637 [ERROR] LogOutputStream:75 - [STDERR_REDIRECT] [Fatal Error] :1:1: Premature end of file.
2026-03-29 17:27:51,637 [ERROR] LogOutputStream:75 - [STDERR_REDIRECT] 
2026-03-29 17:27:52,632 [ERROR] LogOutputStream:75 - [STDERR_REDIRECT] [Fatal Error] :1:1: Premature end of file.
2026-03-29 17:27:52,633 [ERROR] LogOutputStream:75 - [STDERR_REDIRECT] 
2026-03-29 17:27:53,642 [ERROR] LogOutputStream:75 - [STDERR_REDIRECT] [Fatal Error] :1:1: Premature end of file.
2026-03-29 17:27:53,642 [ERROR] LogOutputStream:75 - [STDERR_REDIRECT] 
2026-03-29 17:27:54,645 [ERROR] LogOutputStream:75 - [STDERR_REDIRECT] [Fatal Error] :1:1: Premature end of file.
2026-03-29 17:27:54,645 [ERROR] LogOutputStream:75 - [STDERR_REDIRECT] 
2026-03-29 17:27:55,635 [ERROR] LogOutputStream:75 - [STDERR_REDIRECT] [Fatal Error] :1:1: Premature end of file.
2026-03-29 17:27:55,635 [ERROR] LogOutputStream:75 - [STDERR_REDIRECT] 
2026-03-29 17:27:56,632 [ERROR] LogOutputStream:75 - [STDERR_REDIRECT] [Fatal Error] :1:1: Premature end of file.
2026-03-29 17:27:56,632 [ERROR] LogOutputStream:75 - [STDERR_REDIRECT] 
2026-03-29 17:27:57,638 [ERROR] LogOutputStream:75 - [STDERR_REDIRECT] [Fatal Error] :1:1: Premature end of file.
2026-03-29 17:27:57,638 [ERROR] LogOutputStream:75 - [STDERR_REDIRECT] 
2026-03-29 17:27:58,637 [ERROR] LogOutputStream:75 - [STDERR_REDIRECT] [Fatal Error] :1:1: Premature end of file.
2026-03-29 17:27:58,637 [ERROR] LogOutputStream:75 - [STDERR_REDIRECT] 
2026-03-29 17:27:59,641 [ERROR] LogOutputStream:75 - [STDERR_REDIRECT] [Fatal Error] :1:1: Premature end of file.
2026-03-29 17:27:59,641 [ERROR] LogOutputStream:75 - [STDERR_REDIRECT] 
2026-03-29 17:28:00,638 [ERROR] LogOutputStream:75 - [STDERR_REDIRECT] [Fatal Error] :1:1: Premature end of file.
2026-03-29 17:28:00,638 [ERROR] LogOutputStream:75 - [STDERR_REDIRECT] 
2026-03-29 17:28:01,643 [ERROR] LogOutputStream:75 - [STDERR_REDIRECT] [Fatal Error] :1:1: Premature end of file.
2026-03-29 17:28:01,645 [ERROR] LogOutputStream:75 - [STDERR_REDIRECT] 
2026-03-29 17:28:02,637 [ERROR] LogOutputStream:75 - [STDERR_REDIRECT] [Fatal Error] :1:1: Premature end of file.
2026-03-29 17:28:02,637 [ERROR] LogOutputStream:75 - [STDERR_REDIRECT] 
2026-03-29 17:28:03,635 [ERROR] LogOutputStream:75 - [STDERR_REDIRECT] [Fatal Error] :1:1: Premature end of file.
2026-03-29 17:28:03,635 [ERROR] LogOutputStream:75 - [STDERR_REDIRECT] 
2026-03-29 17:28:04,626 [ERROR] LogOutputStream:75 - [STDERR_REDIRECT] [Fatal Error] :1:1: Premature end of file.
2026-03-29 17:28:04,626 [ERROR] LogOutputStream:75 - [STDERR_REDIRECT] 
2026-03-29 17:28:05,643 [ERROR] LogOutputStream:75 - [STDERR_REDIRECT] [Fatal Error] :1:1: Premature end of file.
2026-03-29 17:28:05,643 [ERROR] LogOutputStream:75 - [STDERR_REDIRECT] 
2026-03-29 17:28:06,633 [ERROR] LogOutputStream:75 - [STDERR_REDIRECT] [Fatal Error] :1:1: Premature end of file.
2026-03-29 17:28:06,633 [ERROR] LogOutputStream:75 - [STDERR_REDIRECT] 
2026-03-29 17:28:07,649 [ERROR] LogOutputStream:75 - [STDERR_REDIRECT] [Fatal Error] :1:1: Premature end of file.
2026-03-29 17:28:07,650 [ERROR] LogOutputStream:75 - [STDERR_REDIRECT] 
2026-03-29 17:28:08,641 [ERROR] LogOutputStream:75 - [STDERR_REDIRECT] [Fatal Error] :1:1: Premature end of file.
2026-03-29 17:28:08,641 [ERROR] LogOutputStream:75 - [STDERR_REDIRECT] 
2026-03-29 17:28:09,638 [ERROR] LogOutputStream:75 - [STDERR_REDIRECT] [Fatal Error] :1:1: Premature end of file.
2026-03-29 17:28:09,638 [ERROR] LogOutputStream:75 - [STDERR_REDIRECT] 
2026-03-29 17:28:10,641 [ERROR] LogOutputStream:75 - [STDERR_REDIRECT] [Fatal Error] :1:1: Premature end of file.
2026-03-29 17:28:10,641 [ERROR] LogOutputStream:75 - [STDERR_REDIRECT] 
2026-03-29 17:28:11,639 [ERROR] LogOutputStream:75 - [STDERR_REDIRECT] [Fatal Error] :1:1: Premature end of file.
2026-03-29 17:28:11,641 [ERROR] LogOutputStream:75 - [STDERR_REDIRECT] 
2026-03-29 17:28:12,642 [ERROR] LogOutputStream:75 - [STDERR_REDIRECT] [Fatal Error] :1:1: Premature end of file.
2026-03-29 17:28:12,643 [ERROR] LogOutputStream:75 - [STDERR_REDIRECT] 
2026-03-29 17:28:13,640 [ERROR] LogOutputStream:75 - [STDERR_REDIRECT] [Fatal Error] :1:1: Premature end of file.
2026-03-29 17:28:13,640 [ERROR] LogOutputStream:75 - [STDERR_REDIRECT] 
2026-03-29 17:28:14,639 [ERROR] LogOutputStream:75 - [STDERR_REDIRECT] [Fatal Error] :1:1: Premature end of file.
2026-03-29 17:28:14,639 [ERROR] LogOutputStream:75 - [STDERR_REDIRECT] 
2026-03-29 17:28:15,627 [ERROR] LogOutputStream:75 - [STDERR_REDIRECT] [Fatal Error] :1:1: Premature end of file.
2026-03-29 17:28:15,627 [ERROR] LogOutputStream:75 - [STDERR_REDIRECT] 
2026-03-29 17:28:16,639 [ERROR] LogOutputStream:75 - [STDERR_REDIRECT] [Fatal Error] :1:1: Premature end of file.
2026-03-29 17:28:16,640 [ERROR] LogOutputStream:75 - [STDERR_REDIRECT] 
2026-03-29 17:28:17,626 [ERROR] LogOutputStream:75 - [STDERR_REDIRECT] [Fatal Error] :1:1: Premature end of file.
2026-03-29 17:28:17,626 [ERROR] LogOutputStream:75 - [STDERR_REDIRECT] 
2026-03-29 17:28:18,627 [ERROR] LogOutputStream:75 - [STDERR_REDIRECT] [Fatal Error] :1:1: Premature end of file.
2026-03-29 17:28:18,627 [ERROR] LogOutputStream:75 - [STDERR_REDIRECT] 
2026-03-29 17:28:19,629 [ERROR] LogOutputStream:75 - [STDERR_REDIRECT] [Fatal Error] :1:1: Premature end of file.
2026-03-29 17:28:19,629 [ERROR] LogOutputStream:75 - [STDERR_REDIRECT] 
2026-03-29 17:28:20,641 [ERROR] LogOutputStream:75 - [STDERR_REDIRECT] [Fatal Error] :1:1: Premature end of file.
2026-03-29 17:28:20,642 [ERROR] LogOutputStream:75 - [STDERR_REDIRECT] 
2026-03-29 17:28:21,631 [ERROR] LogOutputStream:75 - [STDERR_REDIRECT] [Fatal Error] :1:1: Premature end of file.
2026-03-29 17:28:21,631 [ERROR] LogOutputStream:75 - [STDERR_REDIRECT] 
2026-03-29 17:28:22,633 [ERROR] LogOutputStream:75 - [STDERR_REDIRECT] [Fatal Error] :1:1: Premature end of file.
2026-03-29 17:28:22,633 [ERROR] LogOutputStream:75 - [STDERR_REDIRECT] 
2026-03-29 17:28:23,641 [ERROR] LogOutputStream:75 - [STDERR_REDIRECT] [Fatal Error] :1:1: Premature end of file.
2026-03-29 17:28:23,641 [ERROR] LogOutputStream:75 - [STDERR_REDIRECT] 
2026-03-29 17:28:24,638 [ERROR] LogOutputStream:75 - [STDERR_REDIRECT] [Fatal Error] :1:1: Premature end of file.
2026-03-29 17:28:24,638 [ERROR] LogOutputStream:75 - [STDERR_REDIRECT] 
2026-03-29 17:28:25,633 [ERROR] LogOutputStream:75 - [STDERR_REDIRECT] [Fatal Error] :1:1: Premature end of file.
2026-03-29 17:28:25,633 [ERROR] LogOutputStream:75 - [STDERR_REDIRECT] 
2026-03-29 17:28:26,625 [ERROR] LogOutputStream:75 - [STDERR_REDIRECT] [Fatal Error] :1:1: Premature end of file.
2026-03-29 17:28:26,625 [ERROR] LogOutputStream:75 - [STDERR_REDIRECT] 
2026-03-29 17:28:27,644 [ERROR] LogOutputStream:75 - [STDERR_REDIRECT] [Fatal Error] :1:1: Premature end of file.
2026-03-29 17:28:27,644 [ERROR] LogOutputStream:75 - [STDERR_REDIRECT] 
2026-03-29 17:28:28,639 [ERROR] LogOutputStream:75 - [STDERR_REDIRECT] [Fatal Error] :1:1: Premature end of file.
2026-03-29 17:28:28,639 [ERROR] LogOutputStream:75 - [STDERR_REDIRECT] 
2026-03-29 17:28:29,637 [ERROR] LogOutputStream:75 - [STDERR_REDIRECT] [Fatal Error] :1:1: Premature end of file.
2026-03-29 17:28:29,637 [ERROR] LogOutputStream:75 - [STDERR_REDIRECT] 
2026-03-29 17:28:30,634 [ERROR] LogOutputStream:75 - [STDERR_REDIRECT] [Fatal Error] :1:1: Premature end of file.
2026-03-29 17:28:30,634 [ERROR] LogOutputStream:75 - [STDERR_REDIRECT] 
2026-03-29 17:28:31,633 [ERROR] LogOutputStream:75 - [STDERR_REDIRECT] [Fatal Error] :1:1: Premature end of file.
2026-03-29 17:28:31,633 [ERROR] LogOutputStream:75 - [STDERR_REDIRECT] 
2026-03-29 17:28:32,641 [ERROR] LogOutputStream:75 - [STDERR_REDIRECT] [Fatal Error] :1:1: Premature end of file.
2026-03-29 17:28:32,641 [ERROR] LogOutputStream:75 - [STDERR_REDIRECT] 
2026-03-29 17:28:33,641 [ERROR] LogOutputStream:75 - [STDERR_REDIRECT] [Fatal Error] :1:1: Premature end of file.
2026-03-29 17:28:33,641 [ERROR] LogOutputStream:75 - [STDERR_REDIRECT] 
2026-03-29 17:28:34,629 [ERROR] LogOutputStream:75 - [STDERR_REDIRECT] [Fatal Error] :1:1: Premature end of file.
2026-03-29 17:28:34,630 [ERROR] LogOutputStream:75 - [STDERR_REDIRECT] 
2026-03-29 17:28:35,630 [ERROR] LogOutputStream:75 - [STDERR_REDIRECT] [Fatal Error] :1:1: Premature end of file.
2026-03-29 17:28:35,630 [ERROR] LogOutputStream:75 - [STDERR_REDIRECT] 
2026-03-29 17:28:36,628 [ERROR] LogOutputStream:75 - [STDERR_REDIRECT] [Fatal Error] :1:1: Premature end of file.
2026-03-29 17:28:36,629 [ERROR] LogOutputStream:75 - [STDERR_REDIRECT] 
2026-03-29 17:28:37,646 [ERROR] LogOutputStream:75 - [STDERR_REDIRECT] [Fatal Error] :1:1: Premature end of file.
2026-03-29 17:28:37,646 [ERROR] LogOutputStream:75 - [STDERR_REDIRECT] 
2026-03-29 17:28:38,641 [ERROR] LogOutputStream:75 - [STDERR_REDIRECT] [Fatal Error] :1:1: Premature end of file.
2026-03-29 17:28:38,641 [ERROR] LogOutputStream:75 - [STDERR_REDIRECT] 
2026-03-29 17:28:39,639 [ERROR] LogOutputStream:75 - [STDERR_REDIRECT] [Fatal Error] :1:1: Premature end of file.
2026-03-29 17:28:39,639 [ERROR] LogOutputStream:75 - [STDERR_REDIRECT] 
2026-03-29 17:28:40,637 [ERROR] LogOutputStream:75 - [STDERR_REDIRECT] [Fatal Error] :1:1: Premature end of file.
2026-03-29 17:28:40,637 [ERROR] LogOutputStream:75 - [STDERR_REDIRECT] 
2026-03-29 17:28:41,643 [ERROR] LogOutputStream:75 - [STDERR_REDIRECT] [Fatal Error] :1:1: Premature end of file.
2026-03-29 17:28:41,643 [ERROR] LogOutputStream:75 - [STDERR_REDIRECT] 
2026-03-29 17:28:42,632 [ERROR] LogOutputStream:75 - [STDERR_REDIRECT] [Fatal Error] :1:1: Premature end of file.
2026-03-29 17:28:42,632 [ERROR] LogOutputStream:75 - [STDERR_REDIRECT] 
2026-03-29 17:28:43,640 [ERROR] LogOutputStream:75 - [STDERR_REDIRECT] [Fatal Error] :1:1: Premature end of file.
2026-03-29 17:28:43,640 [ERROR] LogOutputStream:75 - [STDERR_REDIRECT] 
2026-03-29 17:28:44,643 [ERROR] LogOutputStream:75 - [STDERR_REDIRECT] [Fatal Error] :1:1: Premature end of file.
2026-03-29 17:28:44,644 [ERROR] LogOutputStream:75 - [STDERR_REDIRECT] 
2026-03-29 17:28:45,635 [ERROR] LogOutputStream:75 - [STDERR_REDIRECT] [Fatal Error] :1:1: Premature end of file.
2026-03-29 17:28:45,635 [ERROR] LogOutputStream:75 - [STDERR_REDIRECT] 
2026-03-29 17:28:46,631 [ERROR] LogOutputStream:75 - [STDERR_REDIRECT] [Fatal Error] :1:1: Premature end of file.
2026-03-29 17:28:46,631 [ERROR] LogOutputStream:75 - [STDERR_REDIRECT] 
2026-03-29 17:28:47,639 [ERROR] LogOutputStream:75 - [STDERR_REDIRECT] [Fatal Error] :1:1: Premature end of file.
2026-03-29 17:28:47,639 [ERROR] LogOutputStream:75 - [STDERR_REDIRECT] 
2026-03-29 17:28:48,639 [ERROR] LogOutputStream:75 - [STDERR_REDIRECT] [Fatal Error] :1:1: Premature end of file.
2026-03-29 17:28:48,639 [ERROR] LogOutputStream:75 - [STDERR_REDIRECT] 
2026-03-29 17:28:49,625 [ERROR] LogOutputStream:75 - [STDERR_REDIRECT] [Fatal Error] :1:1: Premature end of file.
2026-03-29 17:28:49,626 [ERROR] LogOutputStream:75 - [STDERR_REDIRECT] 
2026-03-29 17:28:50,643 [ERROR] LogOutputStream:75 - [STDERR_REDIRECT] [Fatal Error] :1:1: Premature end of file.
2026-03-29 17:28:50,643 [ERROR] LogOutputStream:75 - [STDERR_REDIRECT] 
2026-03-29 17:28:51,635 [ERROR] LogOutputStream:75 - [STDERR_REDIRECT] [Fatal Error] :1:1: Premature end of file.
2026-03-29 17:28:51,637 [ERROR] LogOutputStream:75 - [STDERR_REDIRECT] 
2026-03-29 17:28:52,631 [ERROR] LogOutputStream:75 - [STDERR_REDIRECT] [Fatal Error] :1:1: Premature end of file.
2026-03-29 17:28:52,631 [ERROR] LogOutputStream:75 - [STDERR_REDIRECT] 
2026-03-29 17:28:53,649 [ERROR] LogOutputStream:75 - [STDERR_REDIRECT] [Fatal Error] :1:1: Premature end of file.
2026-03-29 17:28:53,649 [ERROR] LogOutputStream:75 - [STDERR_REDIRECT] 
2026-03-29 17:28:54,633 [ERROR] LogOutputStream:75 - [STDERR_REDIRECT] [Fatal Error] :1:1: Premature end of file.
2026-03-29 17:28:54,634 [ERROR] LogOutputStream:75 - [STDERR_REDIRECT] 
2026-03-29 17:28:55,641 [ERROR] LogOutputStream:75 - [STDERR_REDIRECT] [Fatal Error] :1:1: Premature end of file.
2026-03-29 17:28:55,642 [ERROR] LogOutputStream:75 - [STDERR_REDIRECT] 
2026-03-29 17:28:56,641 [ERROR] LogOutputStream:75 - [STDERR_REDIRECT] [Fatal Error] :1:1: Premature end of file.
2026-03-29 17:28:56,641 [ERROR] LogOutputStream:75 - [STDERR_REDIRECT] 
2026-03-29 17:28:57,632 [ERROR] LogOutputStream:75 - [STDERR_REDIRECT] [Fatal Error] :1:1: Premature end of file.
2026-03-29 17:28:57,634 [ERROR] LogOutputStream:75 - [STDERR_REDIRECT] 
2026-03-29 17:28:58,632 [ERROR] LogOutputStream:75 - [STDERR_REDIRECT] [Fatal Error] :1:1: Premature end of file.
2026-03-29 17:28:58,632 [ERROR] LogOutputStream:75 - [STDERR_REDIRECT] 
2026-03-29 17:28:59,644 [ERROR] LogOutputStream:75 - [STDERR_REDIRECT] [Fatal Error] :1:1: Premature end of file.
2026-03-29 17:28:59,644 [ERROR] LogOutputStream:75 - [STDERR_REDIRECT] 
2026-03-29 17:29:00,637 [ERROR] LogOutputStream:75 - [STDERR_REDIRECT] [Fatal Error] :1:1: Premature end of file.
2026-03-29 17:29:00,637 [ERROR] LogOutputStream:75 - [STDERR_REDIRECT] 
2026-03-29 17:29:01,630 [ERROR] LogOutputStream:75 - [STDERR_REDIRECT] [Fatal Error] :1:1: Premature end of file.
2026-03-29 17:29:01,630 [ERROR] LogOutputStream:75 - [STDERR_REDIRECT] 
2026-03-29 17:29:02,639 [ERROR] LogOutputStream:75 - [STDERR_REDIRECT] [Fatal Error] :1:1: Premature end of file.
2026-03-29 17:29:02,639 [ERROR] LogOutputStream:75 - [STDERR_REDIRECT] 
2026-03-29 17:29:03,630 [ERROR] LogOutputStream:75 - [STDERR_REDIRECT] [Fatal Error] :1:1: Premature end of file.
2026-03-29 17:29:03,630 [ERROR] LogOutputStream:75 - [STDERR_REDIRECT] 
2026-03-29 17:29:04,635 [ERROR] LogOutputStream:75 - [STDERR_REDIRECT] [Fatal Error] :1:1: Premature end of file.
2026-03-29 17:29:04,636 [ERROR] LogOutputStream:75 - [STDERR_REDIRECT] 
2026-03-29 17:29:05,639 [ERROR] LogOutputStream:75 - [STDERR_REDIRECT] [Fatal Error] :1:1: Premature end of file.
2026-03-29 17:29:05,639 [ERROR] LogOutputStream:75 - [STDERR_REDIRECT] 
2026-03-29 17:29:06,639 [ERROR] LogOutputStream:75 - [STDERR_REDIRECT] [Fatal Error] :1:1: Premature end of file.
2026-03-29 17:29:06,639 [ERROR] LogOutputStream:75 - [STDERR_REDIRECT] 
2026-03-29 17:29:07,641 [ERROR] LogOutputStream:75 - [STDERR_REDIRECT] [Fatal Error] :1:1: Premature end of file.
2026-03-29 17:29:07,641 [ERROR] LogOutputStream:75 - [STDERR_REDIRECT] 
2026-03-29 17:29:08,636 [ERROR] LogOutputStream:75 - [STDERR_REDIRECT] [Fatal Error] :1:1: Premature end of file.
2026-03-29 17:29:08,636 [ERROR] LogOutputStream:75 - [STDERR_REDIRECT] 
2026-03-29 17:29:09,642 [ERROR] LogOutputStream:75 - [STDERR_REDIRECT] [Fatal Error] :1:1: Premature end of file.
2026-03-29 17:29:09,642 [ERROR] LogOutputStream:75 - [STDERR_REDIRECT] 
2026-03-29 17:29:10,636 [ERROR] LogOutputStream:75 - [STDERR_REDIRECT] [Fatal Error] :1:1: Premature end of file.
2026-03-29 17:29:10,636 [ERROR] LogOutputStream:75 - [STDERR_REDIRECT] 
2026-03-29 17:29:11,642 [ERROR] LogOutputStream:75 - [STDERR_REDIRECT] [Fatal Error] :1:1: Premature end of file.
2026-03-29 17:29:11,642 [ERROR] LogOutputStream:75 - [STDERR_REDIRECT] 
2026-03-29 17:29:12,633 [ERROR] LogOutputStream:75 - [STDERR_REDIRECT] [Fatal Error] :1:1: Premature end of file.
2026-03-29 17:29:12,635 [ERROR] LogOutputStream:75 - [STDERR_REDIRECT] 
2026-03-29 17:29:13,638 [ERROR] LogOutputStream:75 - [STDERR_REDIRECT] [Fatal Error] :1:1: Premature end of file.
2026-03-29 17:29:13,638 [ERROR] LogOutputStream:75 - [STDERR_REDIRECT] 
2026-03-29 17:29:14,637 [ERROR] LogOutputStream:75 - [STDERR_REDIRECT] [Fatal Error] :1:1: Premature end of file.
2026-03-29 17:29:14,637 [ERROR] LogOutputStream:75 - [STDERR_REDIRECT] 
2026-03-29 17:29:15,635 [ERROR] LogOutputStream:75 - [STDERR_REDIRECT] [Fatal Error] :1:1: Premature end of file.
2026-03-29 17:29:15,635 [ERROR] LogOutputStream:75 - [STDERR_REDIRECT] 
2026-03-29 17:29:16,637 [ERROR] LogOutputStream:75 - [STDERR_REDIRECT] [Fatal Error] :1:1: Premature end of file.
2026-03-29 17:29:16,637 [ERROR] LogOutputStream:75 - [STDERR_REDIRECT] 
2026-03-29 17:29:17,633 [ERROR] LogOutputStream:75 - [STDERR_REDIRECT] [Fatal Error] :1:1: Premature end of file.
2026-03-29 17:29:17,633 [ERROR] LogOutputStream:75 - [STDERR_REDIRECT] 
2026-03-29 17:29:18,642 [ERROR] LogOutputStream:75 - [STDERR_REDIRECT] [Fatal Error] :1:1: Premature end of file.
2026-03-29 17:29:18,642 [ERROR] LogOutputStream:75 - [STDERR_REDIRECT] 
2026-03-29 17:29:19,634 [ERROR] LogOutputStream:75 - [STDERR_REDIRECT] [Fatal Error] :1:1: Premature end of file.
2026-03-29 17:29:19,634 [ERROR] LogOutputStream:75 - [STDERR_REDIRECT] 
2026-03-29 17:29:20,639 [ERROR] LogOutputStream:75 - [STDERR_REDIRECT] [Fatal Error] :1:1: Premature end of file.
2026-03-29 17:29:20,639 [ERROR] LogOutputStream:75 - [STDERR_REDIRECT] 
2026-03-29 17:29:21,638 [ERROR] LogOutputStream:75 - [STDERR_REDIRECT] [Fatal Error] :1:1: Premature end of file.
2026-03-29 17:29:21,640 [ERROR] LogOutputStream:75 - [STDERR_REDIRECT] 
2026-03-29 17:29:22,647 [ERROR] LogOutputStream:75 - [STDERR_REDIRECT] [Fatal Error] :1:1: Premature end of file.
2026-03-29 17:29:22,647 [ERROR] LogOutputStream:75 - [STDERR_REDIRECT] 
2026-03-29 17:29:23,638 [ERROR] LogOutputStream:75 - [STDERR_REDIRECT] [Fatal Error] :1:1: Premature end of file.
2026-03-29 17:29:23,638 [ERROR] LogOutputStream:75 - [STDERR_REDIRECT] 
2026-03-29 17:29:24,646 [ERROR] LogOutputStream:75 - [STDERR_REDIRECT] [Fatal Error] :1:1: Premature end of file.
2026-03-29 17:29:24,646 [ERROR] LogOutputStream:75 - [STDERR_REDIRECT] 
2026-03-29 17:29:25,643 [ERROR] LogOutputStream:75 - [STDERR_REDIRECT] [Fatal Error] :1:1: Premature end of file.
2026-03-29 17:29:25,644 [ERROR] LogOutputStream:75 - [STDERR_REDIRECT] 
2026-03-29 17:29:26,639 [ERROR] LogOutputStream:75 - [STDERR_REDIRECT] [Fatal Error] :1:1: Premature end of file.
2026-03-29 17:29:26,639 [ERROR] LogOutputStream:75 - [STDERR_REDIRECT] 
2026-03-29 17:29:27,643 [ERROR] LogOutputStream:75 - [STDERR_REDIRECT] [Fatal Error] :1:1: Premature end of file.
2026-03-29 17:29:27,644 [ERROR] LogOutputStream:75 - [STDERR_REDIRECT] 
2026-03-29 17:29:28,627 [ERROR] LogOutputStream:75 - [STDERR_REDIRECT] [Fatal Error] :1:1: Premature end of file.
2026-03-29 17:29:28,627 [ERROR] LogOutputStream:75 - [STDERR_REDIRECT] 
2026-03-29 17:29:29,629 [ERROR] LogOutputStream:75 - [STDERR_REDIRECT] [Fatal Error] :1:1: Premature end of file.
2026-03-29 17:29:29,630 [ERROR] LogOutputStream:75 - [STDERR_REDIRECT] 
2026-03-29 17:29:30,638 [ERROR] LogOutputStream:75 - [STDERR_REDIRECT] [Fatal Error] :1:1: Premature end of file.
2026-03-29 17:29:30,643 [ERROR] LogOutputStream:75 - [STDERR_REDIRECT] 
2026-03-29 17:29:31,637 [ERROR] LogOutputStream:75 - [STDERR_REDIRECT] [Fatal Error] :1:1: Premature end of file.
2026-03-29 17:29:31,637 [ERROR] LogOutputStream:75 - [STDERR_REDIRECT] 
2026-03-29 17:29:32,632 [ERROR] LogOutputStream:75 - [STDERR_REDIRECT] [Fatal Error] :1:1: Premature end of file.
2026-03-29 17:29:32,632 [ERROR] LogOutputStream:75 - [STDERR_REDIRECT] 
2026-03-29 17:29:33,638 [ERROR] LogOutputStream:75 - [STDERR_REDIRECT] [Fatal Error] :1:1: Premature end of file.
2026-03-29 17:29:33,638 [ERROR] LogOutputStream:75 - [STDERR_REDIRECT] 
2026-03-29 17:29:34,631 [ERROR] LogOutputStream:75 - [STDERR_REDIRECT] [Fatal Error] :1:1: Premature end of file.
2026-03-29 17:29:34,631 [ERROR] LogOutputStream:75 - [STDERR_REDIRECT] 
2026-03-29 17:29:35,627 [ERROR] LogOutputStream:75 - [STDERR_REDIRECT] [Fatal Error] :1:1: Premature end of file.
2026-03-29 17:29:35,628 [ERROR] LogOutputStream:75 - [STDERR_REDIRECT] 
2026-03-29 17:29:36,638 [ERROR] LogOutputStream:75 - [STDERR_REDIRECT] [Fatal Error] :1:1: Premature end of file.
2026-03-29 17:29:36,638 [ERROR] LogOutputStream:75 - [STDERR_REDIRECT] 
2026-03-29 17:29:37,641 [ERROR] LogOutputStream:75 - [STDERR_REDIRECT] [Fatal Error] :1:1: Premature end of file.
2026-03-29 17:29:37,641 [ERROR] LogOutputStream:75 - [STDERR_REDIRECT] 
2026-03-29 17:29:38,632 [ERROR] LogOutputStream:75 - [STDERR_REDIRECT] [Fatal Error] :1:1: Premature end of file.
2026-03-29 17:29:38,633 [ERROR] LogOutputStream:75 - [STDERR_REDIRECT] 
2026-03-29 17:29:39,638 [ERROR] LogOutputStream:75 - [STDERR_REDIRECT] [Fatal Error] :1:1: Premature end of file.
2026-03-29 17:29:39,638 [ERROR] LogOutputStream:75 - [STDERR_REDIRECT] 
2026-03-29 17:29:40,636 [ERROR] LogOutputStream:75 - [STDERR_REDIRECT] [Fatal Error] :1:1: Premature end of file.
2026-03-29 17:29:40,636 [ERROR] LogOutputStream:75 - [STDERR_REDIRECT] 
2026-03-29 17:29:41,628 [ERROR] LogOutputStream:75 - [STDERR_REDIRECT] [Fatal Error] :1:1: Premature end of file.
2026-03-29 17:29:41,629 [ERROR] LogOutputStream:75 - [STDERR_REDIRECT] 
2026-03-29 17:29:42,638 [ERROR] LogOutputStream:75 - [STDERR_REDIRECT] [Fatal Error] :1:1: Premature end of file.
2026-03-29 17:29:42,638 [ERROR] LogOutputStream:75 - [STDERR_REDIRECT] 
2026-03-29 17:29:43,639 [ERROR] LogOutputStream:75 - [STDERR_REDIRECT] [Fatal Error] :1:1: Premature end of file.
2026-03-29 17:29:43,639 [ERROR] LogOutputStream:75 - [STDERR_REDIRECT] 
2026-03-29 17:29:44,634 [ERROR] LogOutputStream:75 - [STDERR_REDIRECT] [Fatal Error] :1:1: Premature end of file.
2026-03-29 17:29:44,635 [ERROR] LogOutputStream:75 - [STDERR_REDIRECT] 
2026-03-29 17:29:45,652 [ERROR] LogOutputStream:75 - [STDERR_REDIRECT] [Fatal Error] :1:1: Premature end of file.
2026-03-29 17:29:45,652 [ERROR] LogOutputStream:75 - [STDERR_REDIRECT] 
2026-03-29 17:29:46,641 [ERROR] LogOutputStream:75 - [STDERR_REDIRECT] [Fatal Error] :1:1: Premature end of file.
2026-03-29 17:29:46,641 [ERROR] LogOutputStream:75 - [STDERR_REDIRECT] 
2026-03-29 17:29:47,645 [ERROR] LogOutputStream:75 - [STDERR_REDIRECT] [Fatal Error] :1:1: Premature end of file.
2026-03-29 17:29:47,645 [ERROR] LogOutputStream:75 - [STDERR_REDIRECT] 
2026-03-29 17:29:48,647 [ERROR] LogOutputStream:75 - [STDERR_REDIRECT] [Fatal Error] :1:1: Premature end of file.
2026-03-29 17:29:48,647 [ERROR] LogOutputStream:75 - [STDERR_REDIRECT] 
2026-03-29 17:29:49,638 [ERROR] LogOutputStream:75 - [STDERR_REDIRECT] [Fatal Error] :1:1: Premature end of file.
2026-03-29 17:29:49,638 [ERROR] LogOutputStream:75 - [STDERR_REDIRECT] 
2026-03-29 17:29:50,646 [ERROR] LogOutputStream:75 - [STDERR_REDIRECT] [Fatal Error] :1:1: Premature end of file.
2026-03-29 17:29:50,646 [ERROR] LogOutputStream:75 - [STDERR_REDIRECT] 
2026-03-29 17:29:51,639 [ERROR] LogOutputStream:75 - [STDERR_REDIRECT] [Fatal Error] :1:1: Premature end of file.
2026-03-29 17:29:51,639 [ERROR] LogOutputStream:75 - [STDERR_REDIRECT] 
2026-03-29 17:29:52,643 [ERROR] LogOutputStream:75 - [STDERR_REDIRECT] [Fatal Error] :1:1: Premature end of file.
2026-03-29 17:29:52,643 [ERROR] LogOutputStream:75 - [STDERR_REDIRECT] 
2026-03-29 17:29:53,640 [ERROR] LogOutputStream:75 - [STDERR_REDIRECT] [Fatal Error] :1:1: Premature end of file.
2026-03-29 17:29:53,640 [ERROR] LogOutputStream:75 - [STDERR_REDIRECT] 
2026-03-29 17:29:54,640 [ERROR] LogOutputStream:75 - [STDERR_REDIRECT] [Fatal Error] :1:1: Premature end of file.
2026-03-29 17:29:54,640 [ERROR] LogOutputStream:75 - [STDERR_REDIRECT] 
2026-03-29 17:29:55,637 [ERROR] LogOutputStream:75 - [STDERR_REDIRECT] [Fatal Error] :1:1: Premature end of file.
2026-03-29 17:29:55,638 [ERROR] LogOutputStream:75 - [STDERR_REDIRECT] 
2026-03-29 17:29:56,636 [ERROR] LogOutputStream:75 - [STDERR_REDIRECT] [Fatal Error] :1:1: Premature end of file.
2026-03-29 17:29:56,636 [ERROR] LogOutputStream:75 - [STDERR_REDIRECT] 
2026-03-29 17:29:57,636 [ERROR] LogOutputStream:75 - [STDERR_REDIRECT] [Fatal Error] :1:1: Premature end of file.
2026-03-29 17:29:57,638 [ERROR] LogOutputStream:75 - [STDERR_REDIRECT] 
2026-03-29 17:29:58,659 [ERROR] LogOutputStream:75 - [STDERR_REDIRECT] [Fatal Error] :1:1: Premature end of file.
2026-03-29 17:29:58,659 [ERROR] LogOutputStream:75 - [STDERR_REDIRECT] 
2026-03-29 17:29:59,641 [ERROR] LogOutputStream:75 - [STDERR_REDIRECT] [Fatal Error] :1:1: Premature end of file.
2026-03-29 17:29:59,641 [ERROR] LogOutputStream:75 - [STDERR_REDIRECT] 
2026-03-29 17:30:00,643 [ERROR] LogOutputStream:75 - [STDERR_REDIRECT] [Fatal Error] :1:1: Premature end of file.
2026-03-29 17:30:00,643 [ERROR] LogOutputStream:75 - [STDERR_REDIRECT] 
2026-03-29 17:30:01,645 [ERROR] LogOutputStream:75 - [STDERR_REDIRECT] [Fatal Error] :1:1: Premature end of file.
2026-03-29 17:30:01,645 [ERROR] LogOutputStream:75 - [STDERR_REDIRECT] 
2026-03-29 17:30:02,632 [ERROR] LogOutputStream:75 - [STDERR_REDIRECT] [Fatal Error] :1:1: Premature end of file.
2026-03-29 17:30:02,632 [ERROR] LogOutputStream:75 - [STDERR_REDIRECT] 
2026-03-29 17:30:03,635 [ERROR] LogOutputStream:75 - [STDERR_REDIRECT] [Fatal Error] :1:1: Premature end of file.
2026-03-29 17:30:03,635 [ERROR] LogOutputStream:75 - [STDERR_REDIRECT] 
2026-03-29 17:30:04,642 [ERROR] LogOutputStream:75 - [STDERR_REDIRECT] [Fatal Error] :1:1: Premature end of file.
2026-03-29 17:30:04,643 [ERROR] LogOutputStream:75 - [STDERR_REDIRECT] 
2026-03-29 17:30:05,636 [ERROR] LogOutputStream:75 - [STDERR_REDIRECT] [Fatal Error] :1:1: Premature end of file.
2026-03-29 17:30:05,636 [ERROR] LogOutputStream:75 - [STDERR_REDIRECT] 
2026-03-29 17:30:06,646 [ERROR] LogOutputStream:75 - [STDERR_REDIRECT] [Fatal Error] :1:1: Premature end of file.
2026-03-29 17:30:06,646 [ERROR] LogOutputStream:75 - [STDERR_REDIRECT] 
2026-03-29 17:30:07,649 [ERROR] LogOutputStream:75 - [STDERR_REDIRECT] [Fatal Error] :1:1: Premature end of file.
2026-03-29 17:30:07,649 [ERROR] LogOutputStream:75 - [STDERR_REDIRECT] 
2026-03-29 17:30:08,632 [ERROR] LogOutputStream:75 - [STDERR_REDIRECT] [Fatal Error] :1:1: Premature end of file.
2026-03-29 17:30:08,632 [ERROR] LogOutputStream:75 - [STDERR_REDIRECT] 
2026-03-29 17:30:09,640 [ERROR] LogOutputStream:75 - [STDERR_REDIRECT] [Fatal Error] :1:1: Premature end of file.
2026-03-29 17:30:09,640 [ERROR] LogOutputStream:75 - [STDERR_REDIRECT] 
2026-03-29 17:30:10,648 [ERROR] LogOutputStream:75 - [STDERR_REDIRECT] [Fatal Error] :1:1: Premature end of file.
2026-03-29 17:30:10,648 [ERROR] LogOutputStream:75 - [STDERR_REDIRECT] 
2026-03-29 17:30:11,636 [ERROR] LogOutputStream:75 - [STDERR_REDIRECT] [Fatal Error] :1:1: Premature end of file.
2026-03-29 17:30:11,636 [ERROR] LogOutputStream:75 - [STDERR_REDIRECT] 
2026-03-29 17:30:12,654 [ERROR] LogOutputStream:75 - [STDERR_REDIRECT] [Fatal Error] :1:1: Premature end of file.
2026-03-29 17:30:12,654 [ERROR] LogOutputStream:75 - [STDERR_REDIRECT] 
2026-03-29 17:30:13,644 [ERROR] LogOutputStream:75 - [STDERR_REDIRECT] [Fatal Error] :1:1: Premature end of file.
2026-03-29 17:30:13,644 [ERROR] LogOutputStream:75 - [STDERR_REDIRECT] 
2026-03-29 17:30:14,636 [ERROR] LogOutputStream:75 - [STDERR_REDIRECT] [Fatal Error] :1:1: Premature end of file.
2026-03-29 17:30:14,636 [ERROR] LogOutputStream:75 - [STDERR_REDIRECT] 
2026-03-29 17:30:15,648 [ERROR] LogOutputStream:75 - [STDERR_REDIRECT] [Fatal Error] :1:1: Premature end of file.
2026-03-29 17:30:15,648 [ERROR] LogOutputStream:75 - [STDERR_REDIRECT] 
2026-03-29 17:30:16,646 [ERROR] LogOutputStream:75 - [STDERR_REDIRECT] [Fatal Error] :1:1: Premature end of file.
2026-03-29 17:30:16,646 [ERROR] LogOutputStream:75 - [STDERR_REDIRECT] 
2026-03-29 17:30:17,648 [ERROR] LogOutputStream:75 - [STDERR_REDIRECT] [Fatal Error] :1:1: Premature end of file.
2026-03-29 17:30:17,648 [ERROR] LogOutputStream:75 - [STDERR_REDIRECT] 
2026-03-29 17:30:18,650 [ERROR] LogOutputStream:75 - [STDERR_REDIRECT] [Fatal Error] :1:1: Premature end of file.
2026-03-29 17:30:18,652 [ERROR] LogOutputStream:75 - [STDERR_REDIRECT] 
2026-03-29 17:30:19,645 [ERROR] LogOutputStream:75 - [STDERR_REDIRECT] [Fatal Error] :1:1: Premature end of file.
2026-03-29 17:30:19,645 [ERROR] LogOutputStream:75 - [STDERR_REDIRECT] 
2026-03-29 17:30:20,633 [ERROR] LogOutputStream:75 - [STDERR_REDIRECT] [Fatal Error] :1:1: Premature end of file.
2026-03-29 17:30:20,633 [ERROR] LogOutputStream:75 - [STDERR_REDIRECT] 
2026-03-29 17:30:21,689 [ERROR] LogOutputStream:75 - [STDERR_REDIRECT] [Fatal Error] :1:1: Premature end of file.
2026-03-29 17:30:21,689 [ERROR] LogOutputStream:75 - [STDERR_REDIRECT] 
2026-03-29 17:30:22,639 [ERROR] LogOutputStream:75 - [STDERR_REDIRECT] [Fatal Error] :1:1: Premature end of file.
2026-03-29 17:30:22,640 [ERROR] LogOutputStream:75 - [STDERR_REDIRECT] 
2026-03-29 17:30:23,643 [ERROR] LogOutputStream:75 - [STDERR_REDIRECT] [Fatal Error] :1:1: Premature end of file.
2026-03-29 17:30:23,643 [ERROR] LogOutputStream:75 - [STDERR_REDIRECT] 
2026-03-29 17:30:24,634 [ERROR] LogOutputStream:75 - [STDERR_REDIRECT] [Fatal Error] :1:1: Premature end of file.
2026-03-29 17:30:24,635 [ERROR] LogOutputStream:75 - [STDERR_REDIRECT] 
2026-03-29 17:30:25,649 [ERROR] LogOutputStream:75 - [STDERR_REDIRECT] [Fatal Error] :1:1: Premature end of file.
2026-03-29 17:30:25,649 [ERROR] LogOutputStream:75 - [STDERR_REDIRECT] 
2026-03-29 17:30:26,634 [ERROR] LogOutputStream:75 - [STDERR_REDIRECT] [Fatal Error] :1:1: Premature end of file.
2026-03-29 17:30:26,634 [ERROR] LogOutputStream:75 - [STDERR_REDIRECT] 
2026-03-29 17:30:27,646 [ERROR] LogOutputStream:75 - [STDERR_REDIRECT] [Fatal Error] :1:1: Premature end of file.
2026-03-29 17:30:27,647 [ERROR] LogOutputStream:75 - [STDERR_REDIRECT] 
2026-03-29 17:30:28,629 [ERROR] LogOutputStream:75 - [STDERR_REDIRECT] [Fatal Error] :1:1: Premature end of file.
2026-03-29 17:30:28,629 [ERROR] LogOutputStream:75 - [STDERR_REDIRECT] 
2026-03-29 17:30:29,632 [ERROR] LogOutputStream:75 - [STDERR_REDIRECT] [Fatal Error] :1:1: Premature end of file.
2026-03-29 17:30:29,633 [ERROR] LogOutputStream:75 - [STDERR_REDIRECT] 
2026-03-29 17:30:30,627 [ERROR] LogOutputStream:75 - [STDERR_REDIRECT] [Fatal Error] :1:1: Premature end of file.
2026-03-29 17:30:30,628 [ERROR] LogOutputStream:75 - [STDERR_REDIRECT] 
2026-03-29 17:30:31,630 [ERROR] LogOutputStream:75 - [STDERR_REDIRECT] [Fatal Error] :1:1: Premature end of file.
2026-03-29 17:30:31,630 [ERROR] LogOutputStream:75 - [STDERR_REDIRECT] 
2026-03-29 17:30:32,635 [ERROR] LogOutputStream:75 - [STDERR_REDIRECT] [Fatal Error] :1:1: Premature end of file.
2026-03-29 17:30:32,635 [ERROR] LogOutputStream:75 - [STDERR_REDIRECT] 
2026-03-29 17:30:33,635 [ERROR] LogOutputStream:75 - [STDERR_REDIRECT] [Fatal Error] :1:1: Premature end of file.
2026-03-29 17:30:33,635 [ERROR] LogOutputStream:75 - [STDERR_REDIRECT] 
2026-03-29 17:30:34,630 [ERROR] LogOutputStream:75 - [STDERR_REDIRECT] [Fatal Error] :1:1: Premature end of file.
2026-03-29 17:30:34,630 [ERROR] LogOutputStream:75 - [STDERR_REDIRECT] 
2026-03-29 17:30:35,626 [ERROR] LogOutputStream:75 - [STDERR_REDIRECT] [Fatal Error] :1:1: Premature end of file.
2026-03-29 17:30:35,626 [ERROR] LogOutputStream:75 - [STDERR_REDIRECT] 
2026-03-29 17:30:36,664 [ERROR] LogOutputStream:75 - [STDERR_REDIRECT] [Fatal Error] :1:1: Premature end of file.
2026-03-29 17:30:36,664 [ERROR] LogOutputStream:75 - [STDERR_REDIRECT] 
2026-03-29 17:30:37,635 [ERROR] LogOutputStream:75 - [STDERR_REDIRECT] [Fatal Error] :1:1: Premature end of file.
2026-03-29 17:30:37,635 [ERROR] LogOutputStream:75 - [STDERR_REDIRECT] 
2026-03-29 17:30:38,635 [ERROR] LogOutputStream:75 - [STDERR_REDIRECT] [Fatal Error] :1:1: Premature end of file.
2026-03-29 17:30:38,635 [ERROR] LogOutputStream:75 - [STDERR_REDIRECT] 
2026-03-29 17:30:39,637 [ERROR] LogOutputStream:75 - [STDERR_REDIRECT] [Fatal Error] :1:1: Premature end of file.
2026-03-29 17:30:39,637 [ERROR] LogOutputStream:75 - [STDERR_REDIRECT] 
2026-03-29 17:30:40,637 [ERROR] LogOutputStream:75 - [STDERR_REDIRECT] [Fatal Error] :1:1: Premature end of file.
2026-03-29 17:30:40,637 [ERROR] LogOutputStream:75 - [STDERR_REDIRECT] 
2026-03-29 17:30:41,637 [ERROR] LogOutputStream:75 - [STDERR_REDIRECT] [Fatal Error] :1:1: Premature end of file.
2026-03-29 17:30:41,637 [ERROR] LogOutputStream:75 - [STDERR_REDIRECT] 
2026-03-29 17:30:42,628 [ERROR] LogOutputStream:75 - [STDERR_REDIRECT] [Fatal Error] :1:1: Premature end of file.
2026-03-29 17:30:42,628 [ERROR] LogOutputStream:75 - [STDERR_REDIRECT] 
2026-03-29 17:30:43,640 [ERROR] LogOutputStream:75 - [STDERR_REDIRECT] [Fatal Error] :1:1: Premature end of file.
2026-03-29 17:30:43,640 [ERROR] LogOutputStream:75 - [STDERR_REDIRECT] 
2026-03-29 17:30:44,639 [ERROR] LogOutputStream:75 - [STDERR_REDIRECT] [Fatal Error] :1:1: Premature end of file.
2026-03-29 17:30:44,639 [ERROR] LogOutputStream:75 - [STDERR_REDIRECT] 
2026-03-29 17:30:45,632 [ERROR] LogOutputStream:75 - [STDERR_REDIRECT] [Fatal Error] :1:1: Premature end of file.
2026-03-29 17:30:45,632 [ERROR] LogOutputStream:75 - [STDERR_REDIRECT] 
2026-03-29 17:30:46,638 [ERROR] LogOutputStream:75 - [STDERR_REDIRECT] [Fatal Error] :1:1: Premature end of file.
2026-03-29 17:30:46,638 [ERROR] LogOutputStream:75 - [STDERR_REDIRECT] 
2026-03-29 17:30:47,674 [ERROR] LogOutputStream:75 - [STDERR_REDIRECT] [Fatal Error] :1:1: Premature end of file.
2026-03-29 17:30:47,674 [ERROR] LogOutputStream:75 - [STDERR_REDIRECT] 
2026-03-29 17:30:48,637 [ERROR] LogOutputStream:75 - [STDERR_REDIRECT] [Fatal Error] :1:1: Premature end of file.
2026-03-29 17:30:48,637 [ERROR] LogOutputStream:75 - [STDERR_REDIRECT] 
2026-03-29 17:30:49,634 [ERROR] LogOutputStream:75 - [STDERR_REDIRECT] [Fatal Error] :1:1: Premature end of file.
2026-03-29 17:30:49,634 [ERROR] LogOutputStream:75 - [STDERR_REDIRECT] 
2026-03-29 17:30:50,644 [ERROR] LogOutputStream:75 - [STDERR_REDIRECT] [Fatal Error] :1:1: Premature end of file.
2026-03-29 17:30:50,644 [ERROR] LogOutputStream:75 - [STDERR_REDIRECT] 
2026-03-29 17:30:51,633 [ERROR] LogOutputStream:75 - [STDERR_REDIRECT] [Fatal Error] :1:1: Premature end of file.
2026-03-29 17:30:51,633 [ERROR] LogOutputStream:75 - [STDERR_REDIRECT] 
2026-03-29 17:30:52,641 [ERROR] LogOutputStream:75 - [STDERR_REDIRECT] [Fatal Error] :1:1: Premature end of file.
2026-03-29 17:30:52,642 [ERROR] LogOutputStream:75 - [STDERR_REDIRECT] 
2026-03-29 17:30:53,631 [ERROR] LogOutputStream:75 - [STDERR_REDIRECT] [Fatal Error] :1:1: Premature end of file.
2026-03-29 17:30:53,631 [ERROR] LogOutputStream:75 - [STDERR_REDIRECT] 
2026-03-29 17:30:54,638 [ERROR] LogOutputStream:75 - [STDERR_REDIRECT] [Fatal Error] :1:1: Premature end of file.
2026-03-29 17:30:54,638 [ERROR] LogOutputStream:75 - [STDERR_REDIRECT] 
2026-03-29 17:30:55,632 [ERROR] LogOutputStream:75 - [STDERR_REDIRECT] [Fatal Error] :1:1: Premature end of file.
2026-03-29 17:30:55,632 [ERROR] LogOutputStream:75 - [STDERR_REDIRECT] 
2026-03-29 17:30:56,631 [ERROR] LogOutputStream:75 - [STDERR_REDIRECT] [Fatal Error] :1:1: Premature end of file.
2026-03-29 17:30:56,631 [ERROR] LogOutputStream:75 - [STDERR_REDIRECT] 
2026-03-29 17:30:57,646 [ERROR] LogOutputStream:75 - [STDERR_REDIRECT] [Fatal Error] :1:1: Premature end of file.
2026-03-29 17:30:57,646 [ERROR] LogOutputStream:75 - [STDERR_REDIRECT] 
2026-03-29 17:30:58,637 [ERROR] LogOutputStream:75 - [STDERR_REDIRECT] [Fatal Error] :1:1: Premature end of file.
2026-03-29 17:30:58,637 [ERROR] LogOutputStream:75 - [STDERR_REDIRECT] 
2026-03-29 17:30:59,633 [ERROR] LogOutputStream:75 - [STDERR_REDIRECT] [Fatal Error] :1:1: Premature end of file.
2026-03-29 17:30:59,633 [ERROR] LogOutputStream:75 - [STDERR_REDIRECT] 
2026-03-29 17:31:00,643 [ERROR] LogOutputStream:75 - [STDERR_REDIRECT] [Fatal Error] :1:1: Premature end of file.
2026-03-29 17:31:00,643 [ERROR] LogOutputStream:75 - [STDERR_REDIRECT] 
2026-03-29 17:31:01,625 [ERROR] LogOutputStream:75 - [STDERR_REDIRECT] [Fatal Error] :1:1: Premature end of file.
2026-03-29 17:31:01,626 [ERROR] LogOutputStream:75 - [STDERR_REDIRECT] 
2026-03-29 17:31:02,638 [ERROR] LogOutputStream:75 - [STDERR_REDIRECT] [Fatal Error] :1:1: Premature end of file.
2026-03-29 17:31:02,638 [ERROR] LogOutputStream:75 - [STDERR_REDIRECT] 
2026-03-29 17:31:03,639 [ERROR] LogOutputStream:75 - [STDERR_REDIRECT] [Fatal Error] :1:1: Premature end of file.
2026-03-29 17:31:03,639 [ERROR] LogOutputStream:75 - [STDERR_REDIRECT] 
2026-03-29 17:31:04,643 [ERROR] LogOutputStream:75 - [STDERR_REDIRECT] [Fatal Error] :1:1: Premature end of file.
2026-03-29 17:31:04,643 [ERROR] LogOutputStream:75 - [STDERR_REDIRECT] 
2026-03-29 17:31:05,638 [ERROR] LogOutputStream:75 - [STDERR_REDIRECT] [Fatal Error] :1:1: Premature end of file.
2026-03-29 17:31:05,638 [ERROR] LogOutputStream:75 - [STDERR_REDIRECT] 
2026-03-29 17:31:06,640 [ERROR] LogOutputStream:75 - [STDERR_REDIRECT] [Fatal Error] :1:1: Premature end of file.
2026-03-29 17:31:06,641 [ERROR] LogOutputStream:75 - [STDERR_REDIRECT] 
2026-03-29 17:31:07,640 [ERROR] LogOutputStream:75 - [STDERR_REDIRECT] [Fatal Error] :1:1: Premature end of file.
2026-03-29 17:31:07,640 [ERROR] LogOutputStream:75 - [STDERR_REDIRECT] 
2026-03-29 17:31:08,657 [ERROR] LogOutputStream:75 - [STDERR_REDIRECT] [Fatal Error] :1:1: Premature end of file.
2026-03-29 17:31:08,657 [ERROR] LogOutputStream:75 - [STDERR_REDIRECT] 
2026-03-29 17:31:09,637 [ERROR] LogOutputStream:75 - [STDERR_REDIRECT] [Fatal Error] :1:1: Premature end of file.
2026-03-29 17:31:09,637 [ERROR] LogOutputStream:75 - [STDERR_REDIRECT] 
2026-03-29 17:31:10,647 [ERROR] LogOutputStream:75 - [STDERR_REDIRECT] [Fatal Error] :1:1: Premature end of file.
2026-03-29 17:31:10,647 [ERROR] LogOutputStream:75 - [STDERR_REDIRECT] 
2026-03-29 17:31:11,647 [ERROR] LogOutputStream:75 - [STDERR_REDIRECT] [Fatal Error] :1:1: Premature end of file.
2026-03-29 17:31:11,647 [ERROR] LogOutputStream:75 - [STDERR_REDIRECT] 
2026-03-29 17:31:12,635 [ERROR] LogOutputStream:75 - [STDERR_REDIRECT] [Fatal Error] :1:1: Premature end of file.
2026-03-29 17:31:12,636 [ERROR] LogOutputStream:75 - [STDERR_REDIRECT] 
2026-03-29 17:31:13,648 [ERROR] LogOutputStream:75 - [STDERR_REDIRECT] [Fatal Error] :1:1: Premature end of file.
2026-03-29 17:31:13,650 [ERROR] LogOutputStream:75 - [STDERR_REDIRECT] 
2026-03-29 17:31:14,644 [ERROR] LogOutputStream:75 - [STDERR_REDIRECT] [Fatal Error] :1:1: Premature end of file.
2026-03-29 17:31:14,644 [ERROR] LogOutputStream:75 - [STDERR_REDIRECT] 
2026-03-29 17:31:15,643 [ERROR] LogOutputStream:75 - [STDERR_REDIRECT] [Fatal Error] :1:1: Premature end of file.
2026-03-29 17:31:15,643 [ERROR] LogOutputStream:75 - [STDERR_REDIRECT] 
2026-03-29 17:31:16,636 [ERROR] LogOutputStream:75 - [STDERR_REDIRECT] [Fatal Error] :1:1: Premature end of file.
2026-03-29 17:31:16,636 [ERROR] LogOutputStream:75 - [STDERR_REDIRECT] 
2026-03-29 17:31:17,644 [ERROR] LogOutputStream:75 - [STDERR_REDIRECT] [Fatal Error] :1:1: Premature end of file.
2026-03-29 17:31:17,644 [ERROR] LogOutputStream:75 - [STDERR_REDIRECT] 
2026-03-29 17:31:18,664 [ERROR] LogOutputStream:75 - [STDERR_REDIRECT] [Fatal Error] :1:1: Premature end of file.
2026-03-29 17:31:18,664 [ERROR] LogOutputStream:75 - [STDERR_REDIRECT] 
2026-03-29 17:31:19,636 [ERROR] LogOutputStream:75 - [STDERR_REDIRECT] [Fatal Error] :1:1: Premature end of file.
2026-03-29 17:31:19,636 [ERROR] LogOutputStream:75 - [STDERR_REDIRECT] 
2026-03-29 17:31:20,636 [ERROR] LogOutputStream:75 - [STDERR_REDIRECT] [Fatal Error] :1:1: Premature end of file.
2026-03-29 17:31:20,636 [ERROR] LogOutputStream:75 - [STDERR_REDIRECT] 
2026-03-29 17:31:21,633 [ERROR] LogOutputStream:75 - [STDERR_REDIRECT] [Fatal Error] :1:1: Premature end of file.
2026-03-29 17:31:21,633 [ERROR] LogOutputStream:75 - [STDERR_REDIRECT] 
2026-03-29 17:31:22,637 [ERROR] LogOutputStream:75 - [STDERR_REDIRECT] [Fatal Error] :1:1: Premature end of file.
2026-03-29 17:31:22,637 [ERROR] LogOutputStream:75 - [STDERR_REDIRECT] 
2026-03-29 17:31:23,637 [ERROR] LogOutputStream:75 - [STDERR_REDIRECT] [Fatal Error] :1:1: Premature end of file.
2026-03-29 17:31:23,637 [ERROR] LogOutputStream:75 - [STDERR_REDIRECT] 
2026-03-29 17:31:24,654 [ERROR] LogOutputStream:75 - [STDERR_REDIRECT] [Fatal Error] :1:1: Premature end of file.
2026-03-29 17:31:24,656 [ERROR] LogOutputStream:75 - [STDERR_REDIRECT] 
2026-03-29 17:31:25,645 [ERROR] LogOutputStream:75 - [STDERR_REDIRECT] [Fatal Error] :1:1: Premature end of file.
2026-03-29 17:31:25,645 [ERROR] LogOutputStream:75 - [STDERR_REDIRECT] 
2026-03-29 17:31:26,638 [ERROR] LogOutputStream:75 - [STDERR_REDIRECT] [Fatal Error] :1:1: Premature end of file.
2026-03-29 17:31:26,638 [ERROR] LogOutputStream:75 - [STDERR_REDIRECT] 
2026-03-29 17:31:27,638 [ERROR] LogOutputStream:75 - [STDERR_REDIRECT] [Fatal Error] :1:1: Premature end of file.
2026-03-29 17:31:27,638 [ERROR] LogOutputStream:75 - [STDERR_REDIRECT] 
2026-03-29 17:31:28,647 [ERROR] LogOutputStream:75 - [STDERR_REDIRECT] [Fatal Error] :1:1: Premature end of file.
2026-03-29 17:31:28,648 [ERROR] LogOutputStream:75 - [STDERR_REDIRECT] 
2026-03-29 17:31:29,646 [ERROR] LogOutputStream:75 - [STDERR_REDIRECT] [Fatal Error] :1:1: Premature end of file.
2026-03-29 17:31:29,646 [ERROR] LogOutputStream:75 - [STDERR_REDIRECT] 
2026-03-29 17:31:30,640 [ERROR] LogOutputStream:75 - [STDERR_REDIRECT] [Fatal Error] :1:1: Premature end of file.
2026-03-29 17:31:30,640 [ERROR] LogOutputStream:75 - [STDERR_REDIRECT] 
2026-03-29 17:31:31,662 [ERROR] LogOutputStream:75 - [STDERR_REDIRECT] [Fatal Error] :1:1: Premature end of file.
2026-03-29 17:31:31,663 [ERROR] LogOutputStream:75 - [STDERR_REDIRECT] 
2026-03-29 17:31:32,649 [ERROR] LogOutputStream:75 - [STDERR_REDIRECT] [Fatal Error] :1:1: Premature end of file.
2026-03-29 17:31:32,650 [ERROR] LogOutputStream:75 - [STDERR_REDIRECT] 
2026-03-29 17:31:33,643 [ERROR] LogOutputStream:75 - [STDERR_REDIRECT] [Fatal Error] :1:1: Premature end of file.
2026-03-29 17:31:33,644 [ERROR] LogOutputStream:75 - [STDERR_REDIRECT] 
2026-03-29 17:31:34,632 [ERROR] LogOutputStream:75 - [STDERR_REDIRECT] [Fatal Error] :1:1: Premature end of file.
2026-03-29 17:31:34,634 [ERROR] LogOutputStream:75 - [STDERR_REDIRECT] 
2026-03-29 17:31:35,632 [ERROR] LogOutputStream:75 - [STDERR_REDIRECT] [Fatal Error] :1:1: Premature end of file.
2026-03-29 17:31:35,633 [ERROR] LogOutputStream:75 - [STDERR_REDIRECT] 
2026-03-29 17:31:36,642 [ERROR] LogOutputStream:75 - [STDERR_REDIRECT] [Fatal Error] :1:1: Premature end of file.
2026-03-29 17:31:36,642 [ERROR] LogOutputStream:75 - [STDERR_REDIRECT] 
2026-03-29 17:31:37,654 [ERROR] LogOutputStream:75 - [STDERR_REDIRECT] [Fatal Error] :1:1: Premature end of file.
2026-03-29 17:31:37,655 [ERROR] LogOutputStream:75 - [STDERR_REDIRECT] 
2026-03-29 17:31:38,648 [ERROR] LogOutputStream:75 - [STDERR_REDIRECT] [Fatal Error] :1:1: Premature end of file.
2026-03-29 17:31:38,648 [ERROR] LogOutputStream:75 - [STDERR_REDIRECT] 
2026-03-29 17:31:39,645 [ERROR] LogOutputStream:75 - [STDERR_REDIRECT] [Fatal Error] :1:1: Premature end of file.
2026-03-29 17:31:39,645 [ERROR] LogOutputStream:75 - [STDERR_REDIRECT] 
2026-03-29 17:31:40,629 [ERROR] LogOutputStream:75 - [STDERR_REDIRECT] [Fatal Error] :1:1: Premature end of file.
2026-03-29 17:31:40,629 [ERROR] LogOutputStream:75 - [STDERR_REDIRECT] 
2026-03-29 17:31:41,632 [ERROR] LogOutputStream:75 - [STDERR_REDIRECT] [Fatal Error] :1:1: Premature end of file.
2026-03-29 17:31:41,632 [ERROR] LogOutputStream:75 - [STDERR_REDIRECT] 
2026-03-29 17:31:42,638 [ERROR] LogOutputStream:75 - [STDERR_REDIRECT] [Fatal Error] :1:1: Premature end of file.
2026-03-29 17:31:42,638 [ERROR] LogOutputStream:75 - [STDERR_REDIRECT] 
2026-03-29 17:31:43,631 [ERROR] LogOutputStream:75 - [STDERR_REDIRECT] [Fatal Error] :1:1: Premature end of file.
2026-03-29 17:31:43,631 [ERROR] LogOutputStream:75 - [STDERR_REDIRECT] 
2026-03-29 17:31:44,629 [ERROR] LogOutputStream:75 - [STDERR_REDIRECT] [Fatal Error] :1:1: Premature end of file.
2026-03-29 17:31:44,629 [ERROR] LogOutputStream:75 - [STDERR_REDIRECT] 
2026-03-29 17:31:45,644 [ERROR] LogOutputStream:75 - [STDERR_REDIRECT] [Fatal Error] :1:1: Premature end of file.
2026-03-29 17:31:45,645 [ERROR] LogOutputStream:75 - [STDERR_REDIRECT] 
2026-03-29 17:31:46,637 [ERROR] LogOutputStream:75 - [STDERR_REDIRECT] [Fatal Error] :1:1: Premature end of file.
2026-03-29 17:31:46,637 [ERROR] LogOutputStream:75 - [STDERR_REDIRECT] 
2026-03-29 17:31:47,644 [ERROR] LogOutputStream:75 - [STDERR_REDIRECT] [Fatal Error] :1:1: Premature end of file.
2026-03-29 17:31:47,645 [ERROR] LogOutputStream:75 - [STDERR_REDIRECT] 
2026-03-29 17:31:48,629 [ERROR] LogOutputStream:75 - [STDERR_REDIRECT] [Fatal Error] :1:1: Premature end of file.
2026-03-29 17:31:48,629 [ERROR] LogOutputStream:75 - [STDERR_REDIRECT] 
2026-03-29 17:31:49,631 [ERROR] LogOutputStream:75 - [STDERR_REDIRECT] [Fatal Error] :1:1: Premature end of file.
2026-03-29 17:31:49,632 [ERROR] LogOutputStream:75 - [STDERR_REDIRECT] 
2026-03-29 17:31:50,631 [ERROR] LogOutputStream:75 - [STDERR_REDIRECT] [Fatal Error] :1:1: Premature end of file.
2026-03-29 17:31:50,631 [ERROR] LogOutputStream:75 - [STDERR_REDIRECT] 
2026-03-29 17:31:51,635 [ERROR] LogOutputStream:75 - [STDERR_REDIRECT] [Fatal Error] :1:1: Premature end of file.
2026-03-29 17:31:51,635 [ERROR] LogOutputStream:75 - [STDERR_REDIRECT] 
2026-03-29 17:31:52,637 [ERROR] LogOutputStream:75 - [STDERR_REDIRECT] [Fatal Error] :1:1: Premature end of file.
2026-03-29 17:31:52,638 [ERROR] LogOutputStream:75 - [STDERR_REDIRECT] 
2026-03-29 17:31:53,641 [ERROR] LogOutputStream:75 - [STDERR_REDIRECT] [Fatal Error] :1:1: Premature end of file.
2026-03-29 17:31:53,642 [ERROR] LogOutputStream:75 - [STDERR_REDIRECT] 
2026-03-29 17:31:54,646 [ERROR] LogOutputStream:75 - [STDERR_REDIRECT] [Fatal Error] :1:1: Premature end of file.
2026-03-29 17:31:54,646 [ERROR] LogOutputStream:75 - [STDERR_REDIRECT] 
2026-03-29 17:31:55,636 [ERROR] LogOutputStream:75 - [STDERR_REDIRECT] [Fatal Error] :1:1: Premature end of file.
2026-03-29 17:31:55,636 [ERROR] LogOutputStream:75 - [STDERR_REDIRECT] 
2026-03-29 17:31:56,626 [ERROR] LogOutputStream:75 - [STDERR_REDIRECT] [Fatal Error] :1:1: Premature end of file.
2026-03-29 17:31:56,626 [ERROR] LogOutputStream:75 - [STDERR_REDIRECT] 
2026-03-29 17:31:57,726 [ERROR] LogOutputStream:75 - [STDERR_REDIRECT] [Fatal Error] :1:1: Premature end of file.
2026-03-29 17:31:57,726 [ERROR] LogOutputStream:75 - [STDERR_REDIRECT] 
2026-03-29 17:31:58,646 [ERROR] LogOutputStream:75 - [STDERR_REDIRECT] [Fatal Error] :1:1: Premature end of file.
2026-03-29 17:31:58,646 [ERROR] LogOutputStream:75 - [STDERR_REDIRECT] 
2026-03-29 17:31:59,634 [ERROR] LogOutputStream:75 - [STDERR_REDIRECT] [Fatal Error] :1:1: Premature end of file.
2026-03-29 17:31:59,634 [ERROR] LogOutputStream:75 - [STDERR_REDIRECT] 
2026-03-29 17:32:00,631 [ERROR] LogOutputStream:75 - [STDERR_REDIRECT] [Fatal Error] :1:1: Premature end of file.
2026-03-29 17:32:00,631 [ERROR] LogOutputStream:75 - [STDERR_REDIRECT] 
2026-03-29 17:32:01,629 [ERROR] LogOutputStream:75 - [STDERR_REDIRECT] [Fatal Error] :1:1: Premature end of file.
2026-03-29 17:32:01,630 [ERROR] LogOutputStream:75 - [STDERR_REDIRECT] 
2026-03-29 17:32:02,637 [ERROR] LogOutputStream:75 - [STDERR_REDIRECT] [Fatal Error] :1:1: Premature end of file.
2026-03-29 17:32:02,637 [ERROR] LogOutputStream:75 - [STDERR_REDIRECT] 
2026-03-29 17:32:03,632 [ERROR] LogOutputStream:75 - [STDERR_REDIRECT] [Fatal Error] :1:1: Premature end of file.
2026-03-29 17:32:03,632 [ERROR] LogOutputStream:75 - [STDERR_REDIRECT] 
2026-03-29 17:32:04,646 [ERROR] LogOutputStream:75 - [STDERR_REDIRECT] [Fatal Error] :1:1: Premature end of file.
2026-03-29 17:32:04,646 [ERROR] LogOutputStream:75 - [STDERR_REDIRECT] 
2026-03-29 17:32:05,628 [ERROR] LogOutputStream:75 - [STDERR_REDIRECT] [Fatal Error] :1:1: Premature end of file.
2026-03-29 17:32:05,628 [ERROR] LogOutputStream:75 - [STDERR_REDIRECT] 
2026-03-29 17:32:06,640 [ERROR] LogOutputStream:75 - [STDERR_REDIRECT] [Fatal Error] :1:1: Premature end of file.
2026-03-29 17:32:06,640 [ERROR] LogOutputStream:75 - [STDERR_REDIRECT] 
2026-03-29 17:32:07,641 [ERROR] LogOutputStream:75 - [STDERR_REDIRECT] [Fatal Error] :1:1: Premature end of file.
2026-03-29 17:32:07,641 [ERROR] LogOutputStream:75 - [STDERR_REDIRECT] 
2026-03-29 17:32:08,640 [ERROR] LogOutputStream:75 - [STDERR_REDIRECT] [Fatal Error] :1:1: Premature end of file.
2026-03-29 17:32:08,640 [ERROR] LogOutputStream:75 - [STDERR_REDIRECT] 
2026-03-29 17:32:09,635 [ERROR] LogOutputStream:75 - [STDERR_REDIRECT] [Fatal Error] :1:1: Premature end of file.
2026-03-29 17:32:09,635 [ERROR] LogOutputStream:75 - [STDERR_REDIRECT] 
2026-03-29 17:32:10,646 [ERROR] LogOutputStream:75 - [STDERR_REDIRECT] [Fatal Error] :1:1: Premature end of file.
2026-03-29 17:32:10,646 [ERROR] LogOutputStream:75 - [STDERR_REDIRECT] 
2026-03-29 17:32:11,655 [ERROR] LogOutputStream:75 - [STDERR_REDIRECT] [Fatal Error] :1:1: Premature end of file.
2026-03-29 17:32:11,655 [ERROR] LogOutputStream:75 - [STDERR_REDIRECT] 
2026-03-29 17:32:12,638 [ERROR] LogOutputStream:75 - [STDERR_REDIRECT] [Fatal Error] :1:1: Premature end of file.
2026-03-29 17:32:12,638 [ERROR] LogOutputStream:75 - [STDERR_REDIRECT] 
2026-03-29 17:32:13,650 [ERROR] LogOutputStream:75 - [STDERR_REDIRECT] [Fatal Error] :1:1: Premature end of file.
2026-03-29 17:32:13,650 [ERROR] LogOutputStream:75 - [STDERR_REDIRECT] 
2026-03-29 17:32:14,641 [ERROR] LogOutputStream:75 - [STDERR_REDIRECT] [Fatal Error] :1:1: Premature end of file.
2026-03-29 17:32:14,641 [ERROR] LogOutputStream:75 - [STDERR_REDIRECT] 
2026-03-29 17:32:15,629 [ERROR] LogOutputStream:75 - [STDERR_REDIRECT] [Fatal Error] :1:1: Premature end of file.
2026-03-29 17:32:15,631 [ERROR] LogOutputStream:75 - [STDERR_REDIRECT] 
2026-03-29 17:32:16,632 [ERROR] LogOutputStream:75 - [STDERR_REDIRECT] [Fatal Error] :1:1: Premature end of file.
2026-03-29 17:32:16,632 [ERROR] LogOutputStream:75 - [STDERR_REDIRECT] 
2026-03-29 17:32:17,632 [ERROR] LogOutputStream:75 - [STDERR_REDIRECT] [Fatal Error] :1:1: Premature end of file.
2026-03-29 17:32:17,632 [ERROR] LogOutputStream:75 - [STDERR_REDIRECT] 
2026-03-29 17:32:18,645 [ERROR] LogOutputStream:75 - [STDERR_REDIRECT] [Fatal Error] :1:1: Premature end of file.
2026-03-29 17:32:18,645 [ERROR] LogOutputStream:75 - [STDERR_REDIRECT] 
2026-03-29 17:32:19,631 [ERROR] LogOutputStream:75 - [STDERR_REDIRECT] [Fatal Error] :1:1: Premature end of file.
2026-03-29 17:32:19,632 [ERROR] LogOutputStream:75 - [STDERR_REDIRECT] 
2026-03-29 17:32:20,639 [ERROR] LogOutputStream:75 - [STDERR_REDIRECT] [Fatal Error] :1:1: Premature end of file.
2026-03-29 17:32:20,639 [ERROR] LogOutputStream:75 - [STDERR_REDIRECT] 
2026-03-29 17:32:21,638 [ERROR] LogOutputStream:75 - [STDERR_REDIRECT] [Fatal Error] :1:1: Premature end of file.
2026-03-29 17:32:21,638 [ERROR] LogOutputStream:75 - [STDERR_REDIRECT] 
2026-03-29 17:32:22,632 [ERROR] LogOutputStream:75 - [STDERR_REDIRECT] [Fatal Error] :1:1: Premature end of file.
2026-03-29 17:32:22,632 [ERROR] LogOutputStream:75 - [STDERR_REDIRECT] 
2026-03-29 17:32:23,636 [ERROR] LogOutputStream:75 - [STDERR_REDIRECT] [Fatal Error] :1:1: Premature end of file.
2026-03-29 17:32:23,636 [ERROR] LogOutputStream:75 - [STDERR_REDIRECT] 
2026-03-29 17:32:24,636 [ERROR] LogOutputStream:75 - [STDERR_REDIRECT] [Fatal Error] :1:1: Premature end of file.
2026-03-29 17:32:24,637 [ERROR] LogOutputStream:75 - [STDERR_REDIRECT] 
2026-03-29 17:32:25,647 [ERROR] LogOutputStream:75 - [STDERR_REDIRECT] [Fatal Error] :1:1: Premature end of file.
2026-03-29 17:32:25,647 [ERROR] LogOutputStream:75 - [STDERR_REDIRECT] 
2026-03-29 17:32:26,648 [ERROR] LogOutputStream:75 - [STDERR_REDIRECT] [Fatal Error] :1:1: Premature end of file.
2026-03-29 17:32:26,649 [ERROR] LogOutputStream:75 - [STDERR_REDIRECT] 
2026-03-29 17:32:27,636 [ERROR] LogOutputStream:75 - [STDERR_REDIRECT] [Fatal Error] :1:1: Premature end of file.
2026-03-29 17:32:27,636 [ERROR] LogOutputStream:75 - [STDERR_REDIRECT] 
2026-03-29 17:32:28,633 [ERROR] LogOutputStream:75 - [STDERR_REDIRECT] [Fatal Error] :1:1: Premature end of file.
2026-03-29 17:32:28,633 [ERROR] LogOutputStream:75 - [STDERR_REDIRECT] 
2026-03-29 17:32:29,640 [ERROR] LogOutputStream:75 - [STDERR_REDIRECT] [Fatal Error] :1:1: Premature end of file.
2026-03-29 17:32:29,640 [ERROR] LogOutputStream:75 - [STDERR_REDIRECT] 
2026-03-29 17:32:30,633 [ERROR] LogOutputStream:75 - [STDERR_REDIRECT] [Fatal Error] :1:1: Premature end of file.
2026-03-29 17:32:30,633 [ERROR] LogOutputStream:75 - [STDERR_REDIRECT] 
2026-03-29 17:32:31,638 [ERROR] LogOutputStream:75 - [STDERR_REDIRECT] [Fatal Error] :1:1: Premature end of file.
2026-03-29 17:32:31,638 [ERROR] LogOutputStream:75 - [STDERR_REDIRECT] 
2026-03-29 17:32:32,628 [ERROR] LogOutputStream:75 - [STDERR_REDIRECT] [Fatal Error] :1:1: Premature end of file.
2026-03-29 17:32:32,628 [ERROR] LogOutputStream:75 - [STDERR_REDIRECT] 
2026-03-29 17:32:33,639 [ERROR] LogOutputStream:75 - [STDERR_REDIRECT] [Fatal Error] :1:1: Premature end of file.
2026-03-29 17:32:33,639 [ERROR] LogOutputStream:75 - [STDERR_REDIRECT] 
2026-03-29 17:32:34,634 [ERROR] LogOutputStream:75 - [STDERR_REDIRECT] [Fatal Error] :1:1: Premature end of file.
2026-03-29 17:32:34,635 [ERROR] LogOutputStream:75 - [STDERR_REDIRECT] 
2026-03-29 17:32:35,636 [ERROR] LogOutputStream:75 - [STDERR_REDIRECT] [Fatal Error] :1:1: Premature end of file.
2026-03-29 17:32:35,636 [ERROR] LogOutputStream:75 - [STDERR_REDIRECT] 
2026-03-29 17:32:36,649 [ERROR] LogOutputStream:75 - [STDERR_REDIRECT] [Fatal Error] :1:1: Premature end of file.
2026-03-29 17:32:36,649 [ERROR] LogOutputStream:75 - [STDERR_REDIRECT] 
2026-03-29 17:32:37,631 [ERROR] LogOutputStream:75 - [STDERR_REDIRECT] [Fatal Error] :1:1: Premature end of file.
2026-03-29 17:32:37,631 [ERROR] LogOutputStream:75 - [STDERR_REDIRECT] 
2026-03-29 17:32:38,637 [ERROR] LogOutputStream:75 - [STDERR_REDIRECT] [Fatal Error] :1:1: Premature end of file.
2026-03-29 17:32:38,637 [ERROR] LogOutputStream:75 - [STDERR_REDIRECT] 
2026-03-29 17:32:39,644 [ERROR] LogOutputStream:75 - [STDERR_REDIRECT] [Fatal Error] :1:1: Premature end of file.
2026-03-29 17:32:39,644 [ERROR] LogOutputStream:75 - [STDERR_REDIRECT] 
2026-03-29 17:32:40,646 [ERROR] LogOutputStream:75 - [STDERR_REDIRECT] [Fatal Error] :1:1: Premature end of file.
2026-03-29 17:32:40,646 [ERROR] LogOutputStream:75 - [STDERR_REDIRECT] 
2026-03-29 17:32:41,637 [ERROR] LogOutputStream:75 - [STDERR_REDIRECT] [Fatal Error] :1:1: Premature end of file.
2026-03-29 17:32:41,637 [ERROR] LogOutputStream:75 - [STDERR_REDIRECT] 
2026-03-29 17:32:42,643 [ERROR] LogOutputStream:75 - [STDERR_REDIRECT] [Fatal Error] :1:1: Premature end of file.
2026-03-29 17:32:42,643 [ERROR] LogOutputStream:75 - [STDERR_REDIRECT] 
2026-03-29 17:32:43,635 [ERROR] LogOutputStream:75 - [STDERR_REDIRECT] [Fatal Error] :1:1: Premature end of file.
2026-03-29 17:32:43,635 [ERROR] LogOutputStream:75 - [STDERR_REDIRECT] 
2026-03-29 17:32:44,641 [ERROR] LogOutputStream:75 - [STDERR_REDIRECT] [Fatal Error] :1:1: Premature end of file.
2026-03-29 17:32:44,641 [ERROR] LogOutputStream:75 - [STDERR_REDIRECT] 
2026-03-29 17:32:45,632 [ERROR] LogOutputStream:75 - [STDERR_REDIRECT] [Fatal Error] :1:1: Premature end of file.
2026-03-29 17:32:45,633 [ERROR] LogOutputStream:75 - [STDERR_REDIRECT] 
2026-03-29 17:32:46,642 [ERROR] LogOutputStream:75 - [STDERR_REDIRECT] [Fatal Error] :1:1: Premature end of file.
2026-03-29 17:32:46,642 [ERROR] LogOutputStream:75 - [STDERR_REDIRECT] 
2026-03-29 17:32:47,644 [ERROR] LogOutputStream:75 - [STDERR_REDIRECT] [Fatal Error] :1:1: Premature end of file.
2026-03-29 17:32:47,644 [ERROR] LogOutputStream:75 - [STDERR_REDIRECT] 
2026-03-29 17:32:48,644 [ERROR] LogOutputStream:75 - [STDERR_REDIRECT] [Fatal Error] :1:1: Premature end of file.
2026-03-29 17:32:48,644 [ERROR] LogOutputStream:75 - [STDERR_REDIRECT] 
2026-03-29 17:32:49,636 [ERROR] LogOutputStream:75 - [STDERR_REDIRECT] [Fatal Error] :1:1: Premature end of file.
2026-03-29 17:32:49,636 [ERROR] LogOutputStream:75 - [STDERR_REDIRECT] 
2026-03-29 17:32:50,631 [ERROR] LogOutputStream:75 - [STDERR_REDIRECT] [Fatal Error] :1:1: Premature end of file.
2026-03-29 17:32:50,631 [ERROR] LogOutputStream:75 - [STDERR_REDIRECT] 
2026-03-29 17:32:51,632 [ERROR] LogOutputStream:75 - [STDERR_REDIRECT] [Fatal Error] :1:1: Premature end of file.
2026-03-29 17:32:51,632 [ERROR] LogOutputStream:75 - [STDERR_REDIRECT] 
2026-03-29 17:32:52,636 [ERROR] LogOutputStream:75 - [STDERR_REDIRECT] [Fatal Error] :1:1: Premature end of file.
2026-03-29 17:32:52,636 [ERROR] LogOutputStream:75 - [STDERR_REDIRECT] 
2026-03-29 17:32:53,629 [ERROR] LogOutputStream:75 - [STDERR_REDIRECT] [Fatal Error] :1:1: Premature end of file.
2026-03-29 17:32:53,629 [ERROR] LogOutputStream:75 - [STDERR_REDIRECT] 
2026-03-29 17:32:54,637 [ERROR] LogOutputStream:75 - [STDERR_REDIRECT] [Fatal Error] :1:1: Premature end of file.
2026-03-29 17:32:54,637 [ERROR] LogOutputStream:75 - [STDERR_REDIRECT] 
2026-03-29 17:32:55,631 [ERROR] LogOutputStream:75 - [STDERR_REDIRECT] [Fatal Error] :1:1: Premature end of file.
2026-03-29 17:32:55,631 [ERROR] LogOutputStream:75 - [STDERR_REDIRECT] 
2026-03-29 17:32:56,639 [ERROR] LogOutputStream:75 - [STDERR_REDIRECT] [Fatal Error] :1:1: Premature end of file.
2026-03-29 17:32:56,639 [ERROR] LogOutputStream:75 - [STDERR_REDIRECT] 
2026-03-29 17:32:57,631 [ERROR] LogOutputStream:75 - [STDERR_REDIRECT] [Fatal Error] :1:1: Premature end of file.
2026-03-29 17:32:57,631 [ERROR] LogOutputStream:75 - [STDERR_REDIRECT] 
2026-03-29 17:32:58,629 [ERROR] LogOutputStream:75 - [STDERR_REDIRECT] [Fatal Error] :1:1: Premature end of file.
2026-03-29 17:32:58,629 [ERROR] LogOutputStream:75 - [STDERR_REDIRECT] 
2026-03-29 17:32:59,628 [ERROR] LogOutputStream:75 - [STDERR_REDIRECT] [Fatal Error] :1:1: Premature end of file.
2026-03-29 17:32:59,629 [ERROR] LogOutputStream:75 - [STDERR_REDIRECT] 
2026-03-29 17:33:00,644 [ERROR] LogOutputStream:75 - [STDERR_REDIRECT] [Fatal Error] :1:1: Premature end of file.
2026-03-29 17:33:00,644 [ERROR] LogOutputStream:75 - [STDERR_REDIRECT] 
2026-03-29 17:33:01,630 [ERROR] LogOutputStream:75 - [STDERR_REDIRECT] [Fatal Error] :1:1: Premature end of file.
2026-03-29 17:33:01,630 [ERROR] LogOutputStream:75 - [STDERR_REDIRECT] 
2026-03-29 17:33:02,628 [ERROR] LogOutputStream:75 - [STDERR_REDIRECT] [Fatal Error] :1:1: Premature end of file.
2026-03-29 17:33:02,629 [ERROR] LogOutputStream:75 - [STDERR_REDIRECT] 
2026-03-29 17:33:03,630 [ERROR] LogOutputStream:75 - [STDERR_REDIRECT] [Fatal Error] :1:1: Premature end of file.
2026-03-29 17:33:03,630 [ERROR] LogOutputStream:75 - [STDERR_REDIRECT] 
2026-03-29 17:33:04,638 [ERROR] LogOutputStream:75 - [STDERR_REDIRECT] [Fatal Error] :1:1: Premature end of file.
2026-03-29 17:33:04,638 [ERROR] LogOutputStream:75 - [STDERR_REDIRECT] 
2026-03-29 17:33:05,629 [ERROR] LogOutputStream:75 - [STDERR_REDIRECT] [Fatal Error] :1:1: Premature end of file.
2026-03-29 17:33:05,629 [ERROR] LogOutputStream:75 - [STDERR_REDIRECT] 
2026-03-29 17:33:06,638 [ERROR] LogOutputStream:75 - [STDERR_REDIRECT] [Fatal Error] :1:1: Premature end of file.
2026-03-29 17:33:06,639 [ERROR] LogOutputStream:75 - [STDERR_REDIRECT] 
2026-03-29 17:33:07,647 [ERROR] LogOutputStream:75 - [STDERR_REDIRECT] [Fatal Error] :1:1: Premature end of file.
2026-03-29 17:33:07,647 [ERROR] LogOutputStream:75 - [STDERR_REDIRECT] 
2026-03-29 17:33:08,641 [ERROR] LogOutputStream:75 - [STDERR_REDIRECT] [Fatal Error] :1:1: Premature end of file.
2026-03-29 17:33:08,641 [ERROR] LogOutputStream:75 - [STDERR_REDIRECT] 
2026-03-29 17:33:09,636 [ERROR] LogOutputStream:75 - [STDERR_REDIRECT] [Fatal Error] :1:1: Premature end of file.
2026-03-29 17:33:09,636 [ERROR] LogOutputStream:75 - [STDERR_REDIRECT] 
2026-03-29 17:33:10,638 [ERROR] LogOutputStream:75 - [STDERR_REDIRECT] [Fatal Error] :1:1: Premature end of file.
2026-03-29 17:33:10,638 [ERROR] LogOutputStream:75 - [STDERR_REDIRECT] 
2026-03-29 17:33:11,636 [ERROR] LogOutputStream:75 - [STDERR_REDIRECT] [Fatal Error] :1:1: Premature end of file.
2026-03-29 17:33:11,637 [ERROR] LogOutputStream:75 - [STDERR_REDIRECT] 
2026-03-29 17:33:12,635 [ERROR] LogOutputStream:75 - [STDERR_REDIRECT] [Fatal Error] :1:1: Premature end of file.
2026-03-29 17:33:12,635 [ERROR] LogOutputStream:75 - [STDERR_REDIRECT] 
2026-03-29 17:33:13,642 [ERROR] LogOutputStream:75 - [STDERR_REDIRECT] [Fatal Error] :1:1: Premature end of file.
2026-03-29 17:33:13,642 [ERROR] LogOutputStream:75 - [STDERR_REDIRECT] 
2026-03-29 17:33:14,638 [ERROR] LogOutputStream:75 - [STDERR_REDIRECT] [Fatal Error] :1:1: Premature end of file.
2026-03-29 17:33:14,638 [ERROR] LogOutputStream:75 - [STDERR_REDIRECT] 
2026-03-29 17:33:15,638 [ERROR] LogOutputStream:75 - [STDERR_REDIRECT] [Fatal Error] :1:1: Premature end of file.
2026-03-29 17:33:15,638 [ERROR] LogOutputStream:75 - [STDERR_REDIRECT] 
2026-03-29 17:33:16,642 [ERROR] LogOutputStream:75 - [STDERR_REDIRECT] [Fatal Error] :1:1: Premature end of file.
2026-03-29 17:33:16,642 [ERROR] LogOutputStream:75 - [STDERR_REDIRECT] 
2026-03-29 17:33:17,639 [ERROR] LogOutputStream:75 - [STDERR_REDIRECT] [Fatal Error] :1:1: Premature end of file.
2026-03-29 17:33:17,639 [ERROR] LogOutputStream:75 - [STDERR_REDIRECT] 
2026-03-29 17:33:18,659 [ERROR] LogOutputStream:75 - [STDERR_REDIRECT] [Fatal Error] :1:1: Premature end of file.
2026-03-29 17:33:18,659 [ERROR] LogOutputStream:75 - [STDERR_REDIRECT] 
2026-03-29 17:33:19,657 [ERROR] LogOutputStream:75 - [STDERR_REDIRECT] [Fatal Error] :1:1: Premature end of file.
2026-03-29 17:33:19,657 [ERROR] LogOutputStream:75 - [STDERR_REDIRECT] 
2026-03-29 17:33:20,641 [ERROR] LogOutputStream:75 - [STDERR_REDIRECT] [Fatal Error] :1:1: Premature end of file.
2026-03-29 17:33:20,642 [ERROR] LogOutputStream:75 - [STDERR_REDIRECT] 
2026-03-29 17:33:21,642 [ERROR] LogOutputStream:75 - [STDERR_REDIRECT] [Fatal Error] :1:1: Premature end of file.
2026-03-29 17:33:21,642 [ERROR] LogOutputStream:75 - [STDERR_REDIRECT] 
2026-03-29 17:33:22,643 [ERROR] LogOutputStream:75 - [STDERR_REDIRECT] [Fatal Error] :1:1: Premature end of file.
2026-03-29 17:33:22,644 [ERROR] LogOutputStream:75 - [STDERR_REDIRECT] 
2026-03-29 17:33:23,657 [ERROR] LogOutputStream:75 - [STDERR_REDIRECT] [Fatal Error] :1:1: Premature end of file.
2026-03-29 17:33:23,657 [ERROR] LogOutputStream:75 - [STDERR_REDIRECT] 
2026-03-29 17:33:24,635 [ERROR] LogOutputStream:75 - [STDERR_REDIRECT] [Fatal Error] :1:1: Premature end of file.
2026-03-29 17:33:24,635 [ERROR] LogOutputStream:75 - [STDERR_REDIRECT] 
2026-03-29 17:33:25,654 [ERROR] LogOutputStream:75 - [STDERR_REDIRECT] [Fatal Error] :1:1: Premature end of file.
2026-03-29 17:33:25,654 [ERROR] LogOutputStream:75 - [STDERR_REDIRECT] 
2026-03-29 17:33:26,661 [ERROR] LogOutputStream:75 - [STDERR_REDIRECT] [Fatal Error] :1:1: Premature end of file.
2026-03-29 17:33:26,661 [ERROR] LogOutputStream:75 - [STDERR_REDIRECT] 
2026-03-29 17:33:27,658 [ERROR] LogOutputStream:75 - [STDERR_REDIRECT] [Fatal Error] :1:1: Premature end of file.
2026-03-29 17:33:27,658 [ERROR] LogOutputStream:75 - [STDERR_REDIRECT] 
2026-03-29 17:33:28,647 [ERROR] LogOutputStream:75 - [STDERR_REDIRECT] [Fatal Error] :1:1: Premature end of file.
2026-03-29 17:33:28,647 [ERROR] LogOutputStream:75 - [STDERR_REDIRECT] 
2026-03-29 17:33:29,686 [ERROR] LogOutputStream:75 - [STDERR_REDIRECT] [Fatal Error] :1:1: Premature end of file.
2026-03-29 17:33:29,688 [ERROR] LogOutputStream:75 - [STDERR_REDIRECT] 
2026-03-29 17:33:30,690 [ERROR] LogOutputStream:75 - [STDERR_REDIRECT] [Fatal Error] :1:1: Premature end of file.
2026-03-29 17:33:30,690 [ERROR] LogOutputStream:75 - [STDERR_REDIRECT] 
2026-03-29 17:33:31,646 [ERROR] LogOutputStream:75 - [STDERR_REDIRECT] [Fatal Error] :1:1: Premature end of file.
2026-03-29 17:33:31,646 [ERROR] LogOutputStream:75 - [STDERR_REDIRECT] 
2026-03-29 17:33:32,649 [ERROR] LogOutputStream:75 - [STDERR_REDIRECT] [Fatal Error] :1:1: Premature end of file.
2026-03-29 17:33:32,650 [ERROR] LogOutputStream:75 - [STDERR_REDIRECT] 
2026-03-29 17:33:33,653 [ERROR] LogOutputStream:75 - [STDERR_REDIRECT] [Fatal Error] :1:1: Premature end of file.
2026-03-29 17:33:33,653 [ERROR] LogOutputStream:75 - [STDERR_REDIRECT] 
2026-03-29 17:33:34,633 [ERROR] LogOutputStream:75 - [STDERR_REDIRECT] [Fatal Error] :1:1: Premature end of file.
2026-03-29 17:33:34,633 [ERROR] LogOutputStream:75 - [STDERR_REDIRECT] 
2026-03-29 17:33:35,633 [ERROR] LogOutputStream:75 - [STDERR_REDIRECT] [Fatal Error] :1:1: Premature end of file.
2026-03-29 17:33:35,633 [ERROR] LogOutputStream:75 - [STDERR_REDIRECT] 
2026-03-29 17:33:36,675 [ERROR] LogOutputStream:75 - [STDERR_REDIRECT] [Fatal Error] :1:1: Premature end of file.
2026-03-29 17:33:36,675 [ERROR] LogOutputStream:75 - [STDERR_REDIRECT] 
2026-03-29 17:33:37,666 [ERROR] LogOutputStream:75 - [STDERR_REDIRECT] [Fatal Error] :1:1: Premature end of file.
2026-03-29 17:33:37,666 [ERROR] LogOutputStream:75 - [STDERR_REDIRECT] 
2026-03-29 17:33:38,642 [ERROR] LogOutputStream:75 - [STDERR_REDIRECT] [Fatal Error] :1:1: Premature end of file.
2026-03-29 17:33:38,642 [ERROR] LogOutputStream:75 - [STDERR_REDIRECT] 
2026-03-29 17:33:39,646 [ERROR] LogOutputStream:75 - [STDERR_REDIRECT] [Fatal Error] :1:1: Premature end of file.
2026-03-29 17:33:39,646 [ERROR] LogOutputStream:75 - [STDERR_REDIRECT] 
2026-03-29 17:33:40,637 [ERROR] LogOutputStream:75 - [STDERR_REDIRECT] [Fatal Error] :1:1: Premature end of file.
2026-03-29 17:33:40,637 [ERROR] LogOutputStream:75 - [STDERR_REDIRECT] 
2026-03-29 17:33:41,641 [ERROR] LogOutputStream:75 - [STDERR_REDIRECT] [Fatal Error] :1:1: Premature end of file.
2026-03-29 17:33:41,642 [ERROR] LogOutputStream:75 - [STDERR_REDIRECT] 
2026-03-29 17:33:42,639 [ERROR] LogOutputStream:75 - [STDERR_REDIRECT] [Fatal Error] :1:1: Premature end of file.
2026-03-29 17:33:42,639 [ERROR] LogOutputStream:75 - [STDERR_REDIRECT] 
2026-03-29 17:33:43,644 [ERROR] LogOutputStream:75 - [STDERR_REDIRECT] [Fatal Error] :1:1: Premature end of file.
2026-03-29 17:33:43,644 [ERROR] LogOutputStream:75 - [STDERR_REDIRECT] 
2026-03-29 17:33:44,653 [ERROR] LogOutputStream:75 - [STDERR_REDIRECT] [Fatal Error] :1:1: Premature end of file.
2026-03-29 17:33:44,654 [ERROR] LogOutputStream:75 - [STDERR_REDIRECT] 
2026-03-29 17:33:45,649 [ERROR] LogOutputStream:75 - [STDERR_REDIRECT] [Fatal Error] :1:1: Premature end of file.
2026-03-29 17:33:45,649 [ERROR] LogOutputStream:75 - [STDERR_REDIRECT] 
2026-03-29 17:33:46,635 [ERROR] LogOutputStream:75 - [STDERR_REDIRECT] [Fatal Error] :1:1: Premature end of file.
2026-03-29 17:33:46,636 [ERROR] LogOutputStream:75 - [STDERR_REDIRECT] 
2026-03-29 17:33:47,635 [ERROR] LogOutputStream:75 - [STDERR_REDIRECT] [Fatal Error] :1:1: Premature end of file.
2026-03-29 17:33:47,635 [ERROR] LogOutputStream:75 - [STDERR_REDIRECT] 
2026-03-29 17:33:48,650 [ERROR] LogOutputStream:75 - [STDERR_REDIRECT] [Fatal Error] :1:1: Premature end of file.
2026-03-29 17:33:48,650 [ERROR] LogOutputStream:75 - [STDERR_REDIRECT] 
2026-03-29 17:33:49,635 [ERROR] LogOutputStream:75 - [STDERR_REDIRECT] [Fatal Error] :1:1: Premature end of file.
2026-03-29 17:33:49,636 [ERROR] LogOutputStream:75 - [STDERR_REDIRECT] 
2026-03-29 17:33:50,639 [ERROR] LogOutputStream:75 - [STDERR_REDIRECT] [Fatal Error] :1:1: Premature end of file.
2026-03-29 17:33:50,639 [ERROR] LogOutputStream:75 - [STDERR_REDIRECT] 
2026-03-29 17:33:51,631 [ERROR] LogOutputStream:75 - [STDERR_REDIRECT] [Fatal Error] :1:1: Premature end of file.
2026-03-29 17:33:51,631 [ERROR] LogOutputStream:75 - [STDERR_REDIRECT] 
2026-03-29 17:33:52,631 [ERROR] LogOutputStream:75 - [STDERR_REDIRECT] [Fatal Error] :1:1: Premature end of file.
2026-03-29 17:33:52,631 [ERROR] LogOutputStream:75 - [STDERR_REDIRECT] 
2026-03-29 17:33:53,657 [ERROR] LogOutputStream:75 - [STDERR_REDIRECT] [Fatal Error] :1:1: Premature end of file.
2026-03-29 17:33:53,658 [ERROR] LogOutputStream:75 - [STDERR_REDIRECT] 
2026-03-29 17:33:54,635 [ERROR] LogOutputStream:75 - [STDERR_REDIRECT] [Fatal Error] :1:1: Premature end of file.
2026-03-29 17:33:54,635 [ERROR] LogOutputStream:75 - [STDERR_REDIRECT] 
2026-03-29 17:33:55,636 [ERROR] LogOutputStream:75 - [STDERR_REDIRECT] [Fatal Error] :1:1: Premature end of file.
2026-03-29 17:33:55,638 [ERROR] LogOutputStream:75 - [STDERR_REDIRECT] 
2026-03-29 17:33:56,630 [ERROR] LogOutputStream:75 - [STDERR_REDIRECT] [Fatal Error] :1:1: Premature end of file.
2026-03-29 17:33:56,630 [ERROR] LogOutputStream:75 - [STDERR_REDIRECT] 
2026-03-29 17:33:57,629 [ERROR] LogOutputStream:75 - [STDERR_REDIRECT] [Fatal Error] :1:1: Premature end of file.
2026-03-29 17:33:57,629 [ERROR] LogOutputStream:75 - [STDERR_REDIRECT] 
2026-03-29 17:33:58,629 [ERROR] LogOutputStream:75 - [STDERR_REDIRECT] [Fatal Error] :1:1: Premature end of file.
2026-03-29 17:33:58,630 [ERROR] LogOutputStream:75 - [STDERR_REDIRECT] 
2026-03-29 17:33:59,630 [ERROR] LogOutputStream:75 - [STDERR_REDIRECT] [Fatal Error] :1:1: Premature end of file.
2026-03-29 17:33:59,630 [ERROR] LogOutputStream:75 - [STDERR_REDIRECT] 
2026-03-29 17:34:00,631 [ERROR] LogOutputStream:75 - [STDERR_REDIRECT] [Fatal Error] :1:1: Premature end of file.
2026-03-29 17:34:00,631 [ERROR] LogOutputStream:75 - [STDERR_REDIRECT] 
2026-03-29 17:34:01,629 [ERROR] LogOutputStream:75 - [STDERR_REDIRECT] [Fatal Error] :1:1: Premature end of file.
2026-03-29 17:34:01,630 [ERROR] LogOutputStream:75 - [STDERR_REDIRECT] 
2026-03-29 17:34:02,629 [ERROR] LogOutputStream:75 - [STDERR_REDIRECT] [Fatal Error] :1:1: Premature end of file.
2026-03-29 17:34:02,629 [ERROR] LogOutputStream:75 - [STDERR_REDIRECT] 
2026-03-29 17:34:03,630 [ERROR] LogOutputStream:75 - [STDERR_REDIRECT] [Fatal Error] :1:1: Premature end of file.
2026-03-29 17:34:03,630 [ERROR] LogOutputStream:75 - [STDERR_REDIRECT] 
2026-03-29 17:34:04,628 [ERROR] LogOutputStream:75 - [STDERR_REDIRECT] [Fatal Error] :1:1: Premature end of file.
2026-03-29 17:34:04,629 [ERROR] LogOutputStream:75 - [STDERR_REDIRECT] 
2026-03-29 17:34:05,627 [ERROR] LogOutputStream:75 - [STDERR_REDIRECT] [Fatal Error] :1:1: Premature end of file.
2026-03-29 17:34:05,627 [ERROR] LogOutputStream:75 - [STDERR_REDIRECT] 
2026-03-29 17:34:06,630 [ERROR] LogOutputStream:75 - [STDERR_REDIRECT] [Fatal Error] :1:1: Premature end of file.
2026-03-29 17:34:06,630 [ERROR] LogOutputStream:75 - [STDERR_REDIRECT] 
2026-03-29 17:34:07,646 [ERROR] LogOutputStream:75 - [STDERR_REDIRECT] [Fatal Error] :1:1: Premature end of file.
2026-03-29 17:34:07,646 [ERROR] LogOutputStream:75 - [STDERR_REDIRECT] 
2026-03-29 17:34:08,640 [ERROR] LogOutputStream:75 - [STDERR_REDIRECT] [Fatal Error] :1:1: Premature end of file.
2026-03-29 17:34:08,640 [ERROR] LogOutputStream:75 - [STDERR_REDIRECT] 
2026-03-29 17:34:09,628 [ERROR] LogOutputStream:75 - [STDERR_REDIRECT] [Fatal Error] :1:1: Premature end of file.
2026-03-29 17:34:09,629 [ERROR] LogOutputStream:75 - [STDERR_REDIRECT] 
2026-03-29 17:34:10,628 [ERROR] LogOutputStream:75 - [STDERR_REDIRECT] [Fatal Error] :1:1: Premature end of file.
2026-03-29 17:34:10,628 [ERROR] LogOutputStream:75 - [STDERR_REDIRECT] 
2026-03-29 17:34:11,628 [ERROR] LogOutputStream:75 - [STDERR_REDIRECT] [Fatal Error] :1:1: Premature end of file.
2026-03-29 17:34:11,628 [ERROR] LogOutputStream:75 - [STDERR_REDIRECT] 
2026-03-29 17:34:12,628 [ERROR] LogOutputStream:75 - [STDERR_REDIRECT] [Fatal Error] :1:1: Premature end of file.
2026-03-29 17:34:12,629 [ERROR] LogOutputStream:75 - [STDERR_REDIRECT] 
2026-03-29 17:34:13,691 [ERROR] LogOutputStream:75 - [STDERR_REDIRECT] [Fatal Error] :1:1: Premature end of file.
2026-03-29 17:34:13,691 [ERROR] LogOutputStream:75 - [STDERR_REDIRECT] 
2026-03-29 17:34:14,708 [ERROR] LogOutputStream:75 - [STDERR_REDIRECT] [Fatal Error] :1:1: Premature end of file.
2026-03-29 17:34:14,709 [ERROR] LogOutputStream:75 - [STDERR_REDIRECT] 
2026-03-29 17:34:15,632 [ERROR] LogOutputStream:75 - [STDERR_REDIRECT] [Fatal Error] :1:1: Premature end of file.
2026-03-29 17:34:15,632 [ERROR] LogOutputStream:75 - [STDERR_REDIRECT] 
2026-03-29 17:34:16,628 [ERROR] LogOutputStream:75 - [STDERR_REDIRECT] [Fatal Error] :1:1: Premature end of file.
2026-03-29 17:34:16,629 [ERROR] LogOutputStream:75 - [STDERR_REDIRECT] 
2026-03-29 17:34:17,663 [ERROR] LogOutputStream:75 - [STDERR_REDIRECT] [Fatal Error] :1:1: Premature end of file.
2026-03-29 17:34:17,664 [ERROR] LogOutputStream:75 - [STDERR_REDIRECT] 
2026-03-29 17:34:18,627 [ERROR] LogOutputStream:75 - [STDERR_REDIRECT] [Fatal Error] :1:1: Premature end of file.
2026-03-29 17:34:18,628 [ERROR] LogOutputStream:75 - [STDERR_REDIRECT] 
2026-03-29 17:34:19,630 [ERROR] LogOutputStream:75 - [STDERR_REDIRECT] [Fatal Error] :1:1: Premature end of file.
2026-03-29 17:34:19,630 [ERROR] LogOutputStream:75 - [STDERR_REDIRECT] 
2026-03-29 17:34:20,636 [ERROR] LogOutputStream:75 - [STDERR_REDIRECT] [Fatal Error] :1:1: Premature end of file.
2026-03-29 17:34:20,637 [ERROR] LogOutputStream:75 - [STDERR_REDIRECT] 
2026-03-29 17:34:21,633 [ERROR] LogOutputStream:75 - [STDERR_REDIRECT] [Fatal Error] :1:1: Premature end of file.
2026-03-29 17:34:21,633 [ERROR] LogOutputStream:75 - [STDERR_REDIRECT] 
2026-03-29 17:34:22,632 [ERROR] LogOutputStream:75 - [STDERR_REDIRECT] [Fatal Error] :1:1: Premature end of file.
2026-03-29 17:34:22,632 [ERROR] LogOutputStream:75 - [STDERR_REDIRECT] 
2026-03-29 17:34:23,631 [ERROR] LogOutputStream:75 - [STDERR_REDIRECT] [Fatal Error] :1:1: Premature end of file.
2026-03-29 17:34:23,631 [ERROR] LogOutputStream:75 - [STDERR_REDIRECT] 
2026-03-29 17:34:24,631 [ERROR] LogOutputStream:75 - [STDERR_REDIRECT] [Fatal Error] :1:1: Premature end of file.
2026-03-29 17:34:24,631 [ERROR] LogOutputStream:75 - [STDERR_REDIRECT] 
2026-03-29 17:34:25,629 [ERROR] LogOutputStream:75 - [STDERR_REDIRECT] [Fatal Error] :1:1: Premature end of file.
2026-03-29 17:34:25,629 [ERROR] LogOutputStream:75 - [STDERR_REDIRECT] 
2026-03-29 17:34:26,627 [ERROR] LogOutputStream:75 - [STDERR_REDIRECT] [Fatal Error] :1:1: Premature end of file.
2026-03-29 17:34:26,627 [ERROR] LogOutputStream:75 - [STDERR_REDIRECT] 
2026-03-29 17:34:27,628 [ERROR] LogOutputStream:75 - [STDERR_REDIRECT] [Fatal Error] :1:1: Premature end of file.
2026-03-29 17:34:27,629 [ERROR] LogOutputStream:75 - [STDERR_REDIRECT] 
2026-03-29 17:34:28,633 [ERROR] LogOutputStream:75 - [STDERR_REDIRECT] [Fatal Error] :1:1: Premature end of file.
2026-03-29 17:34:28,633 [ERROR] LogOutputStream:75 - [STDERR_REDIRECT] 
2026-03-29 17:34:29,629 [ERROR] LogOutputStream:75 - [STDERR_REDIRECT] [Fatal Error] :1:1: Premature end of file.
2026-03-29 17:34:29,629 [ERROR] LogOutputStream:75 - [STDERR_REDIRECT] 
2026-03-29 17:34:30,629 [ERROR] LogOutputStream:75 - [STDERR_REDIRECT] [Fatal Error] :1:1: Premature end of file.
2026-03-29 17:34:30,629 [ERROR] LogOutputStream:75 - [STDERR_REDIRECT] 
2026-03-29 17:34:31,634 [ERROR] LogOutputStream:75 - [STDERR_REDIRECT] [Fatal Error] :1:1: Premature end of file.
2026-03-29 17:34:31,636 [ERROR] LogOutputStream:75 - [STDERR_REDIRECT] 
2026-03-29 17:34:32,628 [ERROR] LogOutputStream:75 - [STDERR_REDIRECT] [Fatal Error] :1:1: Premature end of file.
2026-03-29 17:34:32,628 [ERROR] LogOutputStream:75 - [STDERR_REDIRECT] 
2026-03-29 17:34:33,631 [ERROR] LogOutputStream:75 - [STDERR_REDIRECT] [Fatal Error] :1:1: Premature end of file.
2026-03-29 17:34:33,631 [ERROR] LogOutputStream:75 - [STDERR_REDIRECT] 
2026-03-29 17:34:34,628 [ERROR] LogOutputStream:75 - [STDERR_REDIRECT] [Fatal Error] :1:1: Premature end of file.
2026-03-29 17:34:34,628 [ERROR] LogOutputStream:75 - [STDERR_REDIRECT] 
2026-03-29 17:34:35,637 [ERROR] LogOutputStream:75 - [STDERR_REDIRECT] [Fatal Error] :1:1: Premature end of file.
2026-03-29 17:34:35,637 [ERROR] LogOutputStream:75 - [STDERR_REDIRECT] 
2026-03-29 17:34:36,646 [ERROR] LogOutputStream:75 - [STDERR_REDIRECT] [Fatal Error] :1:1: Premature end of file.
2026-03-29 17:34:36,646 [ERROR] LogOutputStream:75 - [STDERR_REDIRECT] 
2026-03-29 17:34:37,631 [ERROR] LogOutputStream:75 - [STDERR_REDIRECT] [Fatal Error] :1:1: Premature end of file.
2026-03-29 17:34:37,631 [ERROR] LogOutputStream:75 - [STDERR_REDIRECT] 
2026-03-29 17:34:38,630 [ERROR] LogOutputStream:75 - [STDERR_REDIRECT] [Fatal Error] :1:1: Premature end of file.
2026-03-29 17:34:38,630 [ERROR] LogOutputStream:75 - [STDERR_REDIRECT] 
2026-03-29 17:34:39,635 [ERROR] LogOutputStream:75 - [STDERR_REDIRECT] [Fatal Error] :1:1: Premature end of file.
2026-03-29 17:34:39,635 [ERROR] LogOutputStream:75 - [STDERR_REDIRECT] 
2026-03-29 17:34:40,629 [ERROR] LogOutputStream:75 - [STDERR_REDIRECT] [Fatal Error] :1:1: Premature end of file.
2026-03-29 17:34:40,629 [ERROR] LogOutputStream:75 - [STDERR_REDIRECT] 
2026-03-29 17:34:41,633 [ERROR] LogOutputStream:75 - [STDERR_REDIRECT] [Fatal Error] :1:1: Premature end of file.
2026-03-29 17:34:41,633 [ERROR] LogOutputStream:75 - [STDERR_REDIRECT] 
2026-03-29 17:34:42,633 [ERROR] LogOutputStream:75 - [STDERR_REDIRECT] [Fatal Error] :1:1: Premature end of file.
2026-03-29 17:34:42,633 [ERROR] LogOutputStream:75 - [STDERR_REDIRECT] 
2026-03-29 17:34:43,630 [ERROR] LogOutputStream:75 - [STDERR_REDIRECT] [Fatal Error] :1:1: Premature end of file.
2026-03-29 17:34:43,630 [ERROR] LogOutputStream:75 - [STDERR_REDIRECT] 
2026-03-29 17:34:44,869 [ERROR] LogOutputStream:75 - [STDERR_REDIRECT] [Fatal Error] :1:1: Premature end of file.
2026-03-29 17:34:44,869 [ERROR] LogOutputStream:75 - [STDERR_REDIRECT] 
2026-03-29 17:34:45,650 [ERROR] LogOutputStream:75 - [STDERR_REDIRECT] [Fatal Error] :1:1: Premature end of file.
2026-03-29 17:34:45,650 [ERROR] LogOutputStream:75 - [STDERR_REDIRECT] 
2026-03-29 17:34:46,637 [ERROR] LogOutputStream:75 - [STDERR_REDIRECT] [Fatal Error] :1:1: Premature end of file.
2026-03-29 17:34:46,637 [ERROR] LogOutputStream:75 - [STDERR_REDIRECT] 
2026-03-29 17:34:47,685 [ERROR] LogOutputStream:75 - [STDERR_REDIRECT] [Fatal Error] :1:1: Premature end of file.
2026-03-29 17:34:47,685 [ERROR] LogOutputStream:75 - [STDERR_REDIRECT] 
2026-03-29 17:34:48,642 [ERROR] LogOutputStream:75 - [STDERR_REDIRECT] [Fatal Error] :1:1: Premature end of file.
2026-03-29 17:34:48,642 [ERROR] LogOutputStream:75 - [STDERR_REDIRECT] 
2026-03-29 17:34:49,628 [ERROR] LogOutputStream:75 - [STDERR_REDIRECT] [Fatal Error] :1:1: Premature end of file.
2026-03-29 17:34:49,628 [ERROR] LogOutputStream:75 - [STDERR_REDIRECT] 
2026-03-29 17:34:50,639 [ERROR] LogOutputStream:75 - [STDERR_REDIRECT] [Fatal Error] :1:1: Premature end of file.
2026-03-29 17:34:50,639 [ERROR] LogOutputStream:75 - [STDERR_REDIRECT] 
2026-03-29 17:34:51,640 [ERROR] LogOutputStream:75 - [STDERR_REDIRECT] [Fatal Error] :1:1: Premature end of file.
2026-03-29 17:34:51,640 [ERROR] LogOutputStream:75 - [STDERR_REDIRECT] 
2026-03-29 17:34:52,639 [ERROR] LogOutputStream:75 - [STDERR_REDIRECT] [Fatal Error] :1:1: Premature end of file.
2026-03-29 17:34:52,639 [ERROR] LogOutputStream:75 - [STDERR_REDIRECT] 
2026-03-29 17:34:53,626 [ERROR] LogOutputStream:75 - [STDERR_REDIRECT] [Fatal Error] :1:1: Premature end of file.
2026-03-29 17:34:53,626 [ERROR] LogOutputStream:75 - [STDERR_REDIRECT] 
2026-03-29 17:34:54,628 [ERROR] LogOutputStream:75 - [STDERR_REDIRECT] [Fatal Error] :1:1: Premature end of file.
2026-03-29 17:34:54,628 [ERROR] LogOutputStream:75 - [STDERR_REDIRECT] 
2026-03-29 17:34:55,667 [ERROR] LogOutputStream:75 - [STDERR_REDIRECT] [Fatal Error] :1:1: Premature end of file.
2026-03-29 17:34:55,667 [ERROR] LogOutputStream:75 - [STDERR_REDIRECT] 
2026-03-29 17:34:56,630 [ERROR] LogOutputStream:75 - [STDERR_REDIRECT] [Fatal Error] :1:1: Premature end of file.
2026-03-29 17:34:56,630 [ERROR] LogOutputStream:75 - [STDERR_REDIRECT] 
2026-03-29 17:34:57,650 [ERROR] LogOutputStream:75 - [STDERR_REDIRECT] [Fatal Error] :1:1: Premature end of file.
2026-03-29 17:34:57,650 [ERROR] LogOutputStream:75 - [STDERR_REDIRECT] 
2026-03-29 17:34:58,642 [ERROR] LogOutputStream:75 - [STDERR_REDIRECT] [Fatal Error] :1:1: Premature end of file.
2026-03-29 17:34:58,643 [ERROR] LogOutputStream:75 - [STDERR_REDIRECT] 
2026-03-29 17:34:59,637 [ERROR] LogOutputStream:75 - [STDERR_REDIRECT] [Fatal Error] :1:1: Premature end of file.
2026-03-29 17:34:59,637 [ERROR] LogOutputStream:75 - [STDERR_REDIRECT] 
2026-03-29 17:35:00,634 [ERROR] LogOutputStream:75 - [STDERR_REDIRECT] [Fatal Error] :1:1: Premature end of file.
2026-03-29 17:35:00,634 [ERROR] LogOutputStream:75 - [STDERR_REDIRECT] 
2026-03-29 17:35:01,637 [ERROR] LogOutputStream:75 - [STDERR_REDIRECT] [Fatal Error] :1:1: Premature end of file.
2026-03-29 17:35:01,637 [ERROR] LogOutputStream:75 - [STDERR_REDIRECT] 
2026-03-29 17:35:02,630 [ERROR] LogOutputStream:75 - [STDERR_REDIRECT] [Fatal Error] :1:1: Premature end of file.
2026-03-29 17:35:02,630 [ERROR] LogOutputStream:75 - [STDERR_REDIRECT] 
2026-03-29 17:35:03,630 [ERROR] LogOutputStream:75 - [STDERR_REDIRECT] [Fatal Error] :1:1: Premature end of file.
2026-03-29 17:35:03,630 [ERROR] LogOutputStream:75 - [STDERR_REDIRECT] 
2026-03-29 17:35:04,631 [ERROR] LogOutputStream:75 - [STDERR_REDIRECT] [Fatal Error] :1:1: Premature end of file.
2026-03-29 17:35:04,631 [ERROR] LogOutputStream:75 - [STDERR_REDIRECT] 
2026-03-29 17:35:05,637 [ERROR] LogOutputStream:75 - [STDERR_REDIRECT] [Fatal Error] :1:1: Premature end of file.
2026-03-29 17:35:05,637 [ERROR] LogOutputStream:75 - [STDERR_REDIRECT] 
2026-03-29 17:35:06,639 [ERROR] LogOutputStream:75 - [STDERR_REDIRECT] [Fatal Error] :1:1: Premature end of file.
2026-03-29 17:35:06,639 [ERROR] LogOutputStream:75 - [STDERR_REDIRECT] 
2026-03-29 17:35:07,630 [ERROR] LogOutputStream:75 - [STDERR_REDIRECT] [Fatal Error] :1:1: Premature end of file.
2026-03-29 17:35:07,630 [ERROR] LogOutputStream:75 - [STDERR_REDIRECT] 
2026-03-29 17:35:08,630 [ERROR] LogOutputStream:75 - [STDERR_REDIRECT] [Fatal Error] :1:1: Premature end of file.
2026-03-29 17:35:08,630 [ERROR] LogOutputStream:75 - [STDERR_REDIRECT] 
2026-03-29 17:35:09,630 [ERROR] LogOutputStream:75 - [STDERR_REDIRECT] [Fatal Error] :1:1: Premature end of file.
2026-03-29 17:35:09,630 [ERROR] LogOutputStream:75 - [STDERR_REDIRECT] 
2026-03-29 17:35:10,696 [ERROR] LogOutputStream:75 - [STDERR_REDIRECT] [Fatal Error] :1:1: Premature end of file.
2026-03-29 17:35:10,697 [ERROR] LogOutputStream:75 - [STDERR_REDIRECT] 
2026-03-29 17:35:11,636 [ERROR] LogOutputStream:75 - [STDERR_REDIRECT] [Fatal Error] :1:1: Premature end of file.
2026-03-29 17:35:11,636 [ERROR] LogOutputStream:75 - [STDERR_REDIRECT] 
2026-03-29 17:35:12,630 [ERROR] LogOutputStream:75 - [STDERR_REDIRECT] [Fatal Error] :1:1: Premature end of file.
2026-03-29 17:35:12,630 [ERROR] LogOutputStream:75 - [STDERR_REDIRECT] 
2026-03-29 17:35:13,633 [ERROR] LogOutputStream:75 - [STDERR_REDIRECT] [Fatal Error] :1:1: Premature end of file.
2026-03-29 17:35:13,633 [ERROR] LogOutputStream:75 - [STDERR_REDIRECT] 
2026-03-29 17:35:14,626 [ERROR] LogOutputStream:75 - [STDERR_REDIRECT] [Fatal Error] :1:1: Premature end of file.
2026-03-29 17:35:14,626 [ERROR] LogOutputStream:75 - [STDERR_REDIRECT] 
2026-03-29 17:35:15,630 [ERROR] LogOutputStream:75 - [STDERR_REDIRECT] [Fatal Error] :1:1: Premature end of file.
2026-03-29 17:35:15,630 [ERROR] LogOutputStream:75 - [STDERR_REDIRECT] 
2026-03-29 17:35:16,642 [ERROR] LogOutputStream:75 - [STDERR_REDIRECT] [Fatal Error] :1:1: Premature end of file.
2026-03-29 17:35:16,642 [ERROR] LogOutputStream:75 - [STDERR_REDIRECT] 
2026-03-29 17:35:17,628 [ERROR] LogOutputStream:75 - [STDERR_REDIRECT] [Fatal Error] :1:1: Premature end of file.
2026-03-29 17:35:17,628 [ERROR] LogOutputStream:75 - [STDERR_REDIRECT] 
2026-03-29 17:35:18,628 [ERROR] LogOutputStream:75 - [STDERR_REDIRECT] [Fatal Error] :1:1: Premature end of file.
2026-03-29 17:35:18,628 [ERROR] LogOutputStream:75 - [STDERR_REDIRECT] 
2026-03-29 17:35:19,630 [ERROR] LogOutputStream:75 - [STDERR_REDIRECT] [Fatal Error] :1:1: Premature end of file.
2026-03-29 17:35:19,630 [ERROR] LogOutputStream:75 - [STDERR_REDIRECT] 
2026-03-29 17:35:20,634 [ERROR] LogOutputStream:75 - [STDERR_REDIRECT] [Fatal Error] :1:1: Premature end of file.
2026-03-29 17:35:20,634 [ERROR] LogOutputStream:75 - [STDERR_REDIRECT] 
2026-03-29 17:35:21,634 [ERROR] LogOutputStream:75 - [STDERR_REDIRECT] [Fatal Error] :1:1: Premature end of file.
2026-03-29 17:35:21,634 [ERROR] LogOutputStream:75 - [STDERR_REDIRECT] 
2026-03-29 17:35:22,639 [ERROR] LogOutputStream:75 - [STDERR_REDIRECT] [Fatal Error] :1:1: Premature end of file.
2026-03-29 17:35:22,639 [ERROR] LogOutputStream:75 - [STDERR_REDIRECT] 
2026-03-29 17:35:23,630 [ERROR] LogOutputStream:75 - [STDERR_REDIRECT] [Fatal Error] :1:1: Premature end of file.
2026-03-29 17:35:23,630 [ERROR] LogOutputStream:75 - [STDERR_REDIRECT] 
2026-03-29 17:35:24,634 [ERROR] LogOutputStream:75 - [STDERR_REDIRECT] [Fatal Error] :1:1: Premature end of file.
2026-03-29 17:35:24,634 [ERROR] LogOutputStream:75 - [STDERR_REDIRECT] 
2026-03-29 17:35:25,661 [ERROR] LogOutputStream:75 - [STDERR_REDIRECT] [Fatal Error] :1:1: Premature end of file.
2026-03-29 17:35:25,661 [ERROR] LogOutputStream:75 - [STDERR_REDIRECT] 
2026-03-29 17:35:26,644 [ERROR] LogOutputStream:75 - [STDERR_REDIRECT] [Fatal Error] :1:1: Premature end of file.
2026-03-29 17:35:26,644 [ERROR] LogOutputStream:75 - [STDERR_REDIRECT] 
2026-03-29 17:35:27,628 [ERROR] LogOutputStream:75 - [STDERR_REDIRECT] [Fatal Error] :1:1: Premature end of file.
2026-03-29 17:35:27,629 [ERROR] LogOutputStream:75 - [STDERR_REDIRECT] 
2026-03-29 17:35:28,629 [ERROR] LogOutputStream:75 - [STDERR_REDIRECT] [Fatal Error] :1:1: Premature end of file.
2026-03-29 17:35:28,629 [ERROR] LogOutputStream:75 - [STDERR_REDIRECT] 
2026-03-29 17:35:29,630 [ERROR] LogOutputStream:75 - [STDERR_REDIRECT] [Fatal Error] :1:1: Premature end of file.
2026-03-29 17:35:29,630 [ERROR] LogOutputStream:75 - [STDERR_REDIRECT] 
2026-03-29 17:35:30,633 [ERROR] LogOutputStream:75 - [STDERR_REDIRECT] [Fatal Error] :1:1: Premature end of file.
2026-03-29 17:35:30,633 [ERROR] LogOutputStream:75 - [STDERR_REDIRECT] 
2026-03-29 17:35:31,632 [ERROR] LogOutputStream:75 - [STDERR_REDIRECT] [Fatal Error] :1:1: Premature end of file.
2026-03-29 17:35:31,632 [ERROR] LogOutputStream:75 - [STDERR_REDIRECT] 
2026-03-29 17:35:32,640 [ERROR] LogOutputStream:75 - [STDERR_REDIRECT] [Fatal Error] :1:1: Premature end of file.
2026-03-29 17:35:32,640 [ERROR] LogOutputStream:75 - [STDERR_REDIRECT] 
2026-03-29 17:35:33,630 [ERROR] LogOutputStream:75 - [STDERR_REDIRECT] [Fatal Error] :1:1: Premature end of file.
2026-03-29 17:35:33,630 [ERROR] LogOutputStream:75 - [STDERR_REDIRECT] 
2026-03-29 17:35:34,635 [ERROR] LogOutputStream:75 - [STDERR_REDIRECT] [Fatal Error] :1:1: Premature end of file.
2026-03-29 17:35:34,635 [ERROR] LogOutputStream:75 - [STDERR_REDIRECT] 
2026-03-29 17:35:35,630 [ERROR] LogOutputStream:75 - [STDERR_REDIRECT] [Fatal Error] :1:1: Premature end of file.
2026-03-29 17:35:35,630 [ERROR] LogOutputStream:75 - [STDERR_REDIRECT] 
2026-03-29 17:35:36,632 [ERROR] LogOutputStream:75 - [STDERR_REDIRECT] [Fatal Error] :1:1: Premature end of file.
2026-03-29 17:35:36,632 [ERROR] LogOutputStream:75 - [STDERR_REDIRECT] 
2026-03-29 17:35:37,644 [ERROR] LogOutputStream:75 - [STDERR_REDIRECT] [Fatal Error] :1:1: Premature end of file.
2026-03-29 17:35:37,644 [ERROR] LogOutputStream:75 - [STDERR_REDIRECT] 
2026-03-29 17:35:38,633 [ERROR] LogOutputStream:75 - [STDERR_REDIRECT] [Fatal Error] :1:1: Premature end of file.
2026-03-29 17:35:38,633 [ERROR] LogOutputStream:75 - [STDERR_REDIRECT] 
2026-03-29 17:35:39,627 [ERROR] LogOutputStream:75 - [STDERR_REDIRECT] [Fatal Error] :1:1: Premature end of file.
2026-03-29 17:35:39,627 [ERROR] LogOutputStream:75 - [STDERR_REDIRECT] 
2026-03-29 17:35:40,635 [ERROR] LogOutputStream:75 - [STDERR_REDIRECT] [Fatal Error] :1:1: Premature end of file.
2026-03-29 17:35:40,635 [ERROR] LogOutputStream:75 - [STDERR_REDIRECT] 
2026-03-29 17:35:41,636 [ERROR] LogOutputStream:75 - [STDERR_REDIRECT] [Fatal Error] :1:1: Premature end of file.
2026-03-29 17:35:41,637 [ERROR] LogOutputStream:75 - [STDERR_REDIRECT] 
2026-03-29 17:35:42,627 [ERROR] LogOutputStream:75 - [STDERR_REDIRECT] [Fatal Error] :1:1: Premature end of file.
2026-03-29 17:35:42,627 [ERROR] LogOutputStream:75 - [STDERR_REDIRECT] 
2026-03-29 17:35:43,633 [ERROR] LogOutputStream:75 - [STDERR_REDIRECT] [Fatal Error] :1:1: Premature end of file.
2026-03-29 17:35:43,633 [ERROR] LogOutputStream:75 - [STDERR_REDIRECT] 
2026-03-29 17:35:44,629 [ERROR] LogOutputStream:75 - [STDERR_REDIRECT] [Fatal Error] :1:1: Premature end of file.
2026-03-29 17:35:44,629 [ERROR] LogOutputStream:75 - [STDERR_REDIRECT] 
2026-03-29 17:35:45,631 [ERROR] LogOutputStream:75 - [STDERR_REDIRECT] [Fatal Error] :1:1: Premature end of file.
2026-03-29 17:35:45,631 [ERROR] LogOutputStream:75 - [STDERR_REDIRECT] 
2026-03-29 17:35:46,673 [ERROR] LogOutputStream:75 - [STDERR_REDIRECT] [Fatal Error] :1:1: Premature end of file.
2026-03-29 17:35:46,673 [ERROR] LogOutputStream:75 - [STDERR_REDIRECT] 
2026-03-29 17:35:47,644 [ERROR] LogOutputStream:75 - [STDERR_REDIRECT] [Fatal Error] :1:1: Premature end of file.
2026-03-29 17:35:47,646 [ERROR] LogOutputStream:75 - [STDERR_REDIRECT] 
2026-03-29 17:35:48,636 [ERROR] LogOutputStream:75 - [STDERR_REDIRECT] [Fatal Error] :1:1: Premature end of file.
2026-03-29 17:35:48,636 [ERROR] LogOutputStream:75 - [STDERR_REDIRECT] 
2026-03-29 17:35:49,649 [ERROR] LogOutputStream:75 - [STDERR_REDIRECT] [Fatal Error] :1:1: Premature end of file.
2026-03-29 17:35:49,649 [ERROR] LogOutputStream:75 - [STDERR_REDIRECT] 
2026-03-29 17:35:50,638 [ERROR] LogOutputStream:75 - [STDERR_REDIRECT] [Fatal Error] :1:1: Premature end of file.
2026-03-29 17:35:50,638 [ERROR] LogOutputStream:75 - [STDERR_REDIRECT] 
2026-03-29 17:35:51,636 [ERROR] LogOutputStream:75 - [STDERR_REDIRECT] [Fatal Error] :1:1: Premature end of file.
2026-03-29 17:35:51,636 [ERROR] LogOutputStream:75 - [STDERR_REDIRECT] 
2026-03-29 17:35:52,628 [ERROR] LogOutputStream:75 - [STDERR_REDIRECT] [Fatal Error] :1:1: Premature end of file.
2026-03-29 17:35:52,628 [ERROR] LogOutputStream:75 - [STDERR_REDIRECT] 
2026-03-29 17:35:53,629 [ERROR] LogOutputStream:75 - [STDERR_REDIRECT] [Fatal Error] :1:1: Premature end of file.
2026-03-29 17:35:53,629 [ERROR] LogOutputStream:75 - [STDERR_REDIRECT] 
2026-03-29 17:35:54,629 [ERROR] LogOutputStream:75 - [STDERR_REDIRECT] [Fatal Error] :1:1: Premature end of file.
2026-03-29 17:35:54,629 [ERROR] LogOutputStream:75 - [STDERR_REDIRECT] 
2026-03-29 17:35:55,628 [ERROR] LogOutputStream:75 - [STDERR_REDIRECT] [Fatal Error] :1:1: Premature end of file.
2026-03-29 17:35:55,628 [ERROR] LogOutputStream:75 - [STDERR_REDIRECT] 
2026-03-29 17:35:56,627 [ERROR] LogOutputStream:75 - [STDERR_REDIRECT] [Fatal Error] :1:1: Premature end of file.
2026-03-29 17:35:56,629 [ERROR] LogOutputStream:75 - [STDERR_REDIRECT] 
2026-03-29 17:35:57,634 [ERROR] LogOutputStream:75 - [STDERR_REDIRECT] [Fatal Error] :1:1: Premature end of file.
2026-03-29 17:35:57,634 [ERROR] LogOutputStream:75 - [STDERR_REDIRECT] 
2026-03-29 17:35:58,627 [ERROR] LogOutputStream:75 - [STDERR_REDIRECT] [Fatal Error] :1:1: Premature end of file.
2026-03-29 17:35:58,627 [ERROR] LogOutputStream:75 - [STDERR_REDIRECT] 
2026-03-29 17:35:59,626 [ERROR] LogOutputStream:75 - [STDERR_REDIRECT] [Fatal Error] :1:1: Premature end of file.
2026-03-29 17:35:59,627 [ERROR] LogOutputStream:75 - [STDERR_REDIRECT] 
2026-03-29 17:36:00,634 [ERROR] LogOutputStream:75 - [STDERR_REDIRECT] [Fatal Error] :1:1: Premature end of file.
2026-03-29 17:36:00,634 [ERROR] LogOutputStream:75 - [STDERR_REDIRECT] 
2026-03-29 17:36:01,631 [ERROR] LogOutputStream:75 - [STDERR_REDIRECT] [Fatal Error] :1:1: Premature end of file.
2026-03-29 17:36:01,633 [ERROR] LogOutputStream:75 - [STDERR_REDIRECT] 
2026-03-29 17:36:02,629 [ERROR] LogOutputStream:75 - [STDERR_REDIRECT] [Fatal Error] :1:1: Premature end of file.
2026-03-29 17:36:02,629 [ERROR] LogOutputStream:75 - [STDERR_REDIRECT] 
2026-03-29 17:36:03,627 [ERROR] LogOutputStream:75 - [STDERR_REDIRECT] [Fatal Error] :1:1: Premature end of file.
2026-03-29 17:36:03,627 [ERROR] LogOutputStream:75 - [STDERR_REDIRECT] 
2026-03-29 17:36:04,626 [ERROR] LogOutputStream:75 - [STDERR_REDIRECT] [Fatal Error] :1:1: Premature end of file.
2026-03-29 17:36:04,626 [ERROR] LogOutputStream:75 - [STDERR_REDIRECT] 
2026-03-29 17:36:05,631 [ERROR] LogOutputStream:75 - [STDERR_REDIRECT] [Fatal Error] :1:1: Premature end of file.
2026-03-29 17:36:05,631 [ERROR] LogOutputStream:75 - [STDERR_REDIRECT] 
2026-03-29 17:36:06,643 [ERROR] LogOutputStream:75 - [STDERR_REDIRECT] [Fatal Error] :1:1: Premature end of file.
2026-03-29 17:36:06,643 [ERROR] LogOutputStream:75 - [STDERR_REDIRECT] 
2026-03-29 17:36:07,678 [ERROR] LogOutputStream:75 - [STDERR_REDIRECT] [Fatal Error] :1:1: Premature end of file.
2026-03-29 17:36:07,678 [ERROR] LogOutputStream:75 - [STDERR_REDIRECT] 
2026-03-29 17:36:08,633 [ERROR] LogOutputStream:75 - [STDERR_REDIRECT] [Fatal Error] :1:1: Premature end of file.
2026-03-29 17:36:08,633 [ERROR] LogOutputStream:75 - [STDERR_REDIRECT] 
2026-03-29 17:36:09,627 [ERROR] LogOutputStream:75 - [STDERR_REDIRECT] [Fatal Error] :1:1: Premature end of file.
2026-03-29 17:36:09,627 [ERROR] LogOutputStream:75 - [STDERR_REDIRECT] 
2026-03-29 17:36:10,632 [ERROR] LogOutputStream:75 - [STDERR_REDIRECT] [Fatal Error] :1:1: Premature end of file.
2026-03-29 17:36:10,632 [ERROR] LogOutputStream:75 - [STDERR_REDIRECT] 
2026-03-29 17:36:11,629 [ERROR] LogOutputStream:75 - [STDERR_REDIRECT] [Fatal Error] :1:1: Premature end of file.
2026-03-29 17:36:11,629 [ERROR] LogOutputStream:75 - [STDERR_REDIRECT] 
2026-03-29 17:36:12,627 [ERROR] LogOutputStream:75 - [STDERR_REDIRECT] [Fatal Error] :1:1: Premature end of file.
2026-03-29 17:36:12,627 [ERROR] LogOutputStream:75 - [STDERR_REDIRECT] 
2026-03-29 17:36:13,636 [ERROR] LogOutputStream:75 - [STDERR_REDIRECT] [Fatal Error] :1:1: Premature end of file.
2026-03-29 17:36:13,636 [ERROR] LogOutputStream:75 - [STDERR_REDIRECT] 
2026-03-29 17:36:14,628 [ERROR] LogOutputStream:75 - [STDERR_REDIRECT] [Fatal Error] :1:1: Premature end of file.
2026-03-29 17:36:14,628 [ERROR] LogOutputStream:75 - [STDERR_REDIRECT] 
2026-03-29 17:36:15,628 [ERROR] LogOutputStream:75 - [STDERR_REDIRECT] [Fatal Error] :1:1: Premature end of file.
2026-03-29 17:36:15,629 [ERROR] LogOutputStream:75 - [STDERR_REDIRECT] 
2026-03-29 17:36:16,629 [ERROR] LogOutputStream:75 - [STDERR_REDIRECT] [Fatal Error] :1:1: Premature end of file.
2026-03-29 17:36:16,629 [ERROR] LogOutputStream:75 - [STDERR_REDIRECT] 
2026-03-29 17:36:17,627 [ERROR] LogOutputStream:75 - [STDERR_REDIRECT] [Fatal Error] :1:1: Premature end of file.
2026-03-29 17:36:17,627 [ERROR] LogOutputStream:75 - [STDERR_REDIRECT] 
2026-03-29 17:36:18,629 [ERROR] LogOutputStream:75 - [STDERR_REDIRECT] [Fatal Error] :1:1: Premature end of file.
2026-03-29 17:36:18,629 [ERROR] LogOutputStream:75 - [STDERR_REDIRECT] 
2026-03-29 17:36:19,630 [ERROR] LogOutputStream:75 - [STDERR_REDIRECT] [Fatal Error] :1:1: Premature end of file.
2026-03-29 17:36:19,630 [ERROR] LogOutputStream:75 - [STDERR_REDIRECT] 
2026-03-29 17:36:20,628 [ERROR] LogOutputStream:75 - [STDERR_REDIRECT] [Fatal Error] :1:1: Premature end of file.
2026-03-29 17:36:20,628 [ERROR] LogOutputStream:75 - [STDERR_REDIRECT] 
2026-03-29 17:36:21,633 [ERROR] LogOutputStream:75 - [STDERR_REDIRECT] [Fatal Error] :1:1: Premature end of file.
2026-03-29 17:36:21,633 [ERROR] LogOutputStream:75 - [STDERR_REDIRECT] 
2026-03-29 17:36:22,628 [ERROR] LogOutputStream:75 - [STDERR_REDIRECT] [Fatal Error] :1:1: Premature end of file.
2026-03-29 17:36:22,628 [ERROR] LogOutputStream:75 - [STDERR_REDIRECT] 
2026-03-29 17:36:23,632 [ERROR] LogOutputStream:75 - [STDERR_REDIRECT] [Fatal Error] :1:1: Premature end of file.
2026-03-29 17:36:23,632 [ERROR] LogOutputStream:75 - [STDERR_REDIRECT] 
2026-03-29 17:36:24,628 [ERROR] LogOutputStream:75 - [STDERR_REDIRECT] [Fatal Error] :1:1: Premature end of file.
2026-03-29 17:36:24,628 [ERROR] LogOutputStream:75 - [STDERR_REDIRECT] 
2026-03-29 17:36:25,630 [ERROR] LogOutputStream:75 - [STDERR_REDIRECT] [Fatal Error] :1:1: Premature end of file.
2026-03-29 17:36:25,630 [ERROR] LogOutputStream:75 - [STDERR_REDIRECT] 
2026-03-29 17:36:26,634 [ERROR] LogOutputStream:75 - [STDERR_REDIRECT] [Fatal Error] :1:1: Premature end of file.
2026-03-29 17:36:26,634 [ERROR] LogOutputStream:75 - [STDERR_REDIRECT] 
2026-03-29 17:36:27,627 [ERROR] LogOutputStream:75 - [STDERR_REDIRECT] [Fatal Error] :1:1: Premature end of file.
2026-03-29 17:36:27,627 [ERROR] LogOutputStream:75 - [STDERR_REDIRECT] 
2026-03-29 17:36:28,629 [ERROR] LogOutputStream:75 - [STDERR_REDIRECT] [Fatal Error] :1:1: Premature end of file.
2026-03-29 17:36:28,630 [ERROR] LogOutputStream:75 - [STDERR_REDIRECT] 
2026-03-29 17:36:29,626 [ERROR] LogOutputStream:75 - [STDERR_REDIRECT] [Fatal Error] :1:1: Premature end of file.
2026-03-29 17:36:29,626 [ERROR] LogOutputStream:75 - [STDERR_REDIRECT] 
2026-03-29 17:36:30,627 [ERROR] LogOutputStream:75 - [STDERR_REDIRECT] [Fatal Error] :1:1: Premature end of file.
2026-03-29 17:36:30,627 [ERROR] LogOutputStream:75 - [STDERR_REDIRECT] 
2026-03-29 17:36:31,628 [ERROR] LogOutputStream:75 - [STDERR_REDIRECT] [Fatal Error] :1:1: Premature end of file.
2026-03-29 17:36:31,628 [ERROR] LogOutputStream:75 - [STDERR_REDIRECT] 
2026-03-29 17:36:32,633 [ERROR] LogOutputStream:75 - [STDERR_REDIRECT] [Fatal Error] :1:1: Premature end of file.
2026-03-29 17:36:32,633 [ERROR] LogOutputStream:75 - [STDERR_REDIRECT] 
2026-03-29 17:36:33,627 [ERROR] LogOutputStream:75 - [STDERR_REDIRECT] [Fatal Error] :1:1: Premature end of file.
2026-03-29 17:36:33,627 [ERROR] LogOutputStream:75 - [STDERR_REDIRECT] 
2026-03-29 17:36:34,640 [ERROR] LogOutputStream:75 - [STDERR_REDIRECT] [Fatal Error] :1:1: Premature end of file.
2026-03-29 17:36:34,640 [ERROR] LogOutputStream:75 - [STDERR_REDIRECT] 
2026-03-29 17:36:35,629 [ERROR] LogOutputStream:75 - [STDERR_REDIRECT] [Fatal Error] :1:1: Premature end of file.
2026-03-29 17:36:35,629 [ERROR] LogOutputStream:75 - [STDERR_REDIRECT] 
2026-03-29 17:36:36,632 [ERROR] LogOutputStream:75 - [STDERR_REDIRECT] [Fatal Error] :1:1: Premature end of file.
2026-03-29 17:36:36,632 [ERROR] LogOutputStream:75 - [STDERR_REDIRECT] 
2026-03-29 17:36:37,627 [ERROR] LogOutputStream:75 - [STDERR_REDIRECT] [Fatal Error] :1:1: Premature end of file.
2026-03-29 17:36:37,627 [ERROR] LogOutputStream:75 - [STDERR_REDIRECT] 
2026-03-29 17:36:38,637 [ERROR] LogOutputStream:75 - [STDERR_REDIRECT] [Fatal Error] :1:1: Premature end of file.
2026-03-29 17:36:38,637 [ERROR] LogOutputStream:75 - [STDERR_REDIRECT] 
2026-03-29 17:36:39,628 [ERROR] LogOutputStream:75 - [STDERR_REDIRECT] [Fatal Error] :1:1: Premature end of file.
2026-03-29 17:36:39,628 [ERROR] LogOutputStream:75 - [STDERR_REDIRECT] 
2026-03-29 17:36:40,628 [ERROR] LogOutputStream:75 - [STDERR_REDIRECT] [Fatal Error] :1:1: Premature end of file.
2026-03-29 17:36:40,628 [ERROR] LogOutputStream:75 - [STDERR_REDIRECT] 
2026-03-29 17:36:41,629 [ERROR] LogOutputStream:75 - [STDERR_REDIRECT] [Fatal Error] :1:1: Premature end of file.
2026-03-29 17:36:41,629 [ERROR] LogOutputStream:75 - [STDERR_REDIRECT] 
2026-03-29 17:36:42,633 [ERROR] LogOutputStream:75 - [STDERR_REDIRECT] [Fatal Error] :1:1: Premature end of file.
2026-03-29 17:36:42,634 [ERROR] LogOutputStream:75 - [STDERR_REDIRECT] 
2026-03-29 17:36:43,637 [ERROR] LogOutputStream:75 - [STDERR_REDIRECT] [Fatal Error] :1:1: Premature end of file.
2026-03-29 17:36:43,637 [ERROR] LogOutputStream:75 - [STDERR_REDIRECT] 
2026-03-29 17:36:44,640 [ERROR] LogOutputStream:75 - [STDERR_REDIRECT] [Fatal Error] :1:1: Premature end of file.
2026-03-29 17:36:44,640 [ERROR] LogOutputStream:75 - [STDERR_REDIRECT] 
2026-03-29 17:36:45,645 [ERROR] LogOutputStream:75 - [STDERR_REDIRECT] [Fatal Error] :1:1: Premature end of file.
2026-03-29 17:36:45,645 [ERROR] LogOutputStream:75 - [STDERR_REDIRECT] 
2026-03-29 17:36:46,630 [ERROR] LogOutputStream:75 - [STDERR_REDIRECT] [Fatal Error] :1:1: Premature end of file.
2026-03-29 17:36:46,630 [ERROR] LogOutputStream:75 - [STDERR_REDIRECT] 
2026-03-29 17:36:47,644 [ERROR] LogOutputStream:75 - [STDERR_REDIRECT] [Fatal Error] :1:1: Premature end of file.
2026-03-29 17:36:47,644 [ERROR] LogOutputStream:75 - [STDERR_REDIRECT] 
2026-03-29 17:36:47,805 [INFO] WebApp:194 - Connection lost
2026-03-29 17:36:47,948 [INFO] WebApp:191 - Connection restablished
2026-03-29 17:36:48,675 [ERROR] LogOutputStream:75 - [STDERR_REDIRECT] [Fatal Error] :1:1: Premature end of file.
2026-03-29 17:36:48,675 [ERROR] LogOutputStream:75 - [STDERR_REDIRECT] 
2026-03-29 17:36:49,638 [ERROR] LogOutputStream:75 - [STDERR_REDIRECT] [Fatal Error] :1:1: Premature end of file.
2026-03-29 17:36:49,638 [ERROR] LogOutputStream:75 - [STDERR_REDIRECT] 
2026-03-29 17:36:50,633 [ERROR] LogOutputStream:75 - [STDERR_REDIRECT] [Fatal Error] :1:1: Premature end of file.
2026-03-29 17:36:50,633 [ERROR] LogOutputStream:75 - [STDERR_REDIRECT] 
2026-03-29 17:36:51,641 [ERROR] LogOutputStream:75 - [STDERR_REDIRECT] [Fatal Error] :1:1: Premature end of file.
2026-03-29 17:36:51,641 [ERROR] LogOutputStream:75 - [STDERR_REDIRECT] 
2026-03-29 17:36:52,635 [ERROR] LogOutputStream:75 - [STDERR_REDIRECT] [Fatal Error] :1:1: Premature end of file.
2026-03-29 17:36:52,636 [ERROR] LogOutputStream:75 - [STDERR_REDIRECT] 
2026-03-29 17:36:53,659 [ERROR] LogOutputStream:75 - [STDERR_REDIRECT] [Fatal Error] :1:1: Premature end of file.
2026-03-29 17:36:53,659 [ERROR] LogOutputStream:75 - [STDERR_REDIRECT] 
2026-03-29 17:36:54,630 [ERROR] LogOutputStream:75 - [STDERR_REDIRECT] [Fatal Error] :1:1: Premature end of file.
2026-03-29 17:36:54,630 [ERROR] LogOutputStream:75 - [STDERR_REDIRECT] 
2026-03-29 17:36:55,630 [ERROR] LogOutputStream:75 - [STDERR_REDIRECT] [Fatal Error] :1:1: Premature end of file.
2026-03-29 17:36:55,630 [ERROR] LogOutputStream:75 - [STDERR_REDIRECT] 
2026-03-29 17:36:56,635 [ERROR] LogOutputStream:75 - [STDERR_REDIRECT] [Fatal Error] :1:1: Premature end of file.
2026-03-29 17:36:56,635 [ERROR] LogOutputStream:75 - [STDERR_REDIRECT] 
2026-03-29 17:36:57,637 [ERROR] LogOutputStream:75 - [STDERR_REDIRECT] [Fatal Error] :1:1: Premature end of file.
2026-03-29 17:36:57,637 [ERROR] LogOutputStream:75 - [STDERR_REDIRECT] 
2026-03-29 17:36:58,637 [ERROR] LogOutputStream:75 - [STDERR_REDIRECT] [Fatal Error] :1:1: Premature end of file.
2026-03-29 17:36:58,637 [ERROR] LogOutputStream:75 - [STDERR_REDIRECT] 
2026-03-29 17:36:59,643 [ERROR] LogOutputStream:75 - [STDERR_REDIRECT] [Fatal Error] :1:1: Premature end of file.
2026-03-29 17:36:59,643 [ERROR] LogOutputStream:75 - [STDERR_REDIRECT] 
2026-03-29 17:37:00,633 [ERROR] LogOutputStream:75 - [STDERR_REDIRECT] [Fatal Error] :1:1: Premature end of file.
2026-03-29 17:37:00,633 [ERROR] LogOutputStream:75 - [STDERR_REDIRECT] 
2026-03-29 17:37:01,634 [ERROR] LogOutputStream:75 - [STDERR_REDIRECT] [Fatal Error] :1:1: Premature end of file.
2026-03-29 17:37:01,634 [ERROR] LogOutputStream:75 - [STDERR_REDIRECT] 
2026-03-29 17:37:02,628 [ERROR] LogOutputStream:75 - [STDERR_REDIRECT] [Fatal Error] :1:1: Premature end of file.
2026-03-29 17:37:02,629 [ERROR] LogOutputStream:75 - [STDERR_REDIRECT] 
2026-03-29 17:37:03,630 [ERROR] LogOutputStream:75 - [STDERR_REDIRECT] [Fatal Error] :1:1: Premature end of file.
2026-03-29 17:37:03,630 [ERROR] LogOutputStream:75 - [STDERR_REDIRECT] 
2026-03-29 17:37:04,632 [ERROR] LogOutputStream:75 - [STDERR_REDIRECT] [Fatal Error] :1:1: Premature end of file.
2026-03-29 17:37:04,632 [ERROR] LogOutputStream:75 - [STDERR_REDIRECT] 
2026-03-29 17:37:05,630 [ERROR] LogOutputStream:75 - [STDERR_REDIRECT] [Fatal Error] :1:1: Premature end of file.
2026-03-29 17:37:05,630 [ERROR] LogOutputStream:75 - [STDERR_REDIRECT] 
2026-03-29 17:37:06,633 [ERROR] LogOutputStream:75 - [STDERR_REDIRECT] [Fatal Error] :1:1: Premature end of file.
2026-03-29 17:37:06,633 [ERROR] LogOutputStream:75 - [STDERR_REDIRECT] 
2026-03-29 17:37:07,634 [ERROR] LogOutputStream:75 - [STDERR_REDIRECT] [Fatal Error] :1:1: Premature end of file.
2026-03-29 17:37:07,634 [ERROR] LogOutputStream:75 - [STDERR_REDIRECT] 
2026-03-29 17:37:08,630 [ERROR] LogOutputStream:75 - [STDERR_REDIRECT] [Fatal Error] :1:1: Premature end of file.
2026-03-29 17:37:08,630 [ERROR] LogOutputStream:75 - [STDERR_REDIRECT] 
2026-03-29 17:37:09,627 [ERROR] LogOutputStream:75 - [STDERR_REDIRECT] [Fatal Error] :1:1: Premature end of file.
2026-03-29 17:37:09,627 [ERROR] LogOutputStream:75 - [STDERR_REDIRECT] 
2026-03-29 17:37:10,627 [ERROR] LogOutputStream:75 - [STDERR_REDIRECT] [Fatal Error] :1:1: Premature end of file.
2026-03-29 17:37:10,627 [ERROR] LogOutputStream:75 - [STDERR_REDIRECT] 
2026-03-29 17:37:11,626 [ERROR] LogOutputStream:75 - [STDERR_REDIRECT] [Fatal Error] :1:1: Premature end of file.
2026-03-29 17:37:11,626 [ERROR] LogOutputStream:75 - [STDERR_REDIRECT] 
2026-03-29 17:37:12,630 [ERROR] LogOutputStream:75 - [STDERR_REDIRECT] [Fatal Error] :1:1: Premature end of file.
2026-03-29 17:37:12,631 [ERROR] LogOutputStream:75 - [STDERR_REDIRECT] 
2026-03-29 17:37:13,631 [ERROR] LogOutputStream:75 - [STDERR_REDIRECT] [Fatal Error] :1:1: Premature end of file.
2026-03-29 17:37:13,631 [ERROR] LogOutputStream:75 - [STDERR_REDIRECT] 
2026-03-29 17:37:14,635 [ERROR] LogOutputStream:75 - [STDERR_REDIRECT] [Fatal Error] :1:1: Premature end of file.
2026-03-29 17:37:14,635 [ERROR] LogOutputStream:75 - [STDERR_REDIRECT] 
2026-03-29 17:37:15,636 [ERROR] LogOutputStream:75 - [STDERR_REDIRECT] [Fatal Error] :1:1: Premature end of file.
2026-03-29 17:37:15,636 [ERROR] LogOutputStream:75 - [STDERR_REDIRECT] 
2026-03-29 17:37:16,665 [ERROR] LogOutputStream:75 - [STDERR_REDIRECT] [Fatal Error] :1:1: Premature end of file.
2026-03-29 17:37:16,665 [ERROR] LogOutputStream:75 - [STDERR_REDIRECT] 
2026-03-29 17:37:17,640 [ERROR] LogOutputStream:75 - [STDERR_REDIRECT] [Fatal Error] :1:1: Premature end of file.
2026-03-29 17:37:17,640 [ERROR] LogOutputStream:75 - [STDERR_REDIRECT] 
2026-03-29 17:37:18,628 [ERROR] LogOutputStream:75 - [STDERR_REDIRECT] [Fatal Error] :1:1: Premature end of file.
2026-03-29 17:37:18,628 [ERROR] LogOutputStream:75 - [STDERR_REDIRECT] 
2026-03-29 17:37:19,632 [ERROR] LogOutputStream:75 - [STDERR_REDIRECT] [Fatal Error] :1:1: Premature end of file.
2026-03-29 17:37:19,632 [ERROR] LogOutputStream:75 - [STDERR_REDIRECT] 
2026-03-29 17:37:20,630 [ERROR] LogOutputStream:75 - [STDERR_REDIRECT] [Fatal Error] :1:1: Premature end of file.
2026-03-29 17:37:20,630 [ERROR] LogOutputStream:75 - [STDERR_REDIRECT] 
2026-03-29 17:37:21,647 [ERROR] LogOutputStream:75 - [STDERR_REDIRECT] [Fatal Error] :1:1: Premature end of file.
2026-03-29 17:37:21,647 [ERROR] LogOutputStream:75 - [STDERR_REDIRECT] 
2026-03-29 17:37:22,627 [ERROR] LogOutputStream:75 - [STDERR_REDIRECT] [Fatal Error] :1:1: Premature end of file.
2026-03-29 17:37:22,627 [ERROR] LogOutputStream:75 - [STDERR_REDIRECT] 
2026-03-29 17:37:23,628 [ERROR] LogOutputStream:75 - [STDERR_REDIRECT] [Fatal Error] :1:1: Premature end of file.
2026-03-29 17:37:23,628 [ERROR] LogOutputStream:75 - [STDERR_REDIRECT] 
2026-03-29 17:37:24,653 [ERROR] LogOutputStream:75 - [STDERR_REDIRECT] [Fatal Error] :1:1: Premature end of file.
2026-03-29 17:37:24,653 [ERROR] LogOutputStream:75 - [STDERR_REDIRECT] 
2026-03-29 17:37:25,640 [ERROR] LogOutputStream:75 - [STDERR_REDIRECT] [Fatal Error] :1:1: Premature end of file.
2026-03-29 17:37:25,640 [ERROR] LogOutputStream:75 - [STDERR_REDIRECT] 
2026-03-29 17:37:26,638 [ERROR] LogOutputStream:75 - [STDERR_REDIRECT] [Fatal Error] :1:1: Premature end of file.
2026-03-29 17:37:26,639 [ERROR] LogOutputStream:75 - [STDERR_REDIRECT] 
2026-03-29 17:37:27,641 [ERROR] LogOutputStream:75 - [STDERR_REDIRECT] [Fatal Error] :1:1: Premature end of file.
2026-03-29 17:37:27,641 [ERROR] LogOutputStream:75 - [STDERR_REDIRECT] 
2026-03-29 17:37:28,638 [ERROR] LogOutputStream:75 - [STDERR_REDIRECT] [Fatal Error] :1:1: Premature end of file.
2026-03-29 17:37:28,638 [ERROR] LogOutputStream:75 - [STDERR_REDIRECT] 
2026-03-29 17:37:29,631 [ERROR] LogOutputStream:75 - [STDERR_REDIRECT] [Fatal Error] :1:1: Premature end of file.
2026-03-29 17:37:29,631 [ERROR] LogOutputStream:75 - [STDERR_REDIRECT] 
2026-03-29 17:37:30,628 [ERROR] LogOutputStream:75 - [STDERR_REDIRECT] [Fatal Error] :1:1: Premature end of file.
2026-03-29 17:37:30,629 [ERROR] LogOutputStream:75 - [STDERR_REDIRECT] 
2026-03-29 17:37:31,631 [ERROR] LogOutputStream:75 - [STDERR_REDIRECT] [Fatal Error] :1:1: Premature end of file.
2026-03-29 17:37:31,631 [ERROR] LogOutputStream:75 - [STDERR_REDIRECT] 
2026-03-29 17:37:32,682 [ERROR] LogOutputStream:75 - [STDERR_REDIRECT] [Fatal Error] :1:1: Premature end of file.
2026-03-29 17:37:32,682 [ERROR] LogOutputStream:75 - [STDERR_REDIRECT] 
2026-03-29 17:37:33,637 [ERROR] LogOutputStream:75 - [STDERR_REDIRECT] [Fatal Error] :1:1: Premature end of file.
2026-03-29 17:37:33,637 [ERROR] LogOutputStream:75 - [STDERR_REDIRECT] 
2026-03-29 17:37:33,813 [INFO] WebApp:194 - Connection lost
2026-03-29 17:37:33,963 [INFO] WebApp:191 - Connection restablished
2026-03-29 17:37:34,721 [ERROR] LogOutputStream:75 - [STDERR_REDIRECT] [Fatal Error] :1:1: Premature end of file.
2026-03-29 17:37:34,721 [ERROR] LogOutputStream:75 - [STDERR_REDIRECT] 
2026-03-29 17:37:35,634 [ERROR] LogOutputStream:75 - [STDERR_REDIRECT] [Fatal Error] :1:1: Premature end of file.
2026-03-29 17:37:35,634 [ERROR] LogOutputStream:75 - [STDERR_REDIRECT] 
2026-03-29 17:37:36,630 [ERROR] LogOutputStream:75 - [STDERR_REDIRECT] [Fatal Error] :1:1: Premature end of file.
2026-03-29 17:37:36,631 [ERROR] LogOutputStream:75 - [STDERR_REDIRECT] 
2026-03-29 17:37:37,638 [ERROR] LogOutputStream:75 - [STDERR_REDIRECT] [Fatal Error] :1:1: Premature end of file.
2026-03-29 17:37:37,638 [ERROR] LogOutputStream:75 - [STDERR_REDIRECT] 
2026-03-29 17:37:38,633 [ERROR] LogOutputStream:75 - [STDERR_REDIRECT] [Fatal Error] :1:1: Premature end of file.
2026-03-29 17:37:38,633 [ERROR] LogOutputStream:75 - [STDERR_REDIRECT] 
2026-03-29 17:37:39,635 [ERROR] LogOutputStream:75 - [STDERR_REDIRECT] [Fatal Error] :1:1: Premature end of file.
2026-03-29 17:37:39,635 [ERROR] LogOutputStream:75 - [STDERR_REDIRECT] 
2026-03-29 17:37:40,637 [ERROR] LogOutputStream:75 - [STDERR_REDIRECT] [Fatal Error] :1:1: Premature end of file.
2026-03-29 17:37:40,637 [ERROR] LogOutputStream:75 - [STDERR_REDIRECT] 
2026-03-29 17:37:41,634 [ERROR] LogOutputStream:75 - [STDERR_REDIRECT] [Fatal Error] :1:1: Premature end of file.
2026-03-29 17:37:41,634 [ERROR] LogOutputStream:75 - [STDERR_REDIRECT] 
2026-03-29 17:37:42,644 [ERROR] LogOutputStream:75 - [STDERR_REDIRECT] [Fatal Error] :1:1: Premature end of file.
2026-03-29 17:37:42,644 [ERROR] LogOutputStream:75 - [STDERR_REDIRECT] 
2026-03-29 17:37:43,632 [ERROR] LogOutputStream:75 - [STDERR_REDIRECT] [Fatal Error] :1:1: Premature end of file.
2026-03-29 17:37:43,632 [ERROR] LogOutputStream:75 - [STDERR_REDIRECT] 
2026-03-29 17:37:44,631 [ERROR] LogOutputStream:75 - [STDERR_REDIRECT] [Fatal Error] :1:1: Premature end of file.
2026-03-29 17:37:44,631 [ERROR] LogOutputStream:75 - [STDERR_REDIRECT] 
2026-03-29 17:37:45,630 [ERROR] LogOutputStream:75 - [STDERR_REDIRECT] [Fatal Error] :1:1: Premature end of file.
2026-03-29 17:37:45,630 [ERROR] LogOutputStream:75 - [STDERR_REDIRECT] 
2026-03-29 17:37:46,632 [ERROR] LogOutputStream:75 - [STDERR_REDIRECT] [Fatal Error] :1:1: Premature end of file.
2026-03-29 17:37:46,632 [ERROR] LogOutputStream:75 - [STDERR_REDIRECT] 
2026-03-29 17:37:47,644 [ERROR] LogOutputStream:75 - [STDERR_REDIRECT] [Fatal Error] :1:1: Premature end of file.
2026-03-29 17:37:47,644 [ERROR] LogOutputStream:75 - [STDERR_REDIRECT] 
2026-03-29 17:37:48,644 [ERROR] LogOutputStream:75 - [STDERR_REDIRECT] [Fatal Error] :1:1: Premature end of file.
2026-03-29 17:37:48,644 [ERROR] LogOutputStream:75 - [STDERR_REDIRECT] 
2026-03-29 17:37:49,633 [ERROR] LogOutputStream:75 - [STDERR_REDIRECT] [Fatal Error] :1:1: Premature end of file.
2026-03-29 17:37:49,633 [ERROR] LogOutputStream:75 - [STDERR_REDIRECT] 
2026-03-29 17:37:50,635 [ERROR] LogOutputStream:75 - [STDERR_REDIRECT] [Fatal Error] :1:1: Premature end of file.
2026-03-29 17:37:50,635 [ERROR] LogOutputStream:75 - [STDERR_REDIRECT] 
2026-03-29 17:37:51,630 [ERROR] LogOutputStream:75 - [STDERR_REDIRECT] [Fatal Error] :1:1: Premature end of file.
2026-03-29 17:37:51,635 [ERROR] LogOutputStream:75 - [STDERR_REDIRECT] 
2026-03-29 17:37:52,625 [ERROR] LogOutputStream:75 - [STDERR_REDIRECT] [Fatal Error] :1:1: Premature end of file.
2026-03-29 17:37:52,629 [ERROR] LogOutputStream:75 - [STDERR_REDIRECT] 
2026-03-29 17:37:53,637 [ERROR] LogOutputStream:75 - [STDERR_REDIRECT] [Fatal Error] :1:1: Premature end of file.
2026-03-29 17:37:53,637 [ERROR] LogOutputStream:75 - [STDERR_REDIRECT] 
2026-03-29 17:37:54,643 [ERROR] LogOutputStream:75 - [STDERR_REDIRECT] [Fatal Error] :1:1: Premature end of file.
2026-03-29 17:37:54,643 [ERROR] LogOutputStream:75 - [STDERR_REDIRECT] 
2026-03-29 17:37:55,659 [ERROR] LogOutputStream:75 - [STDERR_REDIRECT] [Fatal Error] :1:1: Premature end of file.
2026-03-29 17:37:55,659 [ERROR] LogOutputStream:75 - [STDERR_REDIRECT] 
2026-03-29 17:37:56,641 [ERROR] LogOutputStream:75 - [STDERR_REDIRECT] [Fatal Error] :1:1: Premature end of file.
2026-03-29 17:37:56,641 [ERROR] LogOutputStream:75 - [STDERR_REDIRECT] 
2026-03-29 17:37:57,627 [ERROR] LogOutputStream:75 - [STDERR_REDIRECT] [Fatal Error] :1:1: Premature end of file.
2026-03-29 17:37:57,627 [ERROR] LogOutputStream:75 - [STDERR_REDIRECT] 
2026-03-29 17:37:58,627 [ERROR] LogOutputStream:75 - [STDERR_REDIRECT] [Fatal Error] :1:1: Premature end of file.
2026-03-29 17:37:58,627 [ERROR] LogOutputStream:75 - [STDERR_REDIRECT] 
2026-03-29 17:37:59,626 [ERROR] LogOutputStream:75 - [STDERR_REDIRECT] [Fatal Error] :1:1: Premature end of file.
2026-03-29 17:37:59,627 [ERROR] LogOutputStream:75 - [STDERR_REDIRECT] 
2026-03-29 17:38:00,627 [ERROR] LogOutputStream:75 - [STDERR_REDIRECT] [Fatal Error] :1:1: Premature end of file.
2026-03-29 17:38:00,627 [ERROR] LogOutputStream:75 - [STDERR_REDIRECT] 
2026-03-29 17:38:01,632 [ERROR] LogOutputStream:75 - [STDERR_REDIRECT] [Fatal Error] :1:1: Premature end of file.
2026-03-29 17:38:01,632 [ERROR] LogOutputStream:75 - [STDERR_REDIRECT] 
2026-03-29 17:38:02,648 [ERROR] LogOutputStream:75 - [STDERR_REDIRECT] [Fatal Error] :1:1: Premature end of file.
2026-03-29 17:38:02,648 [ERROR] LogOutputStream:75 - [STDERR_REDIRECT] 
2026-03-29 17:38:03,637 [ERROR] LogOutputStream:75 - [STDERR_REDIRECT] [Fatal Error] :1:1: Premature end of file.
2026-03-29 17:38:03,637 [ERROR] LogOutputStream:75 - [STDERR_REDIRECT] 
2026-03-29 17:38:04,633 [ERROR] LogOutputStream:75 - [STDERR_REDIRECT] [Fatal Error] :1:1: Premature end of file.
2026-03-29 17:38:04,633 [ERROR] LogOutputStream:75 - [STDERR_REDIRECT] 
2026-03-29 17:38:05,635 [ERROR] LogOutputStream:75 - [STDERR_REDIRECT] [Fatal Error] :1:1: Premature end of file.
2026-03-29 17:38:05,636 [ERROR] LogOutputStream:75 - [STDERR_REDIRECT] 
2026-03-29 17:38:06,637 [ERROR] LogOutputStream:75 - [STDERR_REDIRECT] [Fatal Error] :1:1: Premature end of file.
2026-03-29 17:38:06,637 [ERROR] LogOutputStream:75 - [STDERR_REDIRECT] 
2026-03-29 17:38:07,632 [ERROR] LogOutputStream:75 - [STDERR_REDIRECT] [Fatal Error] :1:1: Premature end of file.
2026-03-29 17:38:07,635 [ERROR] LogOutputStream:75 - [STDERR_REDIRECT] 
2026-03-29 17:38:08,646 [ERROR] LogOutputStream:75 - [STDERR_REDIRECT] [Fatal Error] :1:1: Premature end of file.
2026-03-29 17:38:08,646 [ERROR] LogOutputStream:75 - [STDERR_REDIRECT] 
2026-03-29 17:38:09,634 [ERROR] LogOutputStream:75 - [STDERR_REDIRECT] [Fatal Error] :1:1: Premature end of file.
2026-03-29 17:38:09,634 [ERROR] LogOutputStream:75 - [STDERR_REDIRECT] 
2026-03-29 17:38:10,634 [ERROR] LogOutputStream:75 - [STDERR_REDIRECT] [Fatal Error] :1:1: Premature end of file.
2026-03-29 17:38:10,634 [ERROR] LogOutputStream:75 - [STDERR_REDIRECT] 
2026-03-29 17:38:11,628 [ERROR] LogOutputStream:75 - [STDERR_REDIRECT] [Fatal Error] :1:1: Premature end of file.
2026-03-29 17:38:11,628 [ERROR] LogOutputStream:75 - [STDERR_REDIRECT] 
2026-03-29 17:38:12,630 [ERROR] LogOutputStream:75 - [STDERR_REDIRECT] [Fatal Error] :1:1: Premature end of file.
2026-03-29 17:38:12,630 [ERROR] LogOutputStream:75 - [STDERR_REDIRECT] 
2026-03-29 17:38:13,630 [ERROR] LogOutputStream:75 - [STDERR_REDIRECT] [Fatal Error] :1:1: Premature end of file.
2026-03-29 17:38:13,630 [ERROR] LogOutputStream:75 - [STDERR_REDIRECT] 
2026-03-29 17:38:14,631 [ERROR] LogOutputStream:75 - [STDERR_REDIRECT] [Fatal Error] :1:1: Premature end of file.
2026-03-29 17:38:14,631 [ERROR] LogOutputStream:75 - [STDERR_REDIRECT] 
2026-03-29 17:38:15,628 [ERROR] LogOutputStream:75 - [STDERR_REDIRECT] [Fatal Error] :1:1: Premature end of file.
2026-03-29 17:38:15,628 [ERROR] LogOutputStream:75 - [STDERR_REDIRECT] 
2026-03-29 17:38:16,638 [ERROR] LogOutputStream:75 - [STDERR_REDIRECT] [Fatal Error] :1:1: Premature end of file.
2026-03-29 17:38:16,638 [ERROR] LogOutputStream:75 - [STDERR_REDIRECT] 
2026-03-29 17:38:17,632 [ERROR] LogOutputStream:75 - [STDERR_REDIRECT] [Fatal Error] :1:1: Premature end of file.
2026-03-29 17:38:17,633 [ERROR] LogOutputStream:75 - [STDERR_REDIRECT] 
2026-03-29 17:38:18,636 [ERROR] LogOutputStream:75 - [STDERR_REDIRECT] [Fatal Error] :1:1: Premature end of file.
2026-03-29 17:38:18,637 [ERROR] LogOutputStream:75 - [STDERR_REDIRECT] 
2026-03-29 17:38:19,630 [ERROR] LogOutputStream:75 - [STDERR_REDIRECT] [Fatal Error] :1:1: Premature end of file.
2026-03-29 17:38:19,630 [ERROR] LogOutputStream:75 - [STDERR_REDIRECT] 
2026-03-29 17:38:20,628 [ERROR] LogOutputStream:75 - [STDERR_REDIRECT] [Fatal Error] :1:1: Premature end of file.
2026-03-29 17:38:20,628 [ERROR] LogOutputStream:75 - [STDERR_REDIRECT] 
2026-03-29 17:38:21,631 [ERROR] LogOutputStream:75 - [STDERR_REDIRECT] [Fatal Error] :1:1: Premature end of file.
2026-03-29 17:38:21,631 [ERROR] LogOutputStream:75 - [STDERR_REDIRECT] 
2026-03-29 17:38:22,639 [ERROR] LogOutputStream:75 - [STDERR_REDIRECT] [Fatal Error] :1:1: Premature end of file.
2026-03-29 17:38:22,639 [ERROR] LogOutputStream:75 - [STDERR_REDIRECT] 
2026-03-29 17:38:23,626 [ERROR] LogOutputStream:75 - [STDERR_REDIRECT] [Fatal Error] :1:1: Premature end of file.
2026-03-29 17:38:23,626 [ERROR] LogOutputStream:75 - [STDERR_REDIRECT] 
2026-03-29 17:38:24,631 [ERROR] LogOutputStream:75 - [STDERR_REDIRECT] [Fatal Error] :1:1: Premature end of file.
2026-03-29 17:38:24,631 [ERROR] LogOutputStream:75 - [STDERR_REDIRECT] 
2026-03-29 17:38:25,630 [ERROR] LogOutputStream:75 - [STDERR_REDIRECT] [Fatal Error] :1:1: Premature end of file.
2026-03-29 17:38:25,630 [ERROR] LogOutputStream:75 - [STDERR_REDIRECT] 
2026-03-29 17:38:26,658 [ERROR] LogOutputStream:75 - [STDERR_REDIRECT] [Fatal Error] :1:1: Premature end of file.
2026-03-29 17:38:26,658 [ERROR] LogOutputStream:75 - [STDERR_REDIRECT] 
2026-03-29 17:38:27,636 [ERROR] LogOutputStream:75 - [STDERR_REDIRECT] [Fatal Error] :1:1: Premature end of file.
2026-03-29 17:38:27,636 [ERROR] LogOutputStream:75 - [STDERR_REDIRECT] 
2026-03-29 17:38:28,645 [ERROR] LogOutputStream:75 - [STDERR_REDIRECT] [Fatal Error] :1:1: Premature end of file.
2026-03-29 17:38:28,645 [ERROR] LogOutputStream:75 - [STDERR_REDIRECT] 
2026-03-29 17:38:29,627 [ERROR] LogOutputStream:75 - [STDERR_REDIRECT] [Fatal Error] :1:1: Premature end of file.
2026-03-29 17:38:29,627 [ERROR] LogOutputStream:75 - [STDERR_REDIRECT] 
2026-03-29 17:38:30,630 [ERROR] LogOutputStream:75 - [STDERR_REDIRECT] [Fatal Error] :1:1: Premature end of file.
2026-03-29 17:38:30,630 [ERROR] LogOutputStream:75 - [STDERR_REDIRECT] 
2026-03-29 17:38:31,631 [ERROR] LogOutputStream:75 - [STDERR_REDIRECT] [Fatal Error] :1:1: Premature end of file.
2026-03-29 17:38:31,631 [ERROR] LogOutputStream:75 - [STDERR_REDIRECT] 
2026-03-29 17:38:32,629 [ERROR] LogOutputStream:75 - [STDERR_REDIRECT] [Fatal Error] :1:1: Premature end of file.
2026-03-29 17:38:32,630 [ERROR] LogOutputStream:75 - [STDERR_REDIRECT] 
2026-03-29 17:38:33,633 [ERROR] LogOutputStream:75 - [STDERR_REDIRECT] [Fatal Error] :1:1: Premature end of file.
2026-03-29 17:38:33,633 [ERROR] LogOutputStream:75 - [STDERR_REDIRECT] 
2026-03-29 17:38:34,627 [ERROR] LogOutputStream:75 - [STDERR_REDIRECT] [Fatal Error] :1:1: Premature end of file.
2026-03-29 17:38:34,627 [ERROR] LogOutputStream:75 - [STDERR_REDIRECT] 
2026-03-29 17:38:35,627 [ERROR] LogOutputStream:75 - [STDERR_REDIRECT] [Fatal Error] :1:1: Premature end of file.
2026-03-29 17:38:35,627 [ERROR] LogOutputStream:75 - [STDERR_REDIRECT] 
2026-03-29 17:38:36,632 [ERROR] LogOutputStream:75 - [STDERR_REDIRECT] [Fatal Error] :1:1: Premature end of file.
2026-03-29 17:38:36,633 [ERROR] LogOutputStream:75 - [STDERR_REDIRECT] 
2026-03-29 17:38:37,648 [ERROR] LogOutputStream:75 - [STDERR_REDIRECT] [Fatal Error] :1:1: Premature end of file.
2026-03-29 17:38:37,648 [ERROR] LogOutputStream:75 - [STDERR_REDIRECT] 
2026-03-29 17:38:38,627 [ERROR] LogOutputStream:75 - [STDERR_REDIRECT] [Fatal Error] :1:1: Premature end of file.
2026-03-29 17:38:38,627 [ERROR] LogOutputStream:75 - [STDERR_REDIRECT] 
2026-03-29 17:38:39,643 [ERROR] LogOutputStream:75 - [STDERR_REDIRECT] [Fatal Error] :1:1: Premature end of file.
2026-03-29 17:38:39,643 [ERROR] LogOutputStream:75 - [STDERR_REDIRECT] 
2026-03-29 17:38:40,627 [ERROR] LogOutputStream:75 - [STDERR_REDIRECT] [Fatal Error] :1:1: Premature end of file.
2026-03-29 17:38:40,628 [ERROR] LogOutputStream:75 - [STDERR_REDIRECT] 
2026-03-29 17:38:41,629 [ERROR] LogOutputStream:75 - [STDERR_REDIRECT] [Fatal Error] :1:1: Premature end of file.
2026-03-29 17:38:41,630 [ERROR] LogOutputStream:75 - [STDERR_REDIRECT] 
2026-03-29 17:38:42,631 [ERROR] LogOutputStream:75 - [STDERR_REDIRECT] [Fatal Error] :1:1: Premature end of file.
2026-03-29 17:38:42,631 [ERROR] LogOutputStream:75 - [STDERR_REDIRECT] 
2026-03-29 17:38:43,629 [ERROR] LogOutputStream:75 - [STDERR_REDIRECT] [Fatal Error] :1:1: Premature end of file.
2026-03-29 17:38:43,629 [ERROR] LogOutputStream:75 - [STDERR_REDIRECT] 
2026-03-29 17:38:44,626 [ERROR] LogOutputStream:75 - [STDERR_REDIRECT] [Fatal Error] :1:1: Premature end of file.
2026-03-29 17:38:44,626 [ERROR] LogOutputStream:75 - [STDERR_REDIRECT] 
2026-03-29 17:38:45,633 [ERROR] LogOutputStream:75 - [STDERR_REDIRECT] [Fatal Error] :1:1: Premature end of file.
2026-03-29 17:38:45,633 [ERROR] LogOutputStream:75 - [STDERR_REDIRECT] 
2026-03-29 17:38:46,628 [ERROR] LogOutputStream:75 - [STDERR_REDIRECT] [Fatal Error] :1:1: Premature end of file.
2026-03-29 17:38:46,628 [ERROR] LogOutputStream:75 - [STDERR_REDIRECT] 
2026-03-29 17:38:47,630 [ERROR] LogOutputStream:75 - [STDERR_REDIRECT] [Fatal Error] :1:1: Premature end of file.
2026-03-29 17:38:47,630 [ERROR] LogOutputStream:75 - [STDERR_REDIRECT] 
2026-03-29 17:38:48,635 [ERROR] LogOutputStream:75 - [STDERR_REDIRECT] [Fatal Error] :1:1: Premature end of file.
2026-03-29 17:38:48,636 [ERROR] LogOutputStream:75 - [STDERR_REDIRECT] 
2026-03-29 17:38:49,631 [ERROR] LogOutputStream:75 - [STDERR_REDIRECT] [Fatal Error] :1:1: Premature end of file.
2026-03-29 17:38:49,631 [ERROR] LogOutputStream:75 - [STDERR_REDIRECT] 
2026-03-29 17:38:50,628 [ERROR] LogOutputStream:75 - [STDERR_REDIRECT] [Fatal Error] :1:1: Premature end of file.
2026-03-29 17:38:50,629 [ERROR] LogOutputStream:75 - [STDERR_REDIRECT] 
2026-03-29 17:38:51,627 [ERROR] LogOutputStream:75 - [STDERR_REDIRECT] [Fatal Error] :1:1: Premature end of file.
2026-03-29 17:38:51,627 [ERROR] LogOutputStream:75 - [STDERR_REDIRECT] 
2026-03-29 17:38:52,629 [ERROR] LogOutputStream:75 - [STDERR_REDIRECT] [Fatal Error] :1:1: Premature end of file.
2026-03-29 17:38:52,629 [ERROR] LogOutputStream:75 - [STDERR_REDIRECT] 
2026-03-29 17:38:53,631 [ERROR] LogOutputStream:75 - [STDERR_REDIRECT] [Fatal Error] :1:1: Premature end of file.
2026-03-29 17:38:53,631 [ERROR] LogOutputStream:75 - [STDERR_REDIRECT] 
2026-03-29 17:38:54,626 [ERROR] LogOutputStream:75 - [STDERR_REDIRECT] [Fatal Error] :1:1: Premature end of file.
2026-03-29 17:38:54,626 [ERROR] LogOutputStream:75 - [STDERR_REDIRECT] 
2026-03-29 17:38:55,629 [ERROR] LogOutputStream:75 - [STDERR_REDIRECT] [Fatal Error] :1:1: Premature end of file.
2026-03-29 17:38:55,629 [ERROR] LogOutputStream:75 - [STDERR_REDIRECT] 
2026-03-29 17:38:56,631 [ERROR] LogOutputStream:75 - [STDERR_REDIRECT] [Fatal Error] :1:1: Premature end of file.
2026-03-29 17:38:56,631 [ERROR] LogOutputStream:75 - [STDERR_REDIRECT] 
2026-03-29 17:38:57,635 [ERROR] LogOutputStream:75 - [STDERR_REDIRECT] [Fatal Error] :1:1: Premature end of file.
2026-03-29 17:38:57,636 [ERROR] LogOutputStream:75 - [STDERR_REDIRECT] 
2026-03-29 17:38:58,629 [ERROR] LogOutputStream:75 - [STDERR_REDIRECT] [Fatal Error] :1:1: Premature end of file.
2026-03-29 17:38:58,630 [ERROR] LogOutputStream:75 - [STDERR_REDIRECT] 
2026-03-29 17:38:59,628 [ERROR] LogOutputStream:75 - [STDERR_REDIRECT] [Fatal Error] :1:1: Premature end of file.
2026-03-29 17:38:59,628 [ERROR] LogOutputStream:75 - [STDERR_REDIRECT] 
2026-03-29 17:39:00,643 [ERROR] LogOutputStream:75 - [STDERR_REDIRECT] [Fatal Error] :1:1: Premature end of file.
2026-03-29 17:39:00,643 [ERROR] LogOutputStream:75 - [STDERR_REDIRECT] 
2026-03-29 17:39:01,638 [ERROR] LogOutputStream:75 - [STDERR_REDIRECT] [Fatal Error] :1:1: Premature end of file.
2026-03-29 17:39:01,638 [ERROR] LogOutputStream:75 - [STDERR_REDIRECT] 
2026-03-29 17:39:02,633 [ERROR] LogOutputStream:75 - [STDERR_REDIRECT] [Fatal Error] :1:1: Premature end of file.
2026-03-29 17:39:02,633 [ERROR] LogOutputStream:75 - [STDERR_REDIRECT] 
2026-03-29 17:39:03,635 [ERROR] LogOutputStream:75 - [STDERR_REDIRECT] [Fatal Error] :1:1: Premature end of file.
2026-03-29 17:39:03,635 [ERROR] LogOutputStream:75 - [STDERR_REDIRECT] 
2026-03-29 17:39:04,638 [ERROR] LogOutputStream:75 - [STDERR_REDIRECT] [Fatal Error] :1:1: Premature end of file.
2026-03-29 17:39:04,638 [ERROR] LogOutputStream:75 - [STDERR_REDIRECT] 
2026-03-29 17:39:05,641 [ERROR] LogOutputStream:75 - [STDERR_REDIRECT] [Fatal Error] :1:1: Premature end of file.
2026-03-29 17:39:05,641 [ERROR] LogOutputStream:75 - [STDERR_REDIRECT] 
2026-03-29 17:39:06,644 [ERROR] LogOutputStream:75 - [STDERR_REDIRECT] [Fatal Error] :1:1: Premature end of file.
2026-03-29 17:39:06,644 [ERROR] LogOutputStream:75 - [STDERR_REDIRECT] 
2026-03-29 17:39:07,630 [ERROR] LogOutputStream:75 - [STDERR_REDIRECT] [Fatal Error] :1:1: Premature end of file.
2026-03-29 17:39:07,630 [ERROR] LogOutputStream:75 - [STDERR_REDIRECT] 
2026-03-29 17:39:08,664 [ERROR] LogOutputStream:75 - [STDERR_REDIRECT] [Fatal Error] :1:1: Premature end of file.
2026-03-29 17:39:08,664 [ERROR] LogOutputStream:75 - [STDERR_REDIRECT] 
2026-03-29 17:39:09,641 [ERROR] LogOutputStream:75 - [STDERR_REDIRECT] [Fatal Error] :1:1: Premature end of file.
2026-03-29 17:39:09,641 [ERROR] LogOutputStream:75 - [STDERR_REDIRECT] 
2026-03-29 17:39:10,644 [ERROR] LogOutputStream:75 - [STDERR_REDIRECT] [Fatal Error] :1:1: Premature end of file.
2026-03-29 17:39:10,646 [ERROR] LogOutputStream:75 - [STDERR_REDIRECT] 
2026-03-29 17:39:11,629 [ERROR] LogOutputStream:75 - [STDERR_REDIRECT] [Fatal Error] :1:1: Premature end of file.
2026-03-29 17:39:11,629 [ERROR] LogOutputStream:75 - [STDERR_REDIRECT] 
2026-03-29 17:39:12,635 [ERROR] LogOutputStream:75 - [STDERR_REDIRECT] [Fatal Error] :1:1: Premature end of file.
2026-03-29 17:39:12,635 [ERROR] LogOutputStream:75 - [STDERR_REDIRECT] 
2026-03-29 17:39:13,634 [ERROR] LogOutputStream:75 - [STDERR_REDIRECT] [Fatal Error] :1:1: Premature end of file.
2026-03-29 17:39:13,635 [ERROR] LogOutputStream:75 - [STDERR_REDIRECT] 
2026-03-29 17:39:14,631 [ERROR] LogOutputStream:75 - [STDERR_REDIRECT] [Fatal Error] :1:1: Premature end of file.
2026-03-29 17:39:14,633 [ERROR] LogOutputStream:75 - [STDERR_REDIRECT] 
2026-03-29 17:39:15,631 [ERROR] LogOutputStream:75 - [STDERR_REDIRECT] [Fatal Error] :1:1: Premature end of file.
2026-03-29 17:39:15,631 [ERROR] LogOutputStream:75 - [STDERR_REDIRECT] 
2026-03-29 17:39:16,631 [ERROR] LogOutputStream:75 - [STDERR_REDIRECT] [Fatal Error] :1:1: Premature end of file.
2026-03-29 17:39:16,631 [ERROR] LogOutputStream:75 - [STDERR_REDIRECT] 
2026-03-29 17:39:17,637 [ERROR] LogOutputStream:75 - [STDERR_REDIRECT] [Fatal Error] :1:1: Premature end of file.
2026-03-29 17:39:17,637 [ERROR] LogOutputStream:75 - [STDERR_REDIRECT] 
2026-03-29 17:39:18,639 [ERROR] LogOutputStream:75 - [STDERR_REDIRECT] [Fatal Error] :1:1: Premature end of file.
2026-03-29 17:39:18,639 [ERROR] LogOutputStream:75 - [STDERR_REDIRECT] 
2026-03-29 17:39:19,635 [ERROR] LogOutputStream:75 - [STDERR_REDIRECT] [Fatal Error] :1:1: Premature end of file.
2026-03-29 17:39:19,635 [ERROR] LogOutputStream:75 - [STDERR_REDIRECT] 
2026-03-29 17:39:20,637 [ERROR] LogOutputStream:75 - [STDERR_REDIRECT] [Fatal Error] :1:1: Premature end of file.
2026-03-29 17:39:20,637 [ERROR] LogOutputStream:75 - [STDERR_REDIRECT] 
2026-03-29 17:39:21,634 [ERROR] LogOutputStream:75 - [STDERR_REDIRECT] [Fatal Error] :1:1: Premature end of file.
2026-03-29 17:39:21,634 [ERROR] LogOutputStream:75 - [STDERR_REDIRECT] 
2026-03-29 17:39:22,624 [ERROR] LogOutputStream:75 - [STDERR_REDIRECT] [Fatal Error] :1:1: Premature end of file.
2026-03-29 17:39:22,624 [ERROR] LogOutputStream:75 - [STDERR_REDIRECT] 
2026-03-29 17:39:23,644 [ERROR] LogOutputStream:75 - [STDERR_REDIRECT] [Fatal Error] :1:1: Premature end of file.
2026-03-29 17:39:23,644 [ERROR] LogOutputStream:75 - [STDERR_REDIRECT] 
2026-03-29 17:39:24,632 [ERROR] LogOutputStream:75 - [STDERR_REDIRECT] [Fatal Error] :1:1: Premature end of file.
2026-03-29 17:39:24,632 [ERROR] LogOutputStream:75 - [STDERR_REDIRECT] 
2026-03-29 17:39:25,631 [ERROR] LogOutputStream:75 - [STDERR_REDIRECT] [Fatal Error] :1:1: Premature end of file.
2026-03-29 17:39:25,631 [ERROR] LogOutputStream:75 - [STDERR_REDIRECT] 
2026-03-29 17:39:26,624 [ERROR] LogOutputStream:75 - [STDERR_REDIRECT] [Fatal Error] :1:1: Premature end of file.
2026-03-29 17:39:26,624 [ERROR] LogOutputStream:75 - [STDERR_REDIRECT] 
2026-03-29 17:39:27,630 [ERROR] LogOutputStream:75 - [STDERR_REDIRECT] [Fatal Error] :1:1: Premature end of file.
2026-03-29 17:39:27,630 [ERROR] LogOutputStream:75 - [STDERR_REDIRECT] 
2026-03-29 17:39:28,630 [ERROR] LogOutputStream:75 - [STDERR_REDIRECT] [Fatal Error] :1:1: Premature end of file.
2026-03-29 17:39:28,630 [ERROR] LogOutputStream:75 - [STDERR_REDIRECT] 
2026-03-29 17:39:29,632 [ERROR] LogOutputStream:75 - [STDERR_REDIRECT] [Fatal Error] :1:1: Premature end of file.
2026-03-29 17:39:29,632 [ERROR] LogOutputStream:75 - [STDERR_REDIRECT] 
2026-03-29 17:39:30,633 [ERROR] LogOutputStream:75 - [STDERR_REDIRECT] [Fatal Error] :1:1: Premature end of file.
2026-03-29 17:39:30,633 [ERROR] LogOutputStream:75 - [STDERR_REDIRECT] 
2026-03-29 17:39:31,632 [ERROR] LogOutputStream:75 - [STDERR_REDIRECT] [Fatal Error] :1:1: Premature end of file.
2026-03-29 17:39:31,632 [ERROR] LogOutputStream:75 - [STDERR_REDIRECT] 
2026-03-29 17:39:32,633 [ERROR] LogOutputStream:75 - [STDERR_REDIRECT] [Fatal Error] :1:1: Premature end of file.
2026-03-29 17:39:32,633 [ERROR] LogOutputStream:75 - [STDERR_REDIRECT] 
2026-03-29 17:39:33,640 [ERROR] LogOutputStream:75 - [STDERR_REDIRECT] [Fatal Error] :1:1: Premature end of file.
2026-03-29 17:39:33,640 [ERROR] LogOutputStream:75 - [STDERR_REDIRECT] 
2026-03-29 17:39:34,631 [ERROR] LogOutputStream:75 - [STDERR_REDIRECT] [Fatal Error] :1:1: Premature end of file.
2026-03-29 17:39:34,631 [ERROR] LogOutputStream:75 - [STDERR_REDIRECT] 
2026-03-29 17:39:35,629 [ERROR] LogOutputStream:75 - [STDERR_REDIRECT] [Fatal Error] :1:1: Premature end of file.
2026-03-29 17:39:35,629 [ERROR] LogOutputStream:75 - [STDERR_REDIRECT] 
2026-03-29 17:39:36,652 [ERROR] LogOutputStream:75 - [STDERR_REDIRECT] [Fatal Error] :1:1: Premature end of file.
2026-03-29 17:39:36,652 [ERROR] LogOutputStream:75 - [STDERR_REDIRECT] 
2026-03-29 17:39:37,635 [ERROR] LogOutputStream:75 - [STDERR_REDIRECT] [Fatal Error] :1:1: Premature end of file.
2026-03-29 17:39:37,635 [ERROR] LogOutputStream:75 - [STDERR_REDIRECT] 
2026-03-29 17:39:38,631 [ERROR] LogOutputStream:75 - [STDERR_REDIRECT] [Fatal Error] :1:1: Premature end of file.
2026-03-29 17:39:38,631 [ERROR] LogOutputStream:75 - [STDERR_REDIRECT] 
2026-03-29 17:39:39,632 [ERROR] LogOutputStream:75 - [STDERR_REDIRECT] [Fatal Error] :1:1: Premature end of file.
2026-03-29 17:39:39,632 [ERROR] LogOutputStream:75 - [STDERR_REDIRECT] 
2026-03-29 17:39:40,633 [ERROR] LogOutputStream:75 - [STDERR_REDIRECT] [Fatal Error] :1:1: Premature end of file.
2026-03-29 17:39:40,634 [ERROR] LogOutputStream:75 - [STDERR_REDIRECT] 
2026-03-29 17:39:41,630 [ERROR] LogOutputStream:75 - [STDERR_REDIRECT] [Fatal Error] :1:1: Premature end of file.
2026-03-29 17:39:41,630 [ERROR] LogOutputStream:75 - [STDERR_REDIRECT] 
2026-03-29 17:39:42,637 [ERROR] LogOutputStream:75 - [STDERR_REDIRECT] [Fatal Error] :1:1: Premature end of file.
2026-03-29 17:39:42,637 [ERROR] LogOutputStream:75 - [STDERR_REDIRECT] 
2026-03-29 17:39:43,623 [ERROR] LogOutputStream:75 - [STDERR_REDIRECT] [Fatal Error] :1:1: Premature end of file.
2026-03-29 17:39:43,623 [ERROR] LogOutputStream:75 - [STDERR_REDIRECT] 
2026-03-29 17:39:44,628 [ERROR] LogOutputStream:75 - [STDERR_REDIRECT] [Fatal Error] :1:1: Premature end of file.
2026-03-29 17:39:44,628 [ERROR] LogOutputStream:75 - [STDERR_REDIRECT] 
2026-03-29 17:39:45,640 [ERROR] LogOutputStream:75 - [STDERR_REDIRECT] [Fatal Error] :1:1: Premature end of file.
2026-03-29 17:39:45,640 [ERROR] LogOutputStream:75 - [STDERR_REDIRECT] 
2026-03-29 17:39:46,629 [ERROR] LogOutputStream:75 - [STDERR_REDIRECT] [Fatal Error] :1:1: Premature end of file.
2026-03-29 17:39:46,629 [ERROR] LogOutputStream:75 - [STDERR_REDIRECT] 
2026-03-29 17:39:47,631 [ERROR] LogOutputStream:75 - [STDERR_REDIRECT] [Fatal Error] :1:1: Premature end of file.
2026-03-29 17:39:47,631 [ERROR] LogOutputStream:75 - [STDERR_REDIRECT] 
2026-03-29 17:39:48,629 [ERROR] LogOutputStream:75 - [STDERR_REDIRECT] [Fatal Error] :1:1: Premature end of file.
2026-03-29 17:39:48,629 [ERROR] LogOutputStream:75 - [STDERR_REDIRECT] 
2026-03-29 17:39:49,637 [ERROR] LogOutputStream:75 - [STDERR_REDIRECT] [Fatal Error] :1:1: Premature end of file.
2026-03-29 17:39:49,637 [ERROR] LogOutputStream:75 - [STDERR_REDIRECT] 
2026-03-29 17:39:50,641 [ERROR] LogOutputStream:75 - [STDERR_REDIRECT] [Fatal Error] :1:1: Premature end of file.
2026-03-29 17:39:50,641 [ERROR] LogOutputStream:75 - [STDERR_REDIRECT] 
2026-03-29 17:39:51,648 [ERROR] LogOutputStream:75 - [STDERR_REDIRECT] [Fatal Error] :1:1: Premature end of file.
2026-03-29 17:39:51,648 [ERROR] LogOutputStream:75 - [STDERR_REDIRECT] 
2026-03-29 17:39:52,637 [ERROR] LogOutputStream:75 - [STDERR_REDIRECT] [Fatal Error] :1:1: Premature end of file.
2026-03-29 17:39:52,637 [ERROR] LogOutputStream:75 - [STDERR_REDIRECT] 
2026-03-29 17:39:53,640 [ERROR] LogOutputStream:75 - [STDERR_REDIRECT] [Fatal Error] :1:1: Premature end of file.
2026-03-29 17:39:53,640 [ERROR] LogOutputStream:75 - [STDERR_REDIRECT] 
2026-03-29 17:39:54,624 [ERROR] LogOutputStream:75 - [STDERR_REDIRECT] [Fatal Error] :1:1: Premature end of file.
2026-03-29 17:39:54,624 [ERROR] LogOutputStream:75 - [STDERR_REDIRECT] 
2026-03-29 17:39:55,624 [ERROR] LogOutputStream:75 - [STDERR_REDIRECT] [Fatal Error] :1:1: Premature end of file.
2026-03-29 17:39:55,624 [ERROR] LogOutputStream:75 - [STDERR_REDIRECT] 
2026-03-29 17:39:56,625 [ERROR] LogOutputStream:75 - [STDERR_REDIRECT] [Fatal Error] :1:1: Premature end of file.
2026-03-29 17:39:56,625 [ERROR] LogOutputStream:75 - [STDERR_REDIRECT] 
2026-03-29 17:39:57,632 [ERROR] LogOutputStream:75 - [STDERR_REDIRECT] [Fatal Error] :1:1: Premature end of file.
2026-03-29 17:39:57,632 [ERROR] LogOutputStream:75 - [STDERR_REDIRECT] 
2026-03-29 17:39:58,635 [ERROR] LogOutputStream:75 - [STDERR_REDIRECT] [Fatal Error] :1:1: Premature end of file.
2026-03-29 17:39:58,635 [ERROR] LogOutputStream:75 - [STDERR_REDIRECT] 
2026-03-29 17:39:59,642 [ERROR] LogOutputStream:75 - [STDERR_REDIRECT] [Fatal Error] :1:1: Premature end of file.
2026-03-29 17:39:59,642 [ERROR] LogOutputStream:75 - [STDERR_REDIRECT] 
2026-03-29 17:40:00,633 [ERROR] LogOutputStream:75 - [STDERR_REDIRECT] [Fatal Error] :1:1: Premature end of file.
2026-03-29 17:40:00,633 [ERROR] LogOutputStream:75 - [STDERR_REDIRECT] 
2026-03-29 17:40:01,633 [ERROR] LogOutputStream:75 - [STDERR_REDIRECT] [Fatal Error] :1:1: Premature end of file.
2026-03-29 17:40:01,633 [ERROR] LogOutputStream:75 - [STDERR_REDIRECT] 
2026-03-29 17:40:02,631 [ERROR] LogOutputStream:75 - [STDERR_REDIRECT] [Fatal Error] :1:1: Premature end of file.
2026-03-29 17:40:02,631 [ERROR] LogOutputStream:75 - [STDERR_REDIRECT] 
2026-03-29 17:40:03,630 [ERROR] LogOutputStream:75 - [STDERR_REDIRECT] [Fatal Error] :1:1: Premature end of file.
2026-03-29 17:40:03,630 [ERROR] LogOutputStream:75 - [STDERR_REDIRECT] 
2026-03-29 17:40:04,666 [ERROR] LogOutputStream:75 - [STDERR_REDIRECT] [Fatal Error] :1:1: Premature end of file.
2026-03-29 17:40:04,666 [ERROR] LogOutputStream:75 - [STDERR_REDIRECT] 
2026-03-29 17:40:05,636 [ERROR] LogOutputStream:75 - [STDERR_REDIRECT] [Fatal Error] :1:1: Premature end of file.
2026-03-29 17:40:05,636 [ERROR] LogOutputStream:75 - [STDERR_REDIRECT] 
2026-03-29 17:40:06,625 [ERROR] LogOutputStream:75 - [STDERR_REDIRECT] [Fatal Error] :1:1: Premature end of file.
2026-03-29 17:40:06,625 [ERROR] LogOutputStream:75 - [STDERR_REDIRECT] 
2026-03-29 17:40:07,636 [ERROR] LogOutputStream:75 - [STDERR_REDIRECT] [Fatal Error] :1:1: Premature end of file.
2026-03-29 17:40:07,636 [ERROR] LogOutputStream:75 - [STDERR_REDIRECT] 
2026-03-29 17:40:08,624 [ERROR] LogOutputStream:75 - [STDERR_REDIRECT] [Fatal Error] :1:1: Premature end of file.
2026-03-29 17:40:08,624 [ERROR] LogOutputStream:75 - [STDERR_REDIRECT] 
2026-03-29 17:40:09,625 [ERROR] LogOutputStream:75 - [STDERR_REDIRECT] [Fatal Error] :1:1: Premature end of file.
2026-03-29 17:40:09,625 [ERROR] LogOutputStream:75 - [STDERR_REDIRECT] 
2026-03-29 17:40:10,628 [ERROR] LogOutputStream:75 - [STDERR_REDIRECT] [Fatal Error] :1:1: Premature end of file.
2026-03-29 17:40:10,629 [ERROR] LogOutputStream:75 - [STDERR_REDIRECT] 
2026-03-29 17:40:11,626 [ERROR] LogOutputStream:75 - [STDERR_REDIRECT] [Fatal Error] :1:1: Premature end of file.
2026-03-29 17:40:11,626 [ERROR] LogOutputStream:75 - [STDERR_REDIRECT] 
2026-03-29 17:40:12,631 [ERROR] LogOutputStream:75 - [STDERR_REDIRECT] [Fatal Error] :1:1: Premature end of file.
2026-03-29 17:40:12,631 [ERROR] LogOutputStream:75 - [STDERR_REDIRECT] 
2026-03-29 17:40:13,631 [ERROR] LogOutputStream:75 - [STDERR_REDIRECT] [Fatal Error] :1:1: Premature end of file.
2026-03-29 17:40:13,631 [ERROR] LogOutputStream:75 - [STDERR_REDIRECT] 
2026-03-29 17:40:14,624 [ERROR] LogOutputStream:75 - [STDERR_REDIRECT] [Fatal Error] :1:1: Premature end of file.
2026-03-29 17:40:14,624 [ERROR] LogOutputStream:75 - [STDERR_REDIRECT] 
2026-03-29 17:40:15,624 [ERROR] LogOutputStream:75 - [STDERR_REDIRECT] [Fatal Error] :1:1: Premature end of file.
2026-03-29 17:40:15,624 [ERROR] LogOutputStream:75 - [STDERR_REDIRECT] 
2026-03-29 17:40:16,625 [ERROR] LogOutputStream:75 - [STDERR_REDIRECT] [Fatal Error] :1:1: Premature end of file.
2026-03-29 17:40:16,625 [ERROR] LogOutputStream:75 - [STDERR_REDIRECT] 
2026-03-29 17:40:17,625 [ERROR] LogOutputStream:75 - [STDERR_REDIRECT] [Fatal Error] :1:1: Premature end of file.
2026-03-29 17:40:17,625 [ERROR] LogOutputStream:75 - [STDERR_REDIRECT] 
2026-03-29 17:40:18,625 [ERROR] LogOutputStream:75 - [STDERR_REDIRECT] [Fatal Error] :1:1: Premature end of file.
2026-03-29 17:40:18,625 [ERROR] LogOutputStream:75 - [STDERR_REDIRECT] 
2026-03-29 17:40:19,623 [ERROR] LogOutputStream:75 - [STDERR_REDIRECT] [Fatal Error] :1:1: Premature end of file.
2026-03-29 17:40:19,624 [ERROR] LogOutputStream:75 - [STDERR_REDIRECT] 
2026-03-29 17:40:20,625 [ERROR] LogOutputStream:75 - [STDERR_REDIRECT] [Fatal Error] :1:1: Premature end of file.
2026-03-29 17:40:20,625 [ERROR] LogOutputStream:75 - [STDERR_REDIRECT] 
2026-03-29 17:40:21,637 [ERROR] LogOutputStream:75 - [STDERR_REDIRECT] [Fatal Error] :1:1: Premature end of file.
2026-03-29 17:40:21,637 [ERROR] LogOutputStream:75 - [STDERR_REDIRECT] 
2026-03-29 17:40:22,640 [ERROR] LogOutputStream:75 - [STDERR_REDIRECT] [Fatal Error] :1:1: Premature end of file.
2026-03-29 17:40:22,640 [ERROR] LogOutputStream:75 - [STDERR_REDIRECT] 
2026-03-29 17:40:23,635 [ERROR] LogOutputStream:75 - [STDERR_REDIRECT] [Fatal Error] :1:1: Premature end of file.
2026-03-29 17:40:23,635 [ERROR] LogOutputStream:75 - [STDERR_REDIRECT] 
2026-03-29 17:40:24,632 [ERROR] LogOutputStream:75 - [STDERR_REDIRECT] [Fatal Error] :1:1: Premature end of file.
2026-03-29 17:40:24,632 [ERROR] LogOutputStream:75 - [STDERR_REDIRECT] 
2026-03-29 17:40:25,629 [ERROR] LogOutputStream:75 - [STDERR_REDIRECT] [Fatal Error] :1:1: Premature end of file.
2026-03-29 17:40:25,629 [ERROR] LogOutputStream:75 - [STDERR_REDIRECT] 
2026-03-29 17:40:26,640 [ERROR] LogOutputStream:75 - [STDERR_REDIRECT] [Fatal Error] :1:1: Premature end of file.
2026-03-29 17:40:26,640 [ERROR] LogOutputStream:75 - [STDERR_REDIRECT] 
2026-03-29 17:40:27,628 [ERROR] LogOutputStream:75 - [STDERR_REDIRECT] [Fatal Error] :1:1: Premature end of file.
2026-03-29 17:40:27,628 [ERROR] LogOutputStream:75 - [STDERR_REDIRECT] 
2026-03-29 17:40:28,627 [ERROR] LogOutputStream:75 - [STDERR_REDIRECT] [Fatal Error] :1:1: Premature end of file.
2026-03-29 17:40:28,627 [ERROR] LogOutputStream:75 - [STDERR_REDIRECT] 
2026-03-29 17:40:29,635 [ERROR] LogOutputStream:75 - [STDERR_REDIRECT] [Fatal Error] :1:1: Premature end of file.
2026-03-29 17:40:29,635 [ERROR] LogOutputStream:75 - [STDERR_REDIRECT] 
2026-03-29 17:40:30,626 [ERROR] LogOutputStream:75 - [STDERR_REDIRECT] [Fatal Error] :1:1: Premature end of file.
2026-03-29 17:40:30,626 [ERROR] LogOutputStream:75 - [STDERR_REDIRECT] 
2026-03-29 17:40:31,711 [ERROR] LogOutputStream:75 - [STDERR_REDIRECT] [Fatal Error] :1:1: Premature end of file.
2026-03-29 17:40:31,712 [ERROR] LogOutputStream:75 - [STDERR_REDIRECT] 
2026-03-29 17:40:32,637 [ERROR] LogOutputStream:75 - [STDERR_REDIRECT] [Fatal Error] :1:1: Premature end of file.
2026-03-29 17:40:32,637 [ERROR] LogOutputStream:75 - [STDERR_REDIRECT] 
2026-03-29 17:40:33,629 [ERROR] LogOutputStream:75 - [STDERR_REDIRECT] [Fatal Error] :1:1: Premature end of file.
2026-03-29 17:40:33,629 [ERROR] LogOutputStream:75 - [STDERR_REDIRECT] 
2026-03-29 17:40:34,629 [ERROR] LogOutputStream:75 - [STDERR_REDIRECT] [Fatal Error] :1:1: Premature end of file.
2026-03-29 17:40:34,629 [ERROR] LogOutputStream:75 - [STDERR_REDIRECT] 
2026-03-29 17:40:35,629 [ERROR] LogOutputStream:75 - [STDERR_REDIRECT] [Fatal Error] :1:1: Premature end of file.
2026-03-29 17:40:35,634 [ERROR] LogOutputStream:75 - [STDERR_REDIRECT] 
2026-03-29 17:40:36,633 [ERROR] LogOutputStream:75 - [STDERR_REDIRECT] [Fatal Error] :1:1: Premature end of file.
2026-03-29 17:40:36,633 [ERROR] LogOutputStream:75 - [STDERR_REDIRECT] 
2026-03-29 17:40:37,635 [ERROR] LogOutputStream:75 - [STDERR_REDIRECT] [Fatal Error] :1:1: Premature end of file.
2026-03-29 17:40:37,635 [ERROR] LogOutputStream:75 - [STDERR_REDIRECT] 
2026-03-29 17:40:38,640 [ERROR] LogOutputStream:75 - [STDERR_REDIRECT] [Fatal Error] :1:1: Premature end of file.
2026-03-29 17:40:38,640 [ERROR] LogOutputStream:75 - [STDERR_REDIRECT] 
2026-03-29 17:40:39,629 [ERROR] LogOutputStream:75 - [STDERR_REDIRECT] [Fatal Error] :1:1: Premature end of file.
2026-03-29 17:40:39,629 [ERROR] LogOutputStream:75 - [STDERR_REDIRECT] 
2026-03-29 17:40:40,629 [ERROR] LogOutputStream:75 - [STDERR_REDIRECT] [Fatal Error] :1:1: Premature end of file.
2026-03-29 17:40:40,629 [ERROR] LogOutputStream:75 - [STDERR_REDIRECT] 
2026-03-29 17:40:41,626 [ERROR] LogOutputStream:75 - [STDERR_REDIRECT] [Fatal Error] :1:1: Premature end of file.
2026-03-29 17:40:41,627 [ERROR] LogOutputStream:75 - [STDERR_REDIRECT] 
2026-03-29 17:40:42,630 [ERROR] LogOutputStream:75 - [STDERR_REDIRECT] [Fatal Error] :1:1: Premature end of file.
2026-03-29 17:40:42,630 [ERROR] LogOutputStream:75 - [STDERR_REDIRECT] 
2026-03-29 17:40:43,628 [ERROR] LogOutputStream:75 - [STDERR_REDIRECT] [Fatal Error] :1:1: Premature end of file.
2026-03-29 17:40:43,628 [ERROR] LogOutputStream:75 - [STDERR_REDIRECT] 
2026-03-29 17:40:44,627 [ERROR] LogOutputStream:75 - [STDERR_REDIRECT] [Fatal Error] :1:1: Premature end of file.
2026-03-29 17:40:44,628 [ERROR] LogOutputStream:75 - [STDERR_REDIRECT] 
2026-03-29 17:40:45,627 [ERROR] LogOutputStream:75 - [STDERR_REDIRECT] [Fatal Error] :1:1: Premature end of file.
2026-03-29 17:40:45,627 [ERROR] LogOutputStream:75 - [STDERR_REDIRECT] 
2026-03-29 17:40:46,627 [ERROR] LogOutputStream:75 - [STDERR_REDIRECT] [Fatal Error] :1:1: Premature end of file.
2026-03-29 17:40:46,627 [ERROR] LogOutputStream:75 - [STDERR_REDIRECT] 
2026-03-29 17:40:47,626 [ERROR] LogOutputStream:75 - [STDERR_REDIRECT] [Fatal Error] :1:1: Premature end of file.
2026-03-29 17:40:47,626 [ERROR] LogOutputStream:75 - [STDERR_REDIRECT] 
2026-03-29 17:40:48,632 [ERROR] LogOutputStream:75 - [STDERR_REDIRECT] [Fatal Error] :1:1: Premature end of file.
2026-03-29 17:40:48,632 [ERROR] LogOutputStream:75 - [STDERR_REDIRECT] 
2026-03-29 17:40:49,629 [ERROR] LogOutputStream:75 - [STDERR_REDIRECT] [Fatal Error] :1:1: Premature end of file.
2026-03-29 17:40:49,629 [ERROR] LogOutputStream:75 - [STDERR_REDIRECT] 
2026-03-29 17:40:50,629 [ERROR] LogOutputStream:75 - [STDERR_REDIRECT] [Fatal Error] :1:1: Premature end of file.
2026-03-29 17:40:50,629 [ERROR] LogOutputStream:75 - [STDERR_REDIRECT] 
2026-03-29 17:40:51,636 [ERROR] LogOutputStream:75 - [STDERR_REDIRECT] [Fatal Error] :1:1: Premature end of file.
2026-03-29 17:40:51,636 [ERROR] LogOutputStream:75 - [STDERR_REDIRECT] 
2026-03-29 17:40:52,630 [ERROR] LogOutputStream:75 - [STDERR_REDIRECT] [Fatal Error] :1:1: Premature end of file.
2026-03-29 17:40:52,630 [ERROR] LogOutputStream:75 - [STDERR_REDIRECT] 
2026-03-29 17:40:53,626 [ERROR] LogOutputStream:75 - [STDERR_REDIRECT] [Fatal Error] :1:1: Premature end of file.
2026-03-29 17:40:53,628 [ERROR] LogOutputStream:75 - [STDERR_REDIRECT] 
2026-03-29 17:40:54,622 [ERROR] LogOutputStream:75 - [STDERR_REDIRECT] [Fatal Error] :1:1: Premature end of file.
2026-03-29 17:40:54,622 [ERROR] LogOutputStream:75 - [STDERR_REDIRECT] 
2026-03-29 17:40:55,627 [ERROR] LogOutputStream:75 - [STDERR_REDIRECT] [Fatal Error] :1:1: Premature end of file.
2026-03-29 17:40:55,627 [ERROR] LogOutputStream:75 - [STDERR_REDIRECT] 
2026-03-29 17:40:56,630 [ERROR] LogOutputStream:75 - [STDERR_REDIRECT] [Fatal Error] :1:1: Premature end of file.
2026-03-29 17:40:56,630 [ERROR] LogOutputStream:75 - [STDERR_REDIRECT] 
2026-03-29 17:40:57,629 [ERROR] LogOutputStream:75 - [STDERR_REDIRECT] [Fatal Error] :1:1: Premature end of file.
2026-03-29 17:40:57,630 [ERROR] LogOutputStream:75 - [STDERR_REDIRECT] 
2026-03-29 17:40:58,632 [ERROR] LogOutputStream:75 - [STDERR_REDIRECT] [Fatal Error] :1:1: Premature end of file.
2026-03-29 17:40:58,634 [ERROR] LogOutputStream:75 - [STDERR_REDIRECT] 
2026-03-29 17:40:59,639 [ERROR] LogOutputStream:75 - [STDERR_REDIRECT] [Fatal Error] :1:1: Premature end of file.
2026-03-29 17:40:59,639 [ERROR] LogOutputStream:75 - [STDERR_REDIRECT] 
2026-03-29 17:41:00,630 [ERROR] LogOutputStream:75 - [STDERR_REDIRECT] [Fatal Error] :1:1: Premature end of file.
2026-03-29 17:41:00,630 [ERROR] LogOutputStream:75 - [STDERR_REDIRECT] 
2026-03-29 17:41:01,629 [ERROR] LogOutputStream:75 - [STDERR_REDIRECT] [Fatal Error] :1:1: Premature end of file.
2026-03-29 17:41:01,629 [ERROR] LogOutputStream:75 - [STDERR_REDIRECT] 
2026-03-29 17:41:02,641 [ERROR] LogOutputStream:75 - [STDERR_REDIRECT] [Fatal Error] :1:1: Premature end of file.
2026-03-29 17:41:02,641 [ERROR] LogOutputStream:75 - [STDERR_REDIRECT] 
2026-03-29 17:41:03,629 [ERROR] LogOutputStream:75 - [STDERR_REDIRECT] [Fatal Error] :1:1: Premature end of file.
2026-03-29 17:41:03,629 [ERROR] LogOutputStream:75 - [STDERR_REDIRECT] 
2026-03-29 17:41:04,640 [ERROR] LogOutputStream:75 - [STDERR_REDIRECT] [Fatal Error] :1:1: Premature end of file.
2026-03-29 17:41:04,640 [ERROR] LogOutputStream:75 - [STDERR_REDIRECT] 
2026-03-29 17:41:05,711 [ERROR] LogOutputStream:75 - [STDERR_REDIRECT] [Fatal Error] :1:1: Premature end of file.
2026-03-29 17:41:05,712 [ERROR] LogOutputStream:75 - [STDERR_REDIRECT] 
2026-03-29 17:41:06,630 [ERROR] LogOutputStream:75 - [STDERR_REDIRECT] [Fatal Error] :1:1: Premature end of file.
2026-03-29 17:41:06,630 [ERROR] LogOutputStream:75 - [STDERR_REDIRECT] 
2026-03-29 17:41:07,629 [ERROR] LogOutputStream:75 - [STDERR_REDIRECT] [Fatal Error] :1:1: Premature end of file.
2026-03-29 17:41:07,629 [ERROR] LogOutputStream:75 - [STDERR_REDIRECT] 
2026-03-29 17:41:08,634 [ERROR] LogOutputStream:75 - [STDERR_REDIRECT] [Fatal Error] :1:1: Premature end of file.
2026-03-29 17:41:08,634 [ERROR] LogOutputStream:75 - [STDERR_REDIRECT] 
2026-03-29 17:41:09,638 [ERROR] LogOutputStream:75 - [STDERR_REDIRECT] [Fatal Error] :1:1: Premature end of file.
2026-03-29 17:41:09,638 [ERROR] LogOutputStream:75 - [STDERR_REDIRECT] 
2026-03-29 17:41:10,636 [ERROR] LogOutputStream:75 - [STDERR_REDIRECT] [Fatal Error] :1:1: Premature end of file.
2026-03-29 17:41:10,636 [ERROR] LogOutputStream:75 - [STDERR_REDIRECT] 
2026-03-29 17:41:11,637 [ERROR] LogOutputStream:75 - [STDERR_REDIRECT] [Fatal Error] :1:1: Premature end of file.
2026-03-29 17:41:11,637 [ERROR] LogOutputStream:75 - [STDERR_REDIRECT] 
2026-03-29 17:41:12,629 [ERROR] LogOutputStream:75 - [STDERR_REDIRECT] [Fatal Error] :1:1: Premature end of file.
2026-03-29 17:41:12,629 [ERROR] LogOutputStream:75 - [STDERR_REDIRECT] 
2026-03-29 17:41:13,633 [ERROR] LogOutputStream:75 - [STDERR_REDIRECT] [Fatal Error] :1:1: Premature end of file.
2026-03-29 17:41:13,633 [ERROR] LogOutputStream:75 - [STDERR_REDIRECT] 
2026-03-29 17:41:14,643 [ERROR] LogOutputStream:75 - [STDERR_REDIRECT] [Fatal Error] :1:1: Premature end of file.
2026-03-29 17:41:14,644 [ERROR] LogOutputStream:75 - [STDERR_REDIRECT] 
2026-03-29 17:41:15,629 [ERROR] LogOutputStream:75 - [STDERR_REDIRECT] [Fatal Error] :1:1: Premature end of file.
2026-03-29 17:41:15,629 [ERROR] LogOutputStream:75 - [STDERR_REDIRECT] 
2026-03-29 17:41:16,629 [ERROR] LogOutputStream:75 - [STDERR_REDIRECT] [Fatal Error] :1:1: Premature end of file.
2026-03-29 17:41:16,629 [ERROR] LogOutputStream:75 - [STDERR_REDIRECT] 
2026-03-29 17:41:17,635 [ERROR] LogOutputStream:75 - [STDERR_REDIRECT] [Fatal Error] :1:1: Premature end of file.
2026-03-29 17:41:17,635 [ERROR] LogOutputStream:75 - [STDERR_REDIRECT] 
2026-03-29 17:41:18,629 [ERROR] LogOutputStream:75 - [STDERR_REDIRECT] [Fatal Error] :1:1: Premature end of file.
2026-03-29 17:41:18,629 [ERROR] LogOutputStream:75 - [STDERR_REDIRECT] 
2026-03-29 17:41:19,629 [ERROR] LogOutputStream:75 - [STDERR_REDIRECT] [Fatal Error] :1:1: Premature end of file.
2026-03-29 17:41:19,629 [ERROR] LogOutputStream:75 - [STDERR_REDIRECT] 
2026-03-29 17:41:20,638 [ERROR] LogOutputStream:75 - [STDERR_REDIRECT] [Fatal Error] :1:1: Premature end of file.
2026-03-29 17:41:20,638 [ERROR] LogOutputStream:75 - [STDERR_REDIRECT] 
2026-03-29 17:41:21,644 [ERROR] LogOutputStream:75 - [STDERR_REDIRECT] [Fatal Error] :1:1: Premature end of file.
2026-03-29 17:41:21,644 [ERROR] LogOutputStream:75 - [STDERR_REDIRECT] 
2026-03-29 17:41:22,641 [ERROR] LogOutputStream:75 - [STDERR_REDIRECT] [Fatal Error] :1:1: Premature end of file.
2026-03-29 17:41:22,641 [ERROR] LogOutputStream:75 - [STDERR_REDIRECT] 
2026-03-29 17:41:23,629 [ERROR] LogOutputStream:75 - [STDERR_REDIRECT] [Fatal Error] :1:1: Premature end of file.
2026-03-29 17:41:23,629 [ERROR] LogOutputStream:75 - [STDERR_REDIRECT] 
2026-03-29 17:41:24,630 [ERROR] LogOutputStream:75 - [STDERR_REDIRECT] [Fatal Error] :1:1: Premature end of file.
2026-03-29 17:41:24,630 [ERROR] LogOutputStream:75 - [STDERR_REDIRECT] 
2026-03-29 17:41:25,629 [ERROR] LogOutputStream:75 - [STDERR_REDIRECT] [Fatal Error] :1:1: Premature end of file.
2026-03-29 17:41:25,629 [ERROR] LogOutputStream:75 - [STDERR_REDIRECT] 
2026-03-29 17:41:26,630 [ERROR] LogOutputStream:75 - [STDERR_REDIRECT] [Fatal Error] :1:1: Premature end of file.
2026-03-29 17:41:26,630 [ERROR] LogOutputStream:75 - [STDERR_REDIRECT] 
2026-03-29 17:41:27,630 [ERROR] LogOutputStream:75 - [STDERR_REDIRECT] [Fatal Error] :1:1: Premature end of file.
2026-03-29 17:41:27,630 [ERROR] LogOutputStream:75 - [STDERR_REDIRECT] 
2026-03-29 17:41:28,633 [ERROR] LogOutputStream:75 - [STDERR_REDIRECT] [Fatal Error] :1:1: Premature end of file.
2026-03-29 17:41:28,633 [ERROR] LogOutputStream:75 - [STDERR_REDIRECT] 
2026-03-29 17:41:29,639 [ERROR] LogOutputStream:75 - [STDERR_REDIRECT] [Fatal Error] :1:1: Premature end of file.
2026-03-29 17:41:29,640 [ERROR] LogOutputStream:75 - [STDERR_REDIRECT] 
2026-03-29 17:41:30,639 [ERROR] LogOutputStream:75 - [STDERR_REDIRECT] [Fatal Error] :1:1: Premature end of file.
2026-03-29 17:41:30,639 [ERROR] LogOutputStream:75 - [STDERR_REDIRECT] 
2026-03-29 17:41:31,629 [ERROR] LogOutputStream:75 - [STDERR_REDIRECT] [Fatal Error] :1:1: Premature end of file.
2026-03-29 17:41:31,629 [ERROR] LogOutputStream:75 - [STDERR_REDIRECT] 
2026-03-29 17:41:32,629 [ERROR] LogOutputStream:75 - [STDERR_REDIRECT] [Fatal Error] :1:1: Premature end of file.
2026-03-29 17:41:32,629 [ERROR] LogOutputStream:75 - [STDERR_REDIRECT] 
2026-03-29 17:41:33,630 [ERROR] LogOutputStream:75 - [STDERR_REDIRECT] [Fatal Error] :1:1: Premature end of file.
2026-03-29 17:41:33,630 [ERROR] LogOutputStream:75 - [STDERR_REDIRECT] 
2026-03-29 17:41:34,632 [ERROR] LogOutputStream:75 - [STDERR_REDIRECT] [Fatal Error] :1:1: Premature end of file.
2026-03-29 17:41:34,633 [ERROR] LogOutputStream:75 - [STDERR_REDIRECT] 
2026-03-29 17:41:35,637 [ERROR] LogOutputStream:75 - [STDERR_REDIRECT] [Fatal Error] :1:1: Premature end of file.
2026-03-29 17:41:35,637 [ERROR] LogOutputStream:75 - [STDERR_REDIRECT] 
2026-03-29 17:41:36,663 [ERROR] LogOutputStream:75 - [STDERR_REDIRECT] [Fatal Error] :1:1: Premature end of file.
2026-03-29 17:41:36,664 [ERROR] LogOutputStream:75 - [STDERR_REDIRECT] 
2026-03-29 17:41:37,699 [ERROR] LogOutputStream:75 - [STDERR_REDIRECT] [Fatal Error] :1:1: Premature end of file.
2026-03-29 17:41:37,699 [ERROR] LogOutputStream:75 - [STDERR_REDIRECT] 
2026-03-29 17:41:38,626 [ERROR] LogOutputStream:75 - [STDERR_REDIRECT] [Fatal Error] :1:1: Premature end of file.
2026-03-29 17:41:38,626 [ERROR] LogOutputStream:75 - [STDERR_REDIRECT] 
2026-03-29 17:41:39,628 [ERROR] LogOutputStream:75 - [STDERR_REDIRECT] [Fatal Error] :1:1: Premature end of file.
2026-03-29 17:41:39,628 [ERROR] LogOutputStream:75 - [STDERR_REDIRECT] 
2026-03-29 17:41:40,633 [ERROR] LogOutputStream:75 - [STDERR_REDIRECT] [Fatal Error] :1:1: Premature end of file.
2026-03-29 17:41:40,633 [ERROR] LogOutputStream:75 - [STDERR_REDIRECT] 
2026-03-29 17:41:41,627 [ERROR] LogOutputStream:75 - [STDERR_REDIRECT] [Fatal Error] :1:1: Premature end of file.
2026-03-29 17:41:41,627 [ERROR] LogOutputStream:75 - [STDERR_REDIRECT] 
2026-03-29 17:41:42,629 [ERROR] LogOutputStream:75 - [STDERR_REDIRECT] [Fatal Error] :1:1: Premature end of file.
2026-03-29 17:41:42,629 [ERROR] LogOutputStream:75 - [STDERR_REDIRECT] 
2026-03-29 17:41:43,631 [ERROR] LogOutputStream:75 - [STDERR_REDIRECT] [Fatal Error] :1:1: Premature end of file.
2026-03-29 17:41:43,631 [ERROR] LogOutputStream:75 - [STDERR_REDIRECT] 
2026-03-29 17:41:44,631 [ERROR] LogOutputStream:75 - [STDERR_REDIRECT] [Fatal Error] :1:1: Premature end of file.
2026-03-29 17:41:44,631 [ERROR] LogOutputStream:75 - [STDERR_REDIRECT] 
2026-03-29 17:41:45,629 [ERROR] LogOutputStream:75 - [STDERR_REDIRECT] [Fatal Error] :1:1: Premature end of file.
2026-03-29 17:41:45,629 [ERROR] LogOutputStream:75 - [STDERR_REDIRECT] 
2026-03-29 17:41:46,635 [ERROR] LogOutputStream:75 - [STDERR_REDIRECT] [Fatal Error] :1:1: Premature end of file.
2026-03-29 17:41:46,635 [ERROR] LogOutputStream:75 - [STDERR_REDIRECT] 
2026-03-29 17:41:47,629 [ERROR] LogOutputStream:75 - [STDERR_REDIRECT] [Fatal Error] :1:1: Premature end of file.
2026-03-29 17:41:47,629 [ERROR] LogOutputStream:75 - [STDERR_REDIRECT] 
2026-03-29 17:41:48,629 [ERROR] LogOutputStream:75 - [STDERR_REDIRECT] [Fatal Error] :1:1: Premature end of file.
2026-03-29 17:41:48,629 [ERROR] LogOutputStream:75 - [STDERR_REDIRECT] 
2026-03-29 17:41:49,629 [ERROR] LogOutputStream:75 - [STDERR_REDIRECT] [Fatal Error] :1:1: Premature end of file.
2026-03-29 17:41:49,629 [ERROR] LogOutputStream:75 - [STDERR_REDIRECT] 
2026-03-29 17:41:50,641 [ERROR] LogOutputStream:75 - [STDERR_REDIRECT] [Fatal Error] :1:1: Premature end of file.
2026-03-29 17:41:50,641 [ERROR] LogOutputStream:75 - [STDERR_REDIRECT] 
2026-03-29 17:41:51,630 [ERROR] LogOutputStream:75 - [STDERR_REDIRECT] [Fatal Error] :1:1: Premature end of file.
2026-03-29 17:41:51,630 [ERROR] LogOutputStream:75 - [STDERR_REDIRECT] 
2026-03-29 17:41:52,630 [ERROR] LogOutputStream:75 - [STDERR_REDIRECT] [Fatal Error] :1:1: Premature end of file.
2026-03-29 17:41:52,630 [ERROR] LogOutputStream:75 - [STDERR_REDIRECT] 
2026-03-29 17:41:53,636 [ERROR] LogOutputStream:75 - [STDERR_REDIRECT] [Fatal Error] :1:1: Premature end of file.
2026-03-29 17:41:53,636 [ERROR] LogOutputStream:75 - [STDERR_REDIRECT] 
2026-03-29 17:41:54,627 [ERROR] LogOutputStream:75 - [STDERR_REDIRECT] [Fatal Error] :1:1: Premature end of file.
2026-03-29 17:41:54,628 [ERROR] LogOutputStream:75 - [STDERR_REDIRECT] 
2026-03-29 17:41:55,629 [ERROR] LogOutputStream:75 - [STDERR_REDIRECT] [Fatal Error] :1:1: Premature end of file.
2026-03-29 17:41:55,629 [ERROR] LogOutputStream:75 - [STDERR_REDIRECT] 
2026-03-29 17:41:56,644 [ERROR] LogOutputStream:75 - [STDERR_REDIRECT] [Fatal Error] :1:1: Premature end of file.
2026-03-29 17:41:56,644 [ERROR] LogOutputStream:75 - [STDERR_REDIRECT] 
2026-03-29 17:41:57,642 [ERROR] LogOutputStream:75 - [STDERR_REDIRECT] [Fatal Error] :1:1: Premature end of file.
2026-03-29 17:41:57,642 [ERROR] LogOutputStream:75 - [STDERR_REDIRECT] 
2026-03-29 17:41:58,647 [ERROR] LogOutputStream:75 - [STDERR_REDIRECT] [Fatal Error] :1:1: Premature end of file.
2026-03-29 17:41:58,648 [ERROR] LogOutputStream:75 - [STDERR_REDIRECT] 
2026-03-29 17:41:59,633 [ERROR] LogOutputStream:75 - [STDERR_REDIRECT] [Fatal Error] :1:1: Premature end of file.
2026-03-29 17:41:59,633 [ERROR] LogOutputStream:75 - [STDERR_REDIRECT] 
2026-03-29 17:42:00,656 [ERROR] LogOutputStream:75 - [STDERR_REDIRECT] [Fatal Error] :1:1: Premature end of file.
2026-03-29 17:42:00,656 [ERROR] LogOutputStream:75 - [STDERR_REDIRECT] 
2026-03-29 17:42:01,635 [ERROR] LogOutputStream:75 - [STDERR_REDIRECT] [Fatal Error] :1:1: Premature end of file.
2026-03-29 17:42:01,635 [ERROR] LogOutputStream:75 - [STDERR_REDIRECT] 
2026-03-29 17:42:02,652 [ERROR] LogOutputStream:75 - [STDERR_REDIRECT] [Fatal Error] :1:1: Premature end of file.
2026-03-29 17:42:02,652 [ERROR] LogOutputStream:75 - [STDERR_REDIRECT] 
2026-03-29 17:42:03,629 [ERROR] LogOutputStream:75 - [STDERR_REDIRECT] [Fatal Error] :1:1: Premature end of file.
2026-03-29 17:42:03,629 [ERROR] LogOutputStream:75 - [STDERR_REDIRECT] 
2026-03-29 17:42:04,628 [ERROR] LogOutputStream:75 - [STDERR_REDIRECT] [Fatal Error] :1:1: Premature end of file.
2026-03-29 17:42:04,628 [ERROR] LogOutputStream:75 - [STDERR_REDIRECT] 
2026-03-29 17:42:05,628 [ERROR] LogOutputStream:75 - [STDERR_REDIRECT] [Fatal Error] :1:1: Premature end of file.
2026-03-29 17:42:05,629 [ERROR] LogOutputStream:75 - [STDERR_REDIRECT] 
2026-03-29 17:42:06,630 [ERROR] LogOutputStream:75 - [STDERR_REDIRECT] [Fatal Error] :1:1: Premature end of file.
2026-03-29 17:42:06,630 [ERROR] LogOutputStream:75 - [STDERR_REDIRECT] 
2026-03-29 17:42:07,643 [ERROR] LogOutputStream:75 - [STDERR_REDIRECT] [Fatal Error] :1:1: Premature end of file.
2026-03-29 17:42:07,643 [ERROR] LogOutputStream:75 - [STDERR_REDIRECT] 
2026-03-29 17:42:08,627 [ERROR] LogOutputStream:75 - [STDERR_REDIRECT] [Fatal Error] :1:1: Premature end of file.
2026-03-29 17:42:08,627 [ERROR] LogOutputStream:75 - [STDERR_REDIRECT] 
2026-03-29 17:42:09,639 [ERROR] LogOutputStream:75 - [STDERR_REDIRECT] [Fatal Error] :1:1: Premature end of file.
2026-03-29 17:42:09,639 [ERROR] LogOutputStream:75 - [STDERR_REDIRECT] 
2026-03-29 17:42:10,639 [ERROR] LogOutputStream:75 - [STDERR_REDIRECT] [Fatal Error] :1:1: Premature end of file.
2026-03-29 17:42:10,639 [ERROR] LogOutputStream:75 - [STDERR_REDIRECT] 
2026-03-29 17:42:11,628 [ERROR] LogOutputStream:75 - [STDERR_REDIRECT] [Fatal Error] :1:1: Premature end of file.
2026-03-29 17:42:11,628 [ERROR] LogOutputStream:75 - [STDERR_REDIRECT] 
2026-03-29 17:42:12,636 [ERROR] LogOutputStream:75 - [STDERR_REDIRECT] [Fatal Error] :1:1: Premature end of file.
2026-03-29 17:42:12,636 [ERROR] LogOutputStream:75 - [STDERR_REDIRECT] 
2026-03-29 17:42:13,639 [ERROR] LogOutputStream:75 - [STDERR_REDIRECT] [Fatal Error] :1:1: Premature end of file.
2026-03-29 17:42:13,641 [ERROR] LogOutputStream:75 - [STDERR_REDIRECT] 
2026-03-29 17:42:14,629 [ERROR] LogOutputStream:75 - [STDERR_REDIRECT] [Fatal Error] :1:1: Premature end of file.
2026-03-29 17:42:14,629 [ERROR] LogOutputStream:75 - [STDERR_REDIRECT] 
2026-03-29 17:42:15,630 [ERROR] LogOutputStream:75 - [STDERR_REDIRECT] [Fatal Error] :1:1: Premature end of file.
2026-03-29 17:42:15,630 [ERROR] LogOutputStream:75 - [STDERR_REDIRECT] 
2026-03-29 17:42:16,630 [ERROR] LogOutputStream:75 - [STDERR_REDIRECT] [Fatal Error] :1:1: Premature end of file.
2026-03-29 17:42:16,630 [ERROR] LogOutputStream:75 - [STDERR_REDIRECT] 
2026-03-29 17:42:17,630 [ERROR] LogOutputStream:75 - [STDERR_REDIRECT] [Fatal Error] :1:1: Premature end of file.
2026-03-29 17:42:17,630 [ERROR] LogOutputStream:75 - [STDERR_REDIRECT] 
2026-03-29 17:42:18,631 [ERROR] LogOutputStream:75 - [STDERR_REDIRECT] [Fatal Error] :1:1: Premature end of file.
2026-03-29 17:42:18,631 [ERROR] LogOutputStream:75 - [STDERR_REDIRECT] 
2026-03-29 17:42:19,628 [ERROR] LogOutputStream:75 - [STDERR_REDIRECT] [Fatal Error] :1:1: Premature end of file.
2026-03-29 17:42:19,628 [ERROR] LogOutputStream:75 - [STDERR_REDIRECT] 
2026-03-29 17:42:20,628 [ERROR] LogOutputStream:75 - [STDERR_REDIRECT] [Fatal Error] :1:1: Premature end of file.
2026-03-29 17:42:20,628 [ERROR] LogOutputStream:75 - [STDERR_REDIRECT] 
2026-03-29 17:42:21,630 [ERROR] LogOutputStream:75 - [STDERR_REDIRECT] [Fatal Error] :1:1: Premature end of file.
2026-03-29 17:42:21,630 [ERROR] LogOutputStream:75 - [STDERR_REDIRECT] 
2026-03-29 17:42:22,631 [ERROR] LogOutputStream:75 - [STDERR_REDIRECT] [Fatal Error] :1:1: Premature end of file.
2026-03-29 17:42:22,631 [ERROR] LogOutputStream:75 - [STDERR_REDIRECT] 
2026-03-29 17:42:23,626 [ERROR] LogOutputStream:75 - [STDERR_REDIRECT] [Fatal Error] :1:1: Premature end of file.
2026-03-29 17:42:23,626 [ERROR] LogOutputStream:75 - [STDERR_REDIRECT] 
2026-03-29 17:42:24,634 [ERROR] LogOutputStream:75 - [STDERR_REDIRECT] [Fatal Error] :1:1: Premature end of file.
2026-03-29 17:42:24,634 [ERROR] LogOutputStream:75 - [STDERR_REDIRECT] 
2026-03-29 17:42:25,629 [ERROR] LogOutputStream:75 - [STDERR_REDIRECT] [Fatal Error] :1:1: Premature end of file.
2026-03-29 17:42:25,629 [ERROR] LogOutputStream:75 - [STDERR_REDIRECT] 
2026-03-29 17:42:26,629 [ERROR] LogOutputStream:75 - [STDERR_REDIRECT] [Fatal Error] :1:1: Premature end of file.
2026-03-29 17:42:26,629 [ERROR] LogOutputStream:75 - [STDERR_REDIRECT] 
2026-03-29 17:42:27,637 [ERROR] LogOutputStream:75 - [STDERR_REDIRECT] [Fatal Error] :1:1: Premature end of file.
2026-03-29 17:42:27,637 [ERROR] LogOutputStream:75 - [STDERR_REDIRECT] 
2026-03-29 17:42:28,629 [ERROR] LogOutputStream:75 - [STDERR_REDIRECT] [Fatal Error] :1:1: Premature end of file.
2026-03-29 17:42:28,629 [ERROR] LogOutputStream:75 - [STDERR_REDIRECT] 
2026-03-29 17:42:29,636 [ERROR] LogOutputStream:75 - [STDERR_REDIRECT] [Fatal Error] :1:1: Premature end of file.
2026-03-29 17:42:29,636 [ERROR] LogOutputStream:75 - [STDERR_REDIRECT] 
2026-03-29 17:42:30,629 [ERROR] LogOutputStream:75 - [STDERR_REDIRECT] [Fatal Error] :1:1: Premature end of file.
2026-03-29 17:42:30,629 [ERROR] LogOutputStream:75 - [STDERR_REDIRECT] 
2026-03-29 17:42:31,634 [ERROR] LogOutputStream:75 - [STDERR_REDIRECT] [Fatal Error] :1:1: Premature end of file.
2026-03-29 17:42:31,634 [ERROR] LogOutputStream:75 - [STDERR_REDIRECT] 
2026-03-29 17:42:32,629 [ERROR] LogOutputStream:75 - [STDERR_REDIRECT] [Fatal Error] :1:1: Premature end of file.
2026-03-29 17:42:32,629 [ERROR] LogOutputStream:75 - [STDERR_REDIRECT] 
2026-03-29 17:42:33,634 [ERROR] LogOutputStream:75 - [STDERR_REDIRECT] [Fatal Error] :1:1: Premature end of file.
2026-03-29 17:42:33,634 [ERROR] LogOutputStream:75 - [STDERR_REDIRECT] 
2026-03-29 17:42:34,644 [ERROR] LogOutputStream:75 - [STDERR_REDIRECT] [Fatal Error] :1:1: Premature end of file.
2026-03-29 17:42:34,644 [ERROR] LogOutputStream:75 - [STDERR_REDIRECT] 
2026-03-29 17:42:35,629 [ERROR] LogOutputStream:75 - [STDERR_REDIRECT] [Fatal Error] :1:1: Premature end of file.
2026-03-29 17:42:35,629 [ERROR] LogOutputStream:75 - [STDERR_REDIRECT] 
2026-03-29 17:42:36,629 [ERROR] LogOutputStream:75 - [STDERR_REDIRECT] [Fatal Error] :1:1: Premature end of file.
2026-03-29 17:42:36,629 [ERROR] LogOutputStream:75 - [STDERR_REDIRECT] 
2026-03-29 17:42:37,643 [ERROR] LogOutputStream:75 - [STDERR_REDIRECT] [Fatal Error] :1:1: Premature end of file.
2026-03-29 17:42:37,643 [ERROR] LogOutputStream:75 - [STDERR_REDIRECT] 
2026-03-29 17:42:38,629 [ERROR] LogOutputStream:75 - [STDERR_REDIRECT] [Fatal Error] :1:1: Premature end of file.
2026-03-29 17:42:38,629 [ERROR] LogOutputStream:75 - [STDERR_REDIRECT] 
2026-03-29 17:42:39,629 [ERROR] LogOutputStream:75 - [STDERR_REDIRECT] [Fatal Error] :1:1: Premature end of file.
2026-03-29 17:42:39,629 [ERROR] LogOutputStream:75 - [STDERR_REDIRECT] 
2026-03-29 17:42:40,629 [ERROR] LogOutputStream:75 - [STDERR_REDIRECT] [Fatal Error] :1:1: Premature end of file.
2026-03-29 17:42:40,629 [ERROR] LogOutputStream:75 - [STDERR_REDIRECT] 
2026-03-29 17:42:41,631 [ERROR] LogOutputStream:75 - [STDERR_REDIRECT] [Fatal Error] :1:1: Premature end of file.
2026-03-29 17:42:41,631 [ERROR] LogOutputStream:75 - [STDERR_REDIRECT] 
2026-03-29 17:42:42,631 [ERROR] LogOutputStream:75 - [STDERR_REDIRECT] [Fatal Error] :1:1: Premature end of file.
2026-03-29 17:42:42,631 [ERROR] LogOutputStream:75 - [STDERR_REDIRECT] 
2026-03-29 17:42:43,629 [ERROR] LogOutputStream:75 - [STDERR_REDIRECT] [Fatal Error] :1:1: Premature end of file.
2026-03-29 17:42:43,629 [ERROR] LogOutputStream:75 - [STDERR_REDIRECT] 
2026-03-29 17:42:44,634 [ERROR] LogOutputStream:75 - [STDERR_REDIRECT] [Fatal Error] :1:1: Premature end of file.
2026-03-29 17:42:44,634 [ERROR] LogOutputStream:75 - [STDERR_REDIRECT] 
2026-03-29 17:42:45,630 [ERROR] LogOutputStream:75 - [STDERR_REDIRECT] [Fatal Error] :1:1: Premature end of file.
2026-03-29 17:42:45,630 [ERROR] LogOutputStream:75 - [STDERR_REDIRECT] 
2026-03-29 17:42:46,630 [ERROR] LogOutputStream:75 - [STDERR_REDIRECT] [Fatal Error] :1:1: Premature end of file.
2026-03-29 17:42:46,630 [ERROR] LogOutputStream:75 - [STDERR_REDIRECT] 
2026-03-29 17:42:47,630 [ERROR] LogOutputStream:75 - [STDERR_REDIRECT] [Fatal Error] :1:1: Premature end of file.
2026-03-29 17:42:47,630 [ERROR] LogOutputStream:75 - [STDERR_REDIRECT] 
2026-03-29 17:42:48,629 [ERROR] LogOutputStream:75 - [STDERR_REDIRECT] [Fatal Error] :1:1: Premature end of file.
2026-03-29 17:42:48,629 [ERROR] LogOutputStream:75 - [STDERR_REDIRECT] 
2026-03-29 17:42:49,630 [ERROR] LogOutputStream:75 - [STDERR_REDIRECT] [Fatal Error] :1:1: Premature end of file.
2026-03-29 17:42:49,630 [ERROR] LogOutputStream:75 - [STDERR_REDIRECT] 
2026-03-29 17:42:50,630 [ERROR] LogOutputStream:75 - [STDERR_REDIRECT] [Fatal Error] :1:1: Premature end of file.
2026-03-29 17:42:50,630 [ERROR] LogOutputStream:75 - [STDERR_REDIRECT] 
2026-03-29 17:42:51,629 [ERROR] LogOutputStream:75 - [STDERR_REDIRECT] [Fatal Error] :1:1: Premature end of file.
2026-03-29 17:42:51,629 [ERROR] LogOutputStream:75 - [STDERR_REDIRECT] 
2026-03-29 17:42:52,631 [ERROR] LogOutputStream:75 - [STDERR_REDIRECT] [Fatal Error] :1:1: Premature end of file.
2026-03-29 17:42:52,631 [ERROR] LogOutputStream:75 - [STDERR_REDIRECT] 
2026-03-29 17:42:53,639 [ERROR] LogOutputStream:75 - [STDERR_REDIRECT] [Fatal Error] :1:1: Premature end of file.
2026-03-29 17:42:53,640 [ERROR] LogOutputStream:75 - [STDERR_REDIRECT] 
2026-03-29 17:42:54,629 [ERROR] LogOutputStream:75 - [STDERR_REDIRECT] [Fatal Error] :1:1: Premature end of file.
2026-03-29 17:42:54,629 [ERROR] LogOutputStream:75 - [STDERR_REDIRECT] 
2026-03-29 17:42:55,641 [ERROR] LogOutputStream:75 - [STDERR_REDIRECT] [Fatal Error] :1:1: Premature end of file.
2026-03-29 17:42:55,642 [ERROR] LogOutputStream:75 - [STDERR_REDIRECT] 
2026-03-29 17:42:56,629 [ERROR] LogOutputStream:75 - [STDERR_REDIRECT] [Fatal Error] :1:1: Premature end of file.
2026-03-29 17:42:56,629 [ERROR] LogOutputStream:75 - [STDERR_REDIRECT] 
2026-03-29 17:42:57,629 [ERROR] LogOutputStream:75 - [STDERR_REDIRECT] [Fatal Error] :1:1: Premature end of file.
2026-03-29 17:42:57,629 [ERROR] LogOutputStream:75 - [STDERR_REDIRECT] 
2026-03-29 17:42:58,629 [ERROR] LogOutputStream:75 - [STDERR_REDIRECT] [Fatal Error] :1:1: Premature end of file.
2026-03-29 17:42:58,629 [ERROR] LogOutputStream:75 - [STDERR_REDIRECT] 
2026-03-29 17:42:59,629 [ERROR] LogOutputStream:75 - [STDERR_REDIRECT] [Fatal Error] :1:1: Premature end of file.
2026-03-29 17:42:59,629 [ERROR] LogOutputStream:75 - [STDERR_REDIRECT] 
2026-03-29 17:43:00,642 [ERROR] LogOutputStream:75 - [STDERR_REDIRECT] [Fatal Error] :1:1: Premature end of file.
2026-03-29 17:43:00,642 [ERROR] LogOutputStream:75 - [STDERR_REDIRECT] 
2026-03-29 17:43:01,629 [ERROR] LogOutputStream:75 - [STDERR_REDIRECT] [Fatal Error] :1:1: Premature end of file.
2026-03-29 17:43:01,629 [ERROR] LogOutputStream:75 - [STDERR_REDIRECT] 
2026-03-29 17:43:02,629 [ERROR] LogOutputStream:75 - [STDERR_REDIRECT] [Fatal Error] :1:1: Premature end of file.
2026-03-29 17:43:02,629 [ERROR] LogOutputStream:75 - [STDERR_REDIRECT] 
2026-03-29 17:43:03,629 [ERROR] LogOutputStream:75 - [STDERR_REDIRECT] [Fatal Error] :1:1: Premature end of file.
2026-03-29 17:43:03,629 [ERROR] LogOutputStream:75 - [STDERR_REDIRECT] 
2026-03-29 17:43:04,629 [ERROR] LogOutputStream:75 - [STDERR_REDIRECT] [Fatal Error] :1:1: Premature end of file.
2026-03-29 17:43:04,629 [ERROR] LogOutputStream:75 - [STDERR_REDIRECT] 
2026-03-29 17:43:05,637 [ERROR] LogOutputStream:75 - [STDERR_REDIRECT] [Fatal Error] :1:1: Premature end of file.
2026-03-29 17:43:05,637 [ERROR] LogOutputStream:75 - [STDERR_REDIRECT] 
2026-03-29 17:43:06,651 [ERROR] LogOutputStream:75 - [STDERR_REDIRECT] [Fatal Error] :1:1: Premature end of file.
2026-03-29 17:43:06,651 [ERROR] LogOutputStream:75 - [STDERR_REDIRECT] 
2026-03-29 17:43:07,633 [ERROR] LogOutputStream:75 - [STDERR_REDIRECT] [Fatal Error] :1:1: Premature end of file.
2026-03-29 17:43:07,633 [ERROR] LogOutputStream:75 - [STDERR_REDIRECT] 
2026-03-29 17:43:08,630 [ERROR] LogOutputStream:75 - [STDERR_REDIRECT] [Fatal Error] :1:1: Premature end of file.
2026-03-29 17:43:08,630 [ERROR] LogOutputStream:75 - [STDERR_REDIRECT] 
2026-03-29 17:43:09,631 [ERROR] LogOutputStream:75 - [STDERR_REDIRECT] [Fatal Error] :1:1: Premature end of file.
2026-03-29 17:43:09,631 [ERROR] LogOutputStream:75 - [STDERR_REDIRECT] 
2026-03-29 17:43:10,629 [ERROR] LogOutputStream:75 - [STDERR_REDIRECT] [Fatal Error] :1:1: Premature end of file.
2026-03-29 17:43:10,629 [ERROR] LogOutputStream:75 - [STDERR_REDIRECT] 
2026-03-29 17:43:11,631 [ERROR] LogOutputStream:75 - [STDERR_REDIRECT] [Fatal Error] :1:1: Premature end of file.
2026-03-29 17:43:11,632 [ERROR] LogOutputStream:75 - [STDERR_REDIRECT] 
2026-03-29 17:43:12,629 [ERROR] LogOutputStream:75 - [STDERR_REDIRECT] [Fatal Error] :1:1: Premature end of file.
2026-03-29 17:43:12,629 [ERROR] LogOutputStream:75 - [STDERR_REDIRECT] 
2026-03-29 17:43:13,631 [ERROR] LogOutputStream:75 - [STDERR_REDIRECT] [Fatal Error] :1:1: Premature end of file.
2026-03-29 17:43:13,631 [ERROR] LogOutputStream:75 - [STDERR_REDIRECT] 
2026-03-29 17:43:14,636 [ERROR] LogOutputStream:75 - [STDERR_REDIRECT] [Fatal Error] :1:1: Premature end of file.
2026-03-29 17:43:14,636 [ERROR] LogOutputStream:75 - [STDERR_REDIRECT] 
2026-03-29 17:43:15,629 [ERROR] LogOutputStream:75 - [STDERR_REDIRECT] [Fatal Error] :1:1: Premature end of file.
2026-03-29 17:43:15,629 [ERROR] LogOutputStream:75 - [STDERR_REDIRECT] 
2026-03-29 17:43:16,627 [ERROR] LogOutputStream:75 - [STDERR_REDIRECT] [Fatal Error] :1:1: Premature end of file.
2026-03-29 17:43:16,627 [ERROR] LogOutputStream:75 - [STDERR_REDIRECT] 
2026-03-29 17:43:17,636 [ERROR] LogOutputStream:75 - [STDERR_REDIRECT] [Fatal Error] :1:1: Premature end of file.
2026-03-29 17:43:17,636 [ERROR] LogOutputStream:75 - [STDERR_REDIRECT] 
2026-03-29 17:43:18,633 [ERROR] LogOutputStream:75 - [STDERR_REDIRECT] [Fatal Error] :1:1: Premature end of file.
2026-03-29 17:43:18,633 [ERROR] LogOutputStream:75 - [STDERR_REDIRECT] 
2026-03-29 17:43:19,627 [ERROR] LogOutputStream:75 - [STDERR_REDIRECT] [Fatal Error] :1:1: Premature end of file.
2026-03-29 17:43:19,627 [ERROR] LogOutputStream:75 - [STDERR_REDIRECT] 
2026-03-29 17:43:20,634 [ERROR] LogOutputStream:75 - [STDERR_REDIRECT] [Fatal Error] :1:1: Premature end of file.
2026-03-29 17:43:20,634 [ERROR] LogOutputStream:75 - [STDERR_REDIRECT] 
2026-03-29 17:43:21,627 [ERROR] LogOutputStream:75 - [STDERR_REDIRECT] [Fatal Error] :1:1: Premature end of file.
2026-03-29 17:43:21,628 [ERROR] LogOutputStream:75 - [STDERR_REDIRECT] 
2026-03-29 17:43:22,628 [ERROR] LogOutputStream:75 - [STDERR_REDIRECT] [Fatal Error] :1:1: Premature end of file.
2026-03-29 17:43:22,628 [ERROR] LogOutputStream:75 - [STDERR_REDIRECT] 
2026-03-29 17:43:23,628 [ERROR] LogOutputStream:75 - [STDERR_REDIRECT] [Fatal Error] :1:1: Premature end of file.
2026-03-29 17:43:23,629 [ERROR] LogOutputStream:75 - [STDERR_REDIRECT] 
2026-03-29 17:43:24,644 [ERROR] LogOutputStream:75 - [STDERR_REDIRECT] [Fatal Error] :1:1: Premature end of file.
2026-03-29 17:43:24,644 [ERROR] LogOutputStream:75 - [STDERR_REDIRECT] 
2026-03-29 17:43:25,630 [ERROR] LogOutputStream:75 - [STDERR_REDIRECT] [Fatal Error] :1:1: Premature end of file.
2026-03-29 17:43:25,630 [ERROR] LogOutputStream:75 - [STDERR_REDIRECT] 
2026-03-29 17:43:26,627 [ERROR] LogOutputStream:75 - [STDERR_REDIRECT] [Fatal Error] :1:1: Premature end of file.
2026-03-29 17:43:26,627 [ERROR] LogOutputStream:75 - [STDERR_REDIRECT] 
2026-03-29 17:43:27,643 [ERROR] LogOutputStream:75 - [STDERR_REDIRECT] [Fatal Error] :1:1: Premature end of file.
2026-03-29 17:43:27,643 [ERROR] LogOutputStream:75 - [STDERR_REDIRECT] 
2026-03-29 17:43:28,637 [ERROR] LogOutputStream:75 - [STDERR_REDIRECT] [Fatal Error] :1:1: Premature end of file.
2026-03-29 17:43:28,637 [ERROR] LogOutputStream:75 - [STDERR_REDIRECT] 
2026-03-29 17:43:29,631 [ERROR] LogOutputStream:75 - [STDERR_REDIRECT] [Fatal Error] :1:1: Premature end of file.
2026-03-29 17:43:29,631 [ERROR] LogOutputStream:75 - [STDERR_REDIRECT] 
2026-03-29 17:43:30,633 [ERROR] LogOutputStream:75 - [STDERR_REDIRECT] [Fatal Error] :1:1: Premature end of file.
2026-03-29 17:43:30,633 [ERROR] LogOutputStream:75 - [STDERR_REDIRECT] 
2026-03-29 17:43:31,636 [ERROR] LogOutputStream:75 - [STDERR_REDIRECT] [Fatal Error] :1:1: Premature end of file.
2026-03-29 17:43:31,636 [ERROR] LogOutputStream:75 - [STDERR_REDIRECT] 
2026-03-29 17:43:32,634 [ERROR] LogOutputStream:75 - [STDERR_REDIRECT] [Fatal Error] :1:1: Premature end of file.
2026-03-29 17:43:32,634 [ERROR] LogOutputStream:75 - [STDERR_REDIRECT] 
2026-03-29 17:43:33,653 [ERROR] LogOutputStream:75 - [STDERR_REDIRECT] [Fatal Error] :1:1: Premature end of file.
2026-03-29 17:43:33,653 [ERROR] LogOutputStream:75 - [STDERR_REDIRECT] 
2026-03-29 17:43:34,633 [ERROR] LogOutputStream:75 - [STDERR_REDIRECT] [Fatal Error] :1:1: Premature end of file.
2026-03-29 17:43:34,634 [ERROR] LogOutputStream:75 - [STDERR_REDIRECT] 
2026-03-29 17:43:35,632 [ERROR] LogOutputStream:75 - [STDERR_REDIRECT] [Fatal Error] :1:1: Premature end of file.
2026-03-29 17:43:35,632 [ERROR] LogOutputStream:75 - [STDERR_REDIRECT] 
2026-03-29 17:43:36,629 [ERROR] LogOutputStream:75 - [STDERR_REDIRECT] [Fatal Error] :1:1: Premature end of file.
2026-03-29 17:43:36,629 [ERROR] LogOutputStream:75 - [STDERR_REDIRECT] 
2026-03-29 17:43:37,652 [ERROR] LogOutputStream:75 - [STDERR_REDIRECT] [Fatal Error] :1:1: Premature end of file.
2026-03-29 17:43:37,652 [ERROR] LogOutputStream:75 - [STDERR_REDIRECT] 
2026-03-29 17:43:38,627 [ERROR] LogOutputStream:75 - [STDERR_REDIRECT] [Fatal Error] :1:1: Premature end of file.
2026-03-29 17:43:38,627 [ERROR] LogOutputStream:75 - [STDERR_REDIRECT] 
2026-03-29 17:43:39,627 [ERROR] LogOutputStream:75 - [STDERR_REDIRECT] [Fatal Error] :1:1: Premature end of file.
2026-03-29 17:43:39,627 [ERROR] LogOutputStream:75 - [STDERR_REDIRECT] 
2026-03-29 17:43:40,626 [ERROR] LogOutputStream:75 - [STDERR_REDIRECT] [Fatal Error] :1:1: Premature end of file.
2026-03-29 17:43:40,628 [ERROR] LogOutputStream:75 - [STDERR_REDIRECT] 
2026-03-29 17:43:41,627 [ERROR] LogOutputStream:75 - [STDERR_REDIRECT] [Fatal Error] :1:1: Premature end of file.
2026-03-29 17:43:41,627 [ERROR] LogOutputStream:75 - [STDERR_REDIRECT] 
2026-03-29 17:43:42,630 [ERROR] LogOutputStream:75 - [STDERR_REDIRECT] [Fatal Error] :1:1: Premature end of file.
2026-03-29 17:43:42,630 [ERROR] LogOutputStream:75 - [STDERR_REDIRECT] 
2026-03-29 17:43:43,629 [ERROR] LogOutputStream:75 - [STDERR_REDIRECT] [Fatal Error] :1:1: Premature end of file.
2026-03-29 17:43:43,630 [ERROR] LogOutputStream:75 - [STDERR_REDIRECT] 
2026-03-29 17:43:44,627 [ERROR] LogOutputStream:75 - [STDERR_REDIRECT] [Fatal Error] :1:1: Premature end of file.
2026-03-29 17:43:44,628 [ERROR] LogOutputStream:75 - [STDERR_REDIRECT] 
2026-03-29 17:43:45,628 [ERROR] LogOutputStream:75 - [STDERR_REDIRECT] [Fatal Error] :1:1: Premature end of file.
2026-03-29 17:43:45,628 [ERROR] LogOutputStream:75 - [STDERR_REDIRECT] 
2026-03-29 17:43:46,627 [ERROR] LogOutputStream:75 - [STDERR_REDIRECT] [Fatal Error] :1:1: Premature end of file.
2026-03-29 17:43:46,627 [ERROR] LogOutputStream:75 - [STDERR_REDIRECT] 
2026-03-29 17:43:47,630 [ERROR] LogOutputStream:75 - [STDERR_REDIRECT] [Fatal Error] :1:1: Premature end of file.
2026-03-29 17:43:47,630 [ERROR] LogOutputStream:75 - [STDERR_REDIRECT] 
2026-03-29 17:43:48,627 [ERROR] LogOutputStream:75 - [STDERR_REDIRECT] [Fatal Error] :1:1: Premature end of file.
2026-03-29 17:43:48,627 [ERROR] LogOutputStream:75 - [STDERR_REDIRECT] 
2026-03-29 17:43:49,629 [ERROR] LogOutputStream:75 - [STDERR_REDIRECT] [Fatal Error] :1:1: Premature end of file.
2026-03-29 17:43:49,629 [ERROR] LogOutputStream:75 - [STDERR_REDIRECT] 
2026-03-29 17:43:50,638 [ERROR] LogOutputStream:75 - [STDERR_REDIRECT] [Fatal Error] :1:1: Premature end of file.
2026-03-29 17:43:50,638 [ERROR] LogOutputStream:75 - [STDERR_REDIRECT] 
2026-03-29 17:43:51,627 [ERROR] LogOutputStream:75 - [STDERR_REDIRECT] [Fatal Error] :1:1: Premature end of file.
2026-03-29 17:43:51,628 [ERROR] LogOutputStream:75 - [STDERR_REDIRECT] 
2026-03-29 17:43:52,628 [ERROR] LogOutputStream:75 - [STDERR_REDIRECT] [Fatal Error] :1:1: Premature end of file.
2026-03-29 17:43:52,628 [ERROR] LogOutputStream:75 - [STDERR_REDIRECT] 
2026-03-29 17:43:53,627 [ERROR] LogOutputStream:75 - [STDERR_REDIRECT] [Fatal Error] :1:1: Premature end of file.
2026-03-29 17:43:53,627 [ERROR] LogOutputStream:75 - [STDERR_REDIRECT] 
2026-03-29 17:43:54,636 [ERROR] LogOutputStream:75 - [STDERR_REDIRECT] [Fatal Error] :1:1: Premature end of file.
2026-03-29 17:43:54,636 [ERROR] LogOutputStream:75 - [STDERR_REDIRECT] 
2026-03-29 17:43:55,629 [ERROR] LogOutputStream:75 - [STDERR_REDIRECT] [Fatal Error] :1:1: Premature end of file.
2026-03-29 17:43:55,629 [ERROR] LogOutputStream:75 - [STDERR_REDIRECT] 
2026-03-29 17:43:56,629 [ERROR] LogOutputStream:75 - [STDERR_REDIRECT] [Fatal Error] :1:1: Premature end of file.
2026-03-29 17:43:56,629 [ERROR] LogOutputStream:75 - [STDERR_REDIRECT] 
2026-03-29 17:43:57,629 [ERROR] LogOutputStream:75 - [STDERR_REDIRECT] [Fatal Error] :1:1: Premature end of file.
2026-03-29 17:43:57,629 [ERROR] LogOutputStream:75 - [STDERR_REDIRECT] 
2026-03-29 17:43:58,646 [ERROR] LogOutputStream:75 - [STDERR_REDIRECT] [Fatal Error] :1:1: Premature end of file.
2026-03-29 17:43:58,646 [ERROR] LogOutputStream:75 - [STDERR_REDIRECT] 
2026-03-29 17:43:59,627 [ERROR] LogOutputStream:75 - [STDERR_REDIRECT] [Fatal Error] :1:1: Premature end of file.
2026-03-29 17:43:59,627 [ERROR] LogOutputStream:75 - [STDERR_REDIRECT] 
2026-03-29 17:44:00,629 [ERROR] LogOutputStream:75 - [STDERR_REDIRECT] [Fatal Error] :1:1: Premature end of file.
2026-03-29 17:44:00,629 [ERROR] LogOutputStream:75 - [STDERR_REDIRECT] 
2026-03-29 17:44:01,629 [ERROR] LogOutputStream:75 - [STDERR_REDIRECT] [Fatal Error] :1:1: Premature end of file.
2026-03-29 17:44:01,629 [ERROR] LogOutputStream:75 - [STDERR_REDIRECT] 
2026-03-29 17:44:02,635 [ERROR] LogOutputStream:75 - [STDERR_REDIRECT] [Fatal Error] :1:1: Premature end of file.
2026-03-29 17:44:02,635 [ERROR] LogOutputStream:75 - [STDERR_REDIRECT] 
2026-03-29 17:44:03,629 [ERROR] LogOutputStream:75 - [STDERR_REDIRECT] [Fatal Error] :1:1: Premature end of file.
2026-03-29 17:44:03,629 [ERROR] LogOutputStream:75 - [STDERR_REDIRECT] 
2026-03-29 17:44:04,629 [ERROR] LogOutputStream:75 - [STDERR_REDIRECT] [Fatal Error] :1:1: Premature end of file.
2026-03-29 17:44:04,629 [ERROR] LogOutputStream:75 - [STDERR_REDIRECT] 
2026-03-29 17:44:05,632 [ERROR] LogOutputStream:75 - [STDERR_REDIRECT] [Fatal Error] :1:1: Premature end of file.
2026-03-29 17:44:05,632 [ERROR] LogOutputStream:75 - [STDERR_REDIRECT] 
2026-03-29 17:44:06,630 [ERROR] LogOutputStream:75 - [STDERR_REDIRECT] [Fatal Error] :1:1: Premature end of file.
2026-03-29 17:44:06,630 [ERROR] LogOutputStream:75 - [STDERR_REDIRECT] 
2026-03-29 17:44:07,628 [ERROR] LogOutputStream:75 - [STDERR_REDIRECT] [Fatal Error] :1:1: Premature end of file.
2026-03-29 17:44:07,628 [ERROR] LogOutputStream:75 - [STDERR_REDIRECT] 
2026-03-29 17:44:08,631 [ERROR] LogOutputStream:75 - [STDERR_REDIRECT] [Fatal Error] :1:1: Premature end of file.
2026-03-29 17:44:08,631 [ERROR] LogOutputStream:75 - [STDERR_REDIRECT] 
2026-03-29 17:44:09,633 [ERROR] LogOutputStream:75 - [STDERR_REDIRECT] [Fatal Error] :1:1: Premature end of file.
2026-03-29 17:44:09,633 [ERROR] LogOutputStream:75 - [STDERR_REDIRECT] 
2026-03-29 17:44:10,633 [ERROR] LogOutputStream:75 - [STDERR_REDIRECT] [Fatal Error] :1:1: Premature end of file.
2026-03-29 17:44:10,633 [ERROR] LogOutputStream:75 - [STDERR_REDIRECT] 
2026-03-29 17:44:11,633 [ERROR] LogOutputStream:75 - [STDERR_REDIRECT] [Fatal Error] :1:1: Premature end of file.
2026-03-29 17:44:11,633 [ERROR] LogOutputStream:75 - [STDERR_REDIRECT] 
2026-03-29 17:44:12,635 [ERROR] LogOutputStream:75 - [STDERR_REDIRECT] [Fatal Error] :1:1: Premature end of file.
2026-03-29 17:44:12,635 [ERROR] LogOutputStream:75 - [STDERR_REDIRECT] 
2026-03-29 17:44:13,629 [ERROR] LogOutputStream:75 - [STDERR_REDIRECT] [Fatal Error] :1:1: Premature end of file.
2026-03-29 17:44:13,629 [ERROR] LogOutputStream:75 - [STDERR_REDIRECT] 
2026-03-29 17:44:14,632 [ERROR] LogOutputStream:75 - [STDERR_REDIRECT] [Fatal Error] :1:1: Premature end of file.
2026-03-29 17:44:14,632 [ERROR] LogOutputStream:75 - [STDERR_REDIRECT] 
2026-03-29 17:44:15,635 [ERROR] LogOutputStream:75 - [STDERR_REDIRECT] [Fatal Error] :1:1: Premature end of file.
2026-03-29 17:44:15,635 [ERROR] LogOutputStream:75 - [STDERR_REDIRECT] 
2026-03-29 17:44:16,629 [ERROR] LogOutputStream:75 - [STDERR_REDIRECT] [Fatal Error] :1:1: Premature end of file.
2026-03-29 17:44:16,629 [ERROR] LogOutputStream:75 - [STDERR_REDIRECT] 
2026-03-29 17:44:17,629 [ERROR] LogOutputStream:75 - [STDERR_REDIRECT] [Fatal Error] :1:1: Premature end of file.
2026-03-29 17:44:17,629 [ERROR] LogOutputStream:75 - [STDERR_REDIRECT] 
2026-03-29 17:44:18,637 [ERROR] LogOutputStream:75 - [STDERR_REDIRECT] [Fatal Error] :1:1: Premature end of file.
2026-03-29 17:44:18,637 [ERROR] LogOutputStream:75 - [STDERR_REDIRECT] 
2026-03-29 17:44:19,629 [ERROR] LogOutputStream:75 - [STDERR_REDIRECT] [Fatal Error] :1:1: Premature end of file.
2026-03-29 17:44:19,629 [ERROR] LogOutputStream:75 - [STDERR_REDIRECT] 
2026-03-29 17:44:20,630 [ERROR] LogOutputStream:75 - [STDERR_REDIRECT] [Fatal Error] :1:1: Premature end of file.
2026-03-29 17:44:20,630 [ERROR] LogOutputStream:75 - [STDERR_REDIRECT] 
2026-03-29 17:44:21,635 [ERROR] LogOutputStream:75 - [STDERR_REDIRECT] [Fatal Error] :1:1: Premature end of file.
2026-03-29 17:44:21,635 [ERROR] LogOutputStream:75 - [STDERR_REDIRECT] 
2026-03-29 17:44:22,633 [ERROR] LogOutputStream:75 - [STDERR_REDIRECT] [Fatal Error] :1:1: Premature end of file.
2026-03-29 17:44:22,633 [ERROR] LogOutputStream:75 - [STDERR_REDIRECT] 
2026-03-29 17:44:23,632 [ERROR] LogOutputStream:75 - [STDERR_REDIRECT] [Fatal Error] :1:1: Premature end of file.
2026-03-29 17:44:23,632 [ERROR] LogOutputStream:75 - [STDERR_REDIRECT] 
2026-03-29 17:44:24,633 [ERROR] LogOutputStream:75 - [STDERR_REDIRECT] [Fatal Error] :1:1: Premature end of file.
2026-03-29 17:44:24,633 [ERROR] LogOutputStream:75 - [STDERR_REDIRECT] 
2026-03-29 17:44:25,638 [ERROR] LogOutputStream:75 - [STDERR_REDIRECT] [Fatal Error] :1:1: Premature end of file.
2026-03-29 17:44:25,638 [ERROR] LogOutputStream:75 - [STDERR_REDIRECT] 
2026-03-29 17:44:26,644 [ERROR] LogOutputStream:75 - [STDERR_REDIRECT] [Fatal Error] :1:1: Premature end of file.
2026-03-29 17:44:26,644 [ERROR] LogOutputStream:75 - [STDERR_REDIRECT] 
2026-03-29 17:44:27,633 [ERROR] LogOutputStream:75 - [STDERR_REDIRECT] [Fatal Error] :1:1: Premature end of file.
2026-03-29 17:44:27,634 [ERROR] LogOutputStream:75 - [STDERR_REDIRECT] 
2026-03-29 17:44:28,629 [ERROR] LogOutputStream:75 - [STDERR_REDIRECT] [Fatal Error] :1:1: Premature end of file.
2026-03-29 17:44:28,629 [ERROR] LogOutputStream:75 - [STDERR_REDIRECT] 
2026-03-29 17:44:29,657 [ERROR] LogOutputStream:75 - [STDERR_REDIRECT] [Fatal Error] :1:1: Premature end of file.
2026-03-29 17:44:29,657 [ERROR] LogOutputStream:75 - [STDERR_REDIRECT] 
2026-03-29 17:44:30,628 [ERROR] LogOutputStream:75 - [STDERR_REDIRECT] [Fatal Error] :1:1: Premature end of file.
2026-03-29 17:44:30,629 [ERROR] LogOutputStream:75 - [STDERR_REDIRECT] 
2026-03-29 17:44:31,636 [ERROR] LogOutputStream:75 - [STDERR_REDIRECT] [Fatal Error] :1:1: Premature end of file.
2026-03-29 17:44:31,636 [ERROR] LogOutputStream:75 - [STDERR_REDIRECT] 
2026-03-29 17:44:32,643 [ERROR] LogOutputStream:75 - [STDERR_REDIRECT] [Fatal Error] :1:1: Premature end of file.
2026-03-29 17:44:32,643 [ERROR] LogOutputStream:75 - [STDERR_REDIRECT] 
2026-03-29 17:44:33,626 [ERROR] LogOutputStream:75 - [STDERR_REDIRECT] [Fatal Error] :1:1: Premature end of file.
2026-03-29 17:44:33,627 [ERROR] LogOutputStream:75 - [STDERR_REDIRECT] 
2026-03-29 17:44:34,631 [ERROR] LogOutputStream:75 - [STDERR_REDIRECT] [Fatal Error] :1:1: Premature end of file.
2026-03-29 17:44:34,631 [ERROR] LogOutputStream:75 - [STDERR_REDIRECT] 
2026-03-29 17:44:35,649 [ERROR] LogOutputStream:75 - [STDERR_REDIRECT] [Fatal Error] :1:1: Premature end of file.
2026-03-29 17:44:35,649 [ERROR] LogOutputStream:75 - [STDERR_REDIRECT] 
2026-03-29 17:44:36,634 [ERROR] LogOutputStream:75 - [STDERR_REDIRECT] [Fatal Error] :1:1: Premature end of file.
2026-03-29 17:44:36,634 [ERROR] LogOutputStream:75 - [STDERR_REDIRECT] 
2026-03-29 17:44:37,636 [ERROR] LogOutputStream:75 - [STDERR_REDIRECT] [Fatal Error] :1:1: Premature end of file.
2026-03-29 17:44:37,636 [ERROR] LogOutputStream:75 - [STDERR_REDIRECT] 
2026-03-29 17:44:38,636 [ERROR] LogOutputStream:75 - [STDERR_REDIRECT] [Fatal Error] :1:1: Premature end of file.
2026-03-29 17:44:38,636 [ERROR] LogOutputStream:75 - [STDERR_REDIRECT] 
2026-03-29 17:44:39,629 [ERROR] LogOutputStream:75 - [STDERR_REDIRECT] [Fatal Error] :1:1: Premature end of file.
2026-03-29 17:44:39,634 [ERROR] LogOutputStream:75 - [STDERR_REDIRECT] 
2026-03-29 17:44:40,635 [ERROR] LogOutputStream:75 - [STDERR_REDIRECT] [Fatal Error] :1:1: Premature end of file.
2026-03-29 17:44:40,635 [ERROR] LogOutputStream:75 - [STDERR_REDIRECT] 
2026-03-29 17:44:41,633 [ERROR] LogOutputStream:75 - [STDERR_REDIRECT] [Fatal Error] :1:1: Premature end of file.
2026-03-29 17:44:41,634 [ERROR] LogOutputStream:75 - [STDERR_REDIRECT] 
2026-03-29 17:44:42,634 [ERROR] LogOutputStream:75 - [STDERR_REDIRECT] [Fatal Error] :1:1: Premature end of file.
2026-03-29 17:44:42,634 [ERROR] LogOutputStream:75 - [STDERR_REDIRECT] 
2026-03-29 17:44:43,634 [ERROR] LogOutputStream:75 - [STDERR_REDIRECT] [Fatal Error] :1:1: Premature end of file.
2026-03-29 17:44:43,635 [ERROR] LogOutputStream:75 - [STDERR_REDIRECT] 
2026-03-29 17:44:44,638 [ERROR] LogOutputStream:75 - [STDERR_REDIRECT] [Fatal Error] :1:1: Premature end of file.
2026-03-29 17:44:44,638 [ERROR] LogOutputStream:75 - [STDERR_REDIRECT] 
2026-03-29 17:44:45,629 [ERROR] LogOutputStream:75 - [STDERR_REDIRECT] [Fatal Error] :1:1: Premature end of file.
2026-03-29 17:44:45,629 [ERROR] LogOutputStream:75 - [STDERR_REDIRECT] 
2026-03-29 17:44:46,630 [ERROR] LogOutputStream:75 - [STDERR_REDIRECT] [Fatal Error] :1:1: Premature end of file.
2026-03-29 17:44:46,630 [ERROR] LogOutputStream:75 - [STDERR_REDIRECT] 
2026-03-29 17:44:47,644 [ERROR] LogOutputStream:75 - [STDERR_REDIRECT] [Fatal Error] :1:1: Premature end of file.
2026-03-29 17:44:47,644 [ERROR] LogOutputStream:75 - [STDERR_REDIRECT] 
2026-03-29 17:44:48,632 [ERROR] LogOutputStream:75 - [STDERR_REDIRECT] [Fatal Error] :1:1: Premature end of file.
2026-03-29 17:44:48,632 [ERROR] LogOutputStream:75 - [STDERR_REDIRECT] 
2026-03-29 17:44:49,629 [ERROR] LogOutputStream:75 - [STDERR_REDIRECT] [Fatal Error] :1:1: Premature end of file.
2026-03-29 17:44:49,629 [ERROR] LogOutputStream:75 - [STDERR_REDIRECT] 
2026-03-29 17:44:50,629 [ERROR] LogOutputStream:75 - [STDERR_REDIRECT] [Fatal Error] :1:1: Premature end of file.
2026-03-29 17:44:50,629 [ERROR] LogOutputStream:75 - [STDERR_REDIRECT] 
2026-03-29 17:44:51,633 [ERROR] LogOutputStream:75 - [STDERR_REDIRECT] [Fatal Error] :1:1: Premature end of file.
2026-03-29 17:44:51,633 [ERROR] LogOutputStream:75 - [STDERR_REDIRECT] 
2026-03-29 17:44:52,636 [ERROR] LogOutputStream:75 - [STDERR_REDIRECT] [Fatal Error] :1:1: Premature end of file.
2026-03-29 17:44:52,636 [ERROR] LogOutputStream:75 - [STDERR_REDIRECT] 
2026-03-29 17:44:53,651 [ERROR] LogOutputStream:75 - [STDERR_REDIRECT] [Fatal Error] :1:1: Premature end of file.
2026-03-29 17:44:53,651 [ERROR] LogOutputStream:75 - [STDERR_REDIRECT] 
2026-03-29 17:44:54,639 [ERROR] LogOutputStream:75 - [STDERR_REDIRECT] [Fatal Error] :1:1: Premature end of file.
2026-03-29 17:44:54,639 [ERROR] LogOutputStream:75 - [STDERR_REDIRECT] 
2026-03-29 17:44:55,639 [ERROR] LogOutputStream:75 - [STDERR_REDIRECT] [Fatal Error] :1:1: Premature end of file.
2026-03-29 17:44:55,639 [ERROR] LogOutputStream:75 - [STDERR_REDIRECT] 
2026-03-29 17:44:56,629 [ERROR] LogOutputStream:75 - [STDERR_REDIRECT] [Fatal Error] :1:1: Premature end of file.
2026-03-29 17:44:56,629 [ERROR] LogOutputStream:75 - [STDERR_REDIRECT] 
2026-03-29 17:44:57,629 [ERROR] LogOutputStream:75 - [STDERR_REDIRECT] [Fatal Error] :1:1: Premature end of file.
2026-03-29 17:44:57,629 [ERROR] LogOutputStream:75 - [STDERR_REDIRECT] 
2026-03-29 17:44:58,629 [ERROR] LogOutputStream:75 - [STDERR_REDIRECT] [Fatal Error] :1:1: Premature end of file.
2026-03-29 17:44:58,629 [ERROR] LogOutputStream:75 - [STDERR_REDIRECT] 
2026-03-29 17:44:59,629 [ERROR] LogOutputStream:75 - [STDERR_REDIRECT] [Fatal Error] :1:1: Premature end of file.
2026-03-29 17:44:59,629 [ERROR] LogOutputStream:75 - [STDERR_REDIRECT] 
2026-03-29 17:45:00,629 [ERROR] LogOutputStream:75 - [STDERR_REDIRECT] [Fatal Error] :1:1: Premature end of file.
2026-03-29 17:45:00,629 [ERROR] LogOutputStream:75 - [STDERR_REDIRECT] 
2026-03-29 17:45:01,632 [ERROR] LogOutputStream:75 - [STDERR_REDIRECT] [Fatal Error] :1:1: Premature end of file.
2026-03-29 17:45:01,632 [ERROR] LogOutputStream:75 - [STDERR_REDIRECT] 
2026-03-29 17:45:02,643 [ERROR] LogOutputStream:75 - [STDERR_REDIRECT] [Fatal Error] :1:1: Premature end of file.
2026-03-29 17:45:02,643 [ERROR] LogOutputStream:75 - [STDERR_REDIRECT] 
2026-03-29 17:45:03,631 [ERROR] LogOutputStream:75 - [STDERR_REDIRECT] [Fatal Error] :1:1: Premature end of file.
2026-03-29 17:45:03,631 [ERROR] LogOutputStream:75 - [STDERR_REDIRECT] 
2026-03-29 17:45:04,630 [ERROR] LogOutputStream:75 - [STDERR_REDIRECT] [Fatal Error] :1:1: Premature end of file.
2026-03-29 17:45:04,631 [ERROR] LogOutputStream:75 - [STDERR_REDIRECT] 
2026-03-29 17:45:05,645 [ERROR] LogOutputStream:75 - [STDERR_REDIRECT] [Fatal Error] :1:1: Premature end of file.
2026-03-29 17:45:05,645 [ERROR] LogOutputStream:75 - [STDERR_REDIRECT] 
2026-03-29 17:45:06,629 [ERROR] LogOutputStream:75 - [STDERR_REDIRECT] [Fatal Error] :1:1: Premature end of file.
2026-03-29 17:45:06,629 [ERROR] LogOutputStream:75 - [STDERR_REDIRECT] 
2026-03-29 17:45:07,635 [ERROR] LogOutputStream:75 - [STDERR_REDIRECT] [Fatal Error] :1:1: Premature end of file.
2026-03-29 17:45:07,635 [ERROR] LogOutputStream:75 - [STDERR_REDIRECT] 
2026-03-29 17:45:08,629 [ERROR] LogOutputStream:75 - [STDERR_REDIRECT] [Fatal Error] :1:1: Premature end of file.
2026-03-29 17:45:08,629 [ERROR] LogOutputStream:75 - [STDERR_REDIRECT] 
2026-03-29 17:45:09,629 [ERROR] LogOutputStream:75 - [STDERR_REDIRECT] [Fatal Error] :1:1: Premature end of file.
2026-03-29 17:45:09,629 [ERROR] LogOutputStream:75 - [STDERR_REDIRECT] 
2026-03-29 17:45:10,629 [ERROR] LogOutputStream:75 - [STDERR_REDIRECT] [Fatal Error] :1:1: Premature end of file.
2026-03-29 17:45:10,629 [ERROR] LogOutputStream:75 - [STDERR_REDIRECT] 
2026-03-29 17:45:11,629 [ERROR] LogOutputStream:75 - [STDERR_REDIRECT] [Fatal Error] :1:1: Premature end of file.
2026-03-29 17:45:11,629 [ERROR] LogOutputStream:75 - [STDERR_REDIRECT] 
2026-03-29 17:45:12,629 [ERROR] LogOutputStream:75 - [STDERR_REDIRECT] [Fatal Error] :1:1: Premature end of file.
2026-03-29 17:45:12,629 [ERROR] LogOutputStream:75 - [STDERR_REDIRECT] 
2026-03-29 17:45:13,629 [ERROR] LogOutputStream:75 - [STDERR_REDIRECT] [Fatal Error] :1:1: Premature end of file.
2026-03-29 17:45:13,629 [ERROR] LogOutputStream:75 - [STDERR_REDIRECT] 
2026-03-29 17:45:14,629 [ERROR] LogOutputStream:75 - [STDERR_REDIRECT] [Fatal Error] :1:1: Premature end of file.
2026-03-29 17:45:14,629 [ERROR] LogOutputStream:75 - [STDERR_REDIRECT] 
2026-03-29 17:45:15,629 [ERROR] LogOutputStream:75 - [STDERR_REDIRECT] [Fatal Error] :1:1: Premature end of file.
2026-03-29 17:45:15,629 [ERROR] LogOutputStream:75 - [STDERR_REDIRECT] 
2026-03-29 17:45:16,629 [ERROR] LogOutputStream:75 - [STDERR_REDIRECT] [Fatal Error] :1:1: Premature end of file.
2026-03-29 17:45:16,629 [ERROR] LogOutputStream:75 - [STDERR_REDIRECT] 
2026-03-29 17:45:17,629 [ERROR] LogOutputStream:75 - [STDERR_REDIRECT] [Fatal Error] :1:1: Premature end of file.
2026-03-29 17:45:17,629 [ERROR] LogOutputStream:75 - [STDERR_REDIRECT] 
2026-03-29 17:45:18,629 [ERROR] LogOutputStream:75 - [STDERR_REDIRECT] [Fatal Error] :1:1: Premature end of file.
2026-03-29 17:45:18,629 [ERROR] LogOutputStream:75 - [STDERR_REDIRECT] 
2026-03-29 17:45:19,633 [ERROR] LogOutputStream:75 - [STDERR_REDIRECT] [Fatal Error] :1:1: Premature end of file.
2026-03-29 17:45:19,633 [ERROR] LogOutputStream:75 - [STDERR_REDIRECT] 
2026-03-29 17:45:20,636 [ERROR] LogOutputStream:75 - [STDERR_REDIRECT] [Fatal Error] :1:1: Premature end of file.
2026-03-29 17:45:20,637 [ERROR] LogOutputStream:75 - [STDERR_REDIRECT] 
2026-03-29 17:45:21,632 [ERROR] LogOutputStream:75 - [STDERR_REDIRECT] [Fatal Error] :1:1: Premature end of file.
2026-03-29 17:45:21,632 [ERROR] LogOutputStream:75 - [STDERR_REDIRECT] 
2026-03-29 17:45:22,633 [ERROR] LogOutputStream:75 - [STDERR_REDIRECT] [Fatal Error] :1:1: Premature end of file.
2026-03-29 17:45:22,633 [ERROR] LogOutputStream:75 - [STDERR_REDIRECT] 
2026-03-29 17:45:23,637 [ERROR] LogOutputStream:75 - [STDERR_REDIRECT] [Fatal Error] :1:1: Premature end of file.
2026-03-29 17:45:23,637 [ERROR] LogOutputStream:75 - [STDERR_REDIRECT] 
2026-03-29 17:45:24,629 [ERROR] LogOutputStream:75 - [STDERR_REDIRECT] [Fatal Error] :1:1: Premature end of file.
2026-03-29 17:45:24,629 [ERROR] LogOutputStream:75 - [STDERR_REDIRECT] 
2026-03-29 17:45:25,634 [ERROR] LogOutputStream:75 - [STDERR_REDIRECT] [Fatal Error] :1:1: Premature end of file.
2026-03-29 17:45:25,634 [ERROR] LogOutputStream:75 - [STDERR_REDIRECT] 
2026-03-29 17:45:26,631 [ERROR] LogOutputStream:75 - [STDERR_REDIRECT] [Fatal Error] :1:1: Premature end of file.
2026-03-29 17:45:26,631 [ERROR] LogOutputStream:75 - [STDERR_REDIRECT] 
2026-03-29 17:45:27,631 [ERROR] LogOutputStream:75 - [STDERR_REDIRECT] [Fatal Error] :1:1: Premature end of file.
2026-03-29 17:45:27,631 [ERROR] LogOutputStream:75 - [STDERR_REDIRECT] 
2026-03-29 17:45:28,634 [ERROR] LogOutputStream:75 - [STDERR_REDIRECT] [Fatal Error] :1:1: Premature end of file.
2026-03-29 17:45:28,635 [ERROR] LogOutputStream:75 - [STDERR_REDIRECT] 
2026-03-29 17:45:29,638 [ERROR] LogOutputStream:75 - [STDERR_REDIRECT] [Fatal Error] :1:1: Premature end of file.
2026-03-29 17:45:29,638 [ERROR] LogOutputStream:75 - [STDERR_REDIRECT] 
2026-03-29 17:45:30,639 [ERROR] LogOutputStream:75 - [STDERR_REDIRECT] [Fatal Error] :1:1: Premature end of file.
2026-03-29 17:45:30,639 [ERROR] LogOutputStream:75 - [STDERR_REDIRECT] 
2026-03-29 17:45:31,642 [ERROR] LogOutputStream:75 - [STDERR_REDIRECT] [Fatal Error] :1:1: Premature end of file.
2026-03-29 17:45:31,642 [ERROR] LogOutputStream:75 - [STDERR_REDIRECT] 
2026-03-29 17:45:32,641 [ERROR] LogOutputStream:75 - [STDERR_REDIRECT] [Fatal Error] :1:1: Premature end of file.
2026-03-29 17:45:32,641 [ERROR] LogOutputStream:75 - [STDERR_REDIRECT] 
2026-03-29 17:45:33,632 [ERROR] LogOutputStream:75 - [STDERR_REDIRECT] [Fatal Error] :1:1: Premature end of file.
2026-03-29 17:45:33,633 [ERROR] LogOutputStream:75 - [STDERR_REDIRECT] 
2026-03-29 17:45:34,636 [ERROR] LogOutputStream:75 - [STDERR_REDIRECT] [Fatal Error] :1:1: Premature end of file.
2026-03-29 17:45:34,636 [ERROR] LogOutputStream:75 - [STDERR_REDIRECT] 
2026-03-29 17:45:35,632 [ERROR] LogOutputStream:75 - [STDERR_REDIRECT] [Fatal Error] :1:1: Premature end of file.
2026-03-29 17:45:35,632 [ERROR] LogOutputStream:75 - [STDERR_REDIRECT] 
2026-03-29 17:45:36,642 [ERROR] LogOutputStream:75 - [STDERR_REDIRECT] [Fatal Error] :1:1: Premature end of file.
2026-03-29 17:45:36,642 [ERROR] LogOutputStream:75 - [STDERR_REDIRECT] 
2026-03-29 17:45:37,652 [ERROR] LogOutputStream:75 - [STDERR_REDIRECT] [Fatal Error] :1:1: Premature end of file.
2026-03-29 17:45:37,653 [ERROR] LogOutputStream:75 - [STDERR_REDIRECT] 
2026-03-29 17:45:38,624 [ERROR] LogOutputStream:75 - [STDERR_REDIRECT] [Fatal Error] :1:1: Premature end of file.
2026-03-29 17:45:38,624 [ERROR] LogOutputStream:75 - [STDERR_REDIRECT] 
2026-03-29 17:45:39,634 [ERROR] LogOutputStream:75 - [STDERR_REDIRECT] [Fatal Error] :1:1: Premature end of file.
2026-03-29 17:45:39,635 [ERROR] LogOutputStream:75 - [STDERR_REDIRECT] 
2026-03-29 17:45:40,638 [ERROR] LogOutputStream:75 - [STDERR_REDIRECT] [Fatal Error] :1:1: Premature end of file.
2026-03-29 17:45:40,638 [ERROR] LogOutputStream:75 - [STDERR_REDIRECT] 
2026-03-29 17:45:41,628 [ERROR] LogOutputStream:75 - [STDERR_REDIRECT] [Fatal Error] :1:1: Premature end of file.
2026-03-29 17:45:41,628 [ERROR] LogOutputStream:75 - [STDERR_REDIRECT] 
2026-03-29 17:45:42,629 [ERROR] LogOutputStream:75 - [STDERR_REDIRECT] [Fatal Error] :1:1: Premature end of file.
2026-03-29 17:45:42,629 [ERROR] LogOutputStream:75 - [STDERR_REDIRECT] 
2026-03-29 17:45:43,630 [ERROR] LogOutputStream:75 - [STDERR_REDIRECT] [Fatal Error] :1:1: Premature end of file.
2026-03-29 17:45:43,631 [ERROR] LogOutputStream:75 - [STDERR_REDIRECT] 
2026-03-29 17:45:44,622 [ERROR] LogOutputStream:75 - [STDERR_REDIRECT] [Fatal Error] :1:1: Premature end of file.
2026-03-29 17:45:44,622 [ERROR] LogOutputStream:75 - [STDERR_REDIRECT] 
2026-03-29 17:45:45,651 [ERROR] LogOutputStream:75 - [STDERR_REDIRECT] [Fatal Error] :1:1: Premature end of file.
2026-03-29 17:45:45,651 [ERROR] LogOutputStream:75 - [STDERR_REDIRECT] 
2026-03-29 17:45:46,624 [ERROR] LogOutputStream:75 - [STDERR_REDIRECT] [Fatal Error] :1:1: Premature end of file.
2026-03-29 17:45:46,624 [ERROR] LogOutputStream:75 - [STDERR_REDIRECT] 
2026-03-29 17:45:47,644 [ERROR] LogOutputStream:75 - [STDERR_REDIRECT] [Fatal Error] :1:1: Premature end of file.
2026-03-29 17:45:47,644 [ERROR] LogOutputStream:75 - [STDERR_REDIRECT] 
2026-03-29 17:45:48,635 [ERROR] LogOutputStream:75 - [STDERR_REDIRECT] [Fatal Error] :1:1: Premature end of file.
2026-03-29 17:45:48,635 [ERROR] LogOutputStream:75 - [STDERR_REDIRECT] 
2026-03-29 17:45:49,628 [ERROR] LogOutputStream:75 - [STDERR_REDIRECT] [Fatal Error] :1:1: Premature end of file.
2026-03-29 17:45:49,628 [ERROR] LogOutputStream:75 - [STDERR_REDIRECT] 
2026-03-29 17:45:50,628 [ERROR] LogOutputStream:75 - [STDERR_REDIRECT] [Fatal Error] :1:1: Premature end of file.
2026-03-29 17:45:50,628 [ERROR] LogOutputStream:75 - [STDERR_REDIRECT] 
2026-03-29 17:45:51,622 [ERROR] LogOutputStream:75 - [STDERR_REDIRECT] [Fatal Error] :1:1: Premature end of file.
2026-03-29 17:45:51,622 [ERROR] LogOutputStream:75 - [STDERR_REDIRECT] 
2026-03-29 17:45:52,637 [ERROR] LogOutputStream:75 - [STDERR_REDIRECT] [Fatal Error] :1:1: Premature end of file.
2026-03-29 17:45:52,637 [ERROR] LogOutputStream:75 - [STDERR_REDIRECT] 
2026-03-29 17:45:53,632 [ERROR] LogOutputStream:75 - [STDERR_REDIRECT] [Fatal Error] :1:1: Premature end of file.
2026-03-29 17:45:53,632 [ERROR] LogOutputStream:75 - [STDERR_REDIRECT] 
2026-03-29 17:45:54,613 [ERROR] LogOutputStream:75 - [STDERR_REDIRECT] [Fatal Error] :1:1: Premature end of file.
2026-03-29 17:45:54,613 [ERROR] LogOutputStream:75 - [STDERR_REDIRECT] 
2026-03-29 17:45:55,644 [ERROR] LogOutputStream:75 - [STDERR_REDIRECT] [Fatal Error] :1:1: Premature end of file.
2026-03-29 17:45:55,644 [ERROR] LogOutputStream:75 - [STDERR_REDIRECT] 
2026-03-29 17:45:56,685 [ERROR] LogOutputStream:75 - [STDERR_REDIRECT] [Fatal Error] :1:1: Premature end of file.
2026-03-29 17:45:56,686 [ERROR] LogOutputStream:75 - [STDERR_REDIRECT] 
2026-03-29 17:45:57,645 [ERROR] LogOutputStream:75 - [STDERR_REDIRECT] [Fatal Error] :1:1: Premature end of file.
2026-03-29 17:45:57,645 [ERROR] LogOutputStream:75 - [STDERR_REDIRECT] 
2026-03-29 17:45:58,630 [ERROR] LogOutputStream:75 - [STDERR_REDIRECT] [Fatal Error] :1:1: Premature end of file.
2026-03-29 17:45:58,631 [ERROR] LogOutputStream:75 - [STDERR_REDIRECT] 
2026-03-29 17:45:59,630 [ERROR] LogOutputStream:75 - [STDERR_REDIRECT] [Fatal Error] :1:1: Premature end of file.
2026-03-29 17:45:59,630 [ERROR] LogOutputStream:75 - [STDERR_REDIRECT] 
2026-03-29 17:46:00,639 [ERROR] LogOutputStream:75 - [STDERR_REDIRECT] [Fatal Error] :1:1: Premature end of file.
2026-03-29 17:46:00,640 [ERROR] LogOutputStream:75 - [STDERR_REDIRECT] 
2026-03-29 17:46:01,648 [ERROR] LogOutputStream:75 - [STDERR_REDIRECT] [Fatal Error] :1:1: Premature end of file.
2026-03-29 17:46:01,648 [ERROR] LogOutputStream:75 - [STDERR_REDIRECT] 
2026-03-29 17:46:02,636 [ERROR] LogOutputStream:75 - [STDERR_REDIRECT] [Fatal Error] :1:1: Premature end of file.
2026-03-29 17:46:02,637 [ERROR] LogOutputStream:75 - [STDERR_REDIRECT] 
2026-03-29 17:46:03,645 [ERROR] LogOutputStream:75 - [STDERR_REDIRECT] [Fatal Error] :1:1: Premature end of file.
2026-03-29 17:46:03,645 [ERROR] LogOutputStream:75 - [STDERR_REDIRECT] 
2026-03-29 17:46:04,635 [ERROR] LogOutputStream:75 - [STDERR_REDIRECT] [Fatal Error] :1:1: Premature end of file.
2026-03-29 17:46:04,635 [ERROR] LogOutputStream:75 - [STDERR_REDIRECT] 
2026-03-29 17:46:05,770 [ERROR] LogOutputStream:75 - [STDERR_REDIRECT] [Fatal Error] :1:1: Premature end of file.
2026-03-29 17:46:05,770 [ERROR] LogOutputStream:75 - [STDERR_REDIRECT] 
2026-03-29 17:46:06,648 [ERROR] LogOutputStream:75 - [STDERR_REDIRECT] [Fatal Error] :1:1: Premature end of file.
2026-03-29 17:46:06,648 [ERROR] LogOutputStream:75 - [STDERR_REDIRECT] 
2026-03-29 17:46:07,637 [ERROR] LogOutputStream:75 - [STDERR_REDIRECT] [Fatal Error] :1:1: Premature end of file.
2026-03-29 17:46:07,637 [ERROR] LogOutputStream:75 - [STDERR_REDIRECT] 
2026-03-29 17:46:08,643 [ERROR] LogOutputStream:75 - [STDERR_REDIRECT] [Fatal Error] :1:1: Premature end of file.
2026-03-29 17:46:08,643 [ERROR] LogOutputStream:75 - [STDERR_REDIRECT] 
2026-03-29 17:46:09,631 [ERROR] LogOutputStream:75 - [STDERR_REDIRECT] [Fatal Error] :1:1: Premature end of file.
2026-03-29 17:46:09,631 [ERROR] LogOutputStream:75 - [STDERR_REDIRECT] 
2026-03-29 17:46:10,644 [ERROR] LogOutputStream:75 - [STDERR_REDIRECT] [Fatal Error] :1:1: Premature end of file.
2026-03-29 17:46:10,644 [ERROR] LogOutputStream:75 - [STDERR_REDIRECT] 
2026-03-29 17:46:11,637 [ERROR] LogOutputStream:75 - [STDERR_REDIRECT] [Fatal Error] :1:1: Premature end of file.
2026-03-29 17:46:11,637 [ERROR] LogOutputStream:75 - [STDERR_REDIRECT] 
2026-03-29 17:46:12,633 [ERROR] LogOutputStream:75 - [STDERR_REDIRECT] [Fatal Error] :1:1: Premature end of file.
2026-03-29 17:46:12,634 [ERROR] LogOutputStream:75 - [STDERR_REDIRECT] 
2026-03-29 17:46:13,638 [ERROR] LogOutputStream:75 - [STDERR_REDIRECT] [Fatal Error] :1:1: Premature end of file.
2026-03-29 17:46:13,638 [ERROR] LogOutputStream:75 - [STDERR_REDIRECT] 
2026-03-29 17:46:14,639 [ERROR] LogOutputStream:75 - [STDERR_REDIRECT] [Fatal Error] :1:1: Premature end of file.
2026-03-29 17:46:14,640 [ERROR] LogOutputStream:75 - [STDERR_REDIRECT] 
2026-03-29 17:46:15,635 [ERROR] LogOutputStream:75 - [STDERR_REDIRECT] [Fatal Error] :1:1: Premature end of file.
2026-03-29 17:46:15,635 [ERROR] LogOutputStream:75 - [STDERR_REDIRECT] 
2026-03-29 17:46:16,631 [ERROR] LogOutputStream:75 - [STDERR_REDIRECT] [Fatal Error] :1:1: Premature end of file.
2026-03-29 17:46:16,631 [ERROR] LogOutputStream:75 - [STDERR_REDIRECT] 
2026-03-29 17:46:17,719 [ERROR] LogOutputStream:75 - [STDERR_REDIRECT] [Fatal Error] :1:1: Premature end of file.
2026-03-29 17:46:17,719 [ERROR] LogOutputStream:75 - [STDERR_REDIRECT] 
2026-03-29 17:46:18,634 [ERROR] LogOutputStream:75 - [STDERR_REDIRECT] [Fatal Error] :1:1: Premature end of file.
2026-03-29 17:46:18,635 [ERROR] LogOutputStream:75 - [STDERR_REDIRECT] 
2026-03-29 17:46:19,640 [ERROR] LogOutputStream:75 - [STDERR_REDIRECT] [Fatal Error] :1:1: Premature end of file.
2026-03-29 17:46:19,640 [ERROR] LogOutputStream:75 - [STDERR_REDIRECT] 
2026-03-29 17:46:20,636 [ERROR] LogOutputStream:75 - [STDERR_REDIRECT] [Fatal Error] :1:1: Premature end of file.
2026-03-29 17:46:20,637 [ERROR] LogOutputStream:75 - [STDERR_REDIRECT] 
2026-03-29 17:46:21,642 [ERROR] LogOutputStream:75 - [STDERR_REDIRECT] [Fatal Error] :1:1: Premature end of file.
2026-03-29 17:46:21,642 [ERROR] LogOutputStream:75 - [STDERR_REDIRECT] 
2026-03-29 17:46:22,640 [ERROR] LogOutputStream:75 - [STDERR_REDIRECT] [Fatal Error] :1:1: Premature end of file.
2026-03-29 17:46:22,640 [ERROR] LogOutputStream:75 - [STDERR_REDIRECT] 
2026-03-29 17:46:23,640 [ERROR] LogOutputStream:75 - [STDERR_REDIRECT] [Fatal Error] :1:1: Premature end of file.
2026-03-29 17:46:23,640 [ERROR] LogOutputStream:75 - [STDERR_REDIRECT] 
2026-03-29 17:46:24,639 [ERROR] LogOutputStream:75 - [STDERR_REDIRECT] [Fatal Error] :1:1: Premature end of file.
2026-03-29 17:46:24,639 [ERROR] LogOutputStream:75 - [STDERR_REDIRECT] 
2026-03-29 17:46:25,632 [ERROR] LogOutputStream:75 - [STDERR_REDIRECT] [Fatal Error] :1:1: Premature end of file.
2026-03-29 17:46:25,632 [ERROR] LogOutputStream:75 - [STDERR_REDIRECT] 
2026-03-29 17:46:26,644 [ERROR] LogOutputStream:75 - [STDERR_REDIRECT] [Fatal Error] :1:1: Premature end of file.
2026-03-29 17:46:26,645 [ERROR] LogOutputStream:75 - [STDERR_REDIRECT] 
2026-03-29 17:46:27,641 [ERROR] LogOutputStream:75 - [STDERR_REDIRECT] [Fatal Error] :1:1: Premature end of file.
2026-03-29 17:46:27,641 [ERROR] LogOutputStream:75 - [STDERR_REDIRECT] 
2026-03-29 17:46:28,639 [ERROR] LogOutputStream:75 - [STDERR_REDIRECT] [Fatal Error] :1:1: Premature end of file.
2026-03-29 17:46:28,639 [ERROR] LogOutputStream:75 - [STDERR_REDIRECT] 
2026-03-29 17:46:29,635 [ERROR] LogOutputStream:75 - [STDERR_REDIRECT] [Fatal Error] :1:1: Premature end of file.
2026-03-29 17:46:29,636 [ERROR] LogOutputStream:75 - [STDERR_REDIRECT] 
2026-03-29 17:46:30,630 [ERROR] LogOutputStream:75 - [STDERR_REDIRECT] [Fatal Error] :1:1: Premature end of file.
2026-03-29 17:46:30,630 [ERROR] LogOutputStream:75 - [STDERR_REDIRECT] 
2026-03-29 17:46:31,646 [ERROR] LogOutputStream:75 - [STDERR_REDIRECT] [Fatal Error] :1:1: Premature end of file.
2026-03-29 17:46:31,646 [ERROR] LogOutputStream:75 - [STDERR_REDIRECT] 
2026-03-29 17:46:32,638 [ERROR] LogOutputStream:75 - [STDERR_REDIRECT] [Fatal Error] :1:1: Premature end of file.
2026-03-29 17:46:32,638 [ERROR] LogOutputStream:75 - [STDERR_REDIRECT] 
2026-03-29 17:46:33,630 [ERROR] LogOutputStream:75 - [STDERR_REDIRECT] [Fatal Error] :1:1: Premature end of file.
2026-03-29 17:46:33,630 [ERROR] LogOutputStream:75 - [STDERR_REDIRECT] 
2026-03-29 17:46:34,643 [ERROR] LogOutputStream:75 - [STDERR_REDIRECT] [Fatal Error] :1:1: Premature end of file.
2026-03-29 17:46:34,643 [ERROR] LogOutputStream:75 - [STDERR_REDIRECT] 
2026-03-29 17:46:35,638 [ERROR] LogOutputStream:75 - [STDERR_REDIRECT] [Fatal Error] :1:1: Premature end of file.
2026-03-29 17:46:35,639 [ERROR] LogOutputStream:75 - [STDERR_REDIRECT] 
2026-03-29 17:46:36,627 [ERROR] LogOutputStream:75 - [STDERR_REDIRECT] [Fatal Error] :1:1: Premature end of file.
2026-03-29 17:46:36,627 [ERROR] LogOutputStream:75 - [STDERR_REDIRECT] 
2026-03-29 17:46:37,634 [ERROR] LogOutputStream:75 - [STDERR_REDIRECT] [Fatal Error] :1:1: Premature end of file.
2026-03-29 17:46:37,634 [ERROR] LogOutputStream:75 - [STDERR_REDIRECT] 
2026-03-29 17:46:38,635 [ERROR] LogOutputStream:75 - [STDERR_REDIRECT] [Fatal Error] :1:1: Premature end of file.
2026-03-29 17:46:38,635 [ERROR] LogOutputStream:75 - [STDERR_REDIRECT] 
2026-03-29 17:46:39,644 [ERROR] LogOutputStream:75 - [STDERR_REDIRECT] [Fatal Error] :1:1: Premature end of file.
2026-03-29 17:46:39,644 [ERROR] LogOutputStream:75 - [STDERR_REDIRECT] 
2026-03-29 17:46:40,631 [ERROR] LogOutputStream:75 - [STDERR_REDIRECT] [Fatal Error] :1:1: Premature end of file.
2026-03-29 17:46:40,631 [ERROR] LogOutputStream:75 - [STDERR_REDIRECT] 
2026-03-29 17:46:41,643 [ERROR] LogOutputStream:75 - [STDERR_REDIRECT] [Fatal Error] :1:1: Premature end of file.
2026-03-29 17:46:41,643 [ERROR] LogOutputStream:75 - [STDERR_REDIRECT] 
2026-03-29 17:46:42,636 [ERROR] LogOutputStream:75 - [STDERR_REDIRECT] [Fatal Error] :1:1: Premature end of file.
2026-03-29 17:46:42,636 [ERROR] LogOutputStream:75 - [STDERR_REDIRECT] 
2026-03-29 17:46:43,631 [ERROR] LogOutputStream:75 - [STDERR_REDIRECT] [Fatal Error] :1:1: Premature end of file.
2026-03-29 17:46:43,633 [ERROR] LogOutputStream:75 - [STDERR_REDIRECT] 
2026-03-29 17:46:44,631 [ERROR] LogOutputStream:75 - [STDERR_REDIRECT] [Fatal Error] :1:1: Premature end of file.
2026-03-29 17:46:44,631 [ERROR] LogOutputStream:75 - [STDERR_REDIRECT] 
2026-03-29 17:46:45,636 [ERROR] LogOutputStream:75 - [STDERR_REDIRECT] [Fatal Error] :1:1: Premature end of file.
2026-03-29 17:46:45,637 [ERROR] LogOutputStream:75 - [STDERR_REDIRECT] 
2026-03-29 17:46:46,648 [ERROR] LogOutputStream:75 - [STDERR_REDIRECT] [Fatal Error] :1:1: Premature end of file.
2026-03-29 17:46:46,648 [ERROR] LogOutputStream:75 - [STDERR_REDIRECT] 
2026-03-29 17:46:47,636 [ERROR] LogOutputStream:75 - [STDERR_REDIRECT] [Fatal Error] :1:1: Premature end of file.
2026-03-29 17:46:47,636 [ERROR] LogOutputStream:75 - [STDERR_REDIRECT] 
2026-03-29 17:46:48,640 [ERROR] LogOutputStream:75 - [STDERR_REDIRECT] [Fatal Error] :1:1: Premature end of file.
2026-03-29 17:46:48,640 [ERROR] LogOutputStream:75 - [STDERR_REDIRECT] 
2026-03-29 17:46:49,627 [ERROR] LogOutputStream:75 - [STDERR_REDIRECT] [Fatal Error] :1:1: Premature end of file.
2026-03-29 17:46:49,627 [ERROR] LogOutputStream:75 - [STDERR_REDIRECT] 
2026-03-29 17:46:50,633 [ERROR] LogOutputStream:75 - [STDERR_REDIRECT] [Fatal Error] :1:1: Premature end of file.
2026-03-29 17:46:50,633 [ERROR] LogOutputStream:75 - [STDERR_REDIRECT] 
2026-03-29 17:46:51,641 [ERROR] LogOutputStream:75 - [STDERR_REDIRECT] [Fatal Error] :1:1: Premature end of file.
2026-03-29 17:46:51,641 [ERROR] LogOutputStream:75 - [STDERR_REDIRECT] 
2026-03-29 17:46:52,639 [ERROR] LogOutputStream:75 - [STDERR_REDIRECT] [Fatal Error] :1:1: Premature end of file.
2026-03-29 17:46:52,639 [ERROR] LogOutputStream:75 - [STDERR_REDIRECT] 
2026-03-29 17:46:53,637 [ERROR] LogOutputStream:75 - [STDERR_REDIRECT] [Fatal Error] :1:1: Premature end of file.
2026-03-29 17:46:53,637 [ERROR] LogOutputStream:75 - [STDERR_REDIRECT] 
2026-03-29 17:46:54,633 [ERROR] LogOutputStream:75 - [STDERR_REDIRECT] [Fatal Error] :1:1: Premature end of file.
2026-03-29 17:46:54,634 [ERROR] LogOutputStream:75 - [STDERR_REDIRECT] 
2026-03-29 17:46:55,638 [ERROR] LogOutputStream:75 - [STDERR_REDIRECT] [Fatal Error] :1:1: Premature end of file.
2026-03-29 17:46:55,638 [ERROR] LogOutputStream:75 - [STDERR_REDIRECT] 
2026-03-29 17:46:56,630 [ERROR] LogOutputStream:75 - [STDERR_REDIRECT] [Fatal Error] :1:1: Premature end of file.
2026-03-29 17:46:56,631 [ERROR] LogOutputStream:75 - [STDERR_REDIRECT] 
2026-03-29 17:46:57,634 [ERROR] LogOutputStream:75 - [STDERR_REDIRECT] [Fatal Error] :1:1: Premature end of file.
2026-03-29 17:46:57,634 [ERROR] LogOutputStream:75 - [STDERR_REDIRECT] 
2026-03-29 17:46:58,640 [ERROR] LogOutputStream:75 - [STDERR_REDIRECT] [Fatal Error] :1:1: Premature end of file.
2026-03-29 17:46:58,640 [ERROR] LogOutputStream:75 - [STDERR_REDIRECT] 
2026-03-29 17:46:59,685 [ERROR] LogOutputStream:75 - [STDERR_REDIRECT] [Fatal Error] :1:1: Premature end of file.
2026-03-29 17:46:59,685 [ERROR] LogOutputStream:75 - [STDERR_REDIRECT] 
2026-03-29 17:47:00,636 [ERROR] LogOutputStream:75 - [STDERR_REDIRECT] [Fatal Error] :1:1: Premature end of file.
2026-03-29 17:47:00,636 [ERROR] LogOutputStream:75 - [STDERR_REDIRECT] 
2026-03-29 17:47:01,643 [ERROR] LogOutputStream:75 - [STDERR_REDIRECT] [Fatal Error] :1:1: Premature end of file.
2026-03-29 17:47:01,643 [ERROR] LogOutputStream:75 - [STDERR_REDIRECT] 
2026-03-29 17:47:02,639 [ERROR] LogOutputStream:75 - [STDERR_REDIRECT] [Fatal Error] :1:1: Premature end of file.
2026-03-29 17:47:02,639 [ERROR] LogOutputStream:75 - [STDERR_REDIRECT] 
2026-03-29 17:47:03,666 [ERROR] LogOutputStream:75 - [STDERR_REDIRECT] [Fatal Error] :1:1: Premature end of file.
2026-03-29 17:47:03,666 [ERROR] LogOutputStream:75 - [STDERR_REDIRECT] 
2026-03-29 17:47:04,643 [ERROR] LogOutputStream:75 - [STDERR_REDIRECT] [Fatal Error] :1:1: Premature end of file.
2026-03-29 17:47:04,643 [ERROR] LogOutputStream:75 - [STDERR_REDIRECT] 
2026-03-29 17:47:05,637 [ERROR] LogOutputStream:75 - [STDERR_REDIRECT] [Fatal Error] :1:1: Premature end of file.
2026-03-29 17:47:05,637 [ERROR] LogOutputStream:75 - [STDERR_REDIRECT] 
2026-03-29 17:47:06,632 [ERROR] LogOutputStream:75 - [STDERR_REDIRECT] [Fatal Error] :1:1: Premature end of file.
2026-03-29 17:47:06,632 [ERROR] LogOutputStream:75 - [STDERR_REDIRECT] 
2026-03-29 17:47:07,645 [ERROR] LogOutputStream:75 - [STDERR_REDIRECT] [Fatal Error] :1:1: Premature end of file.
2026-03-29 17:47:07,645 [ERROR] LogOutputStream:75 - [STDERR_REDIRECT] 
2026-03-29 17:47:08,639 [ERROR] LogOutputStream:75 - [STDERR_REDIRECT] [Fatal Error] :1:1: Premature end of file.
2026-03-29 17:47:08,639 [ERROR] LogOutputStream:75 - [STDERR_REDIRECT] 
2026-03-29 17:47:09,642 [ERROR] LogOutputStream:75 - [STDERR_REDIRECT] [Fatal Error] :1:1: Premature end of file.
2026-03-29 17:47:09,643 [ERROR] LogOutputStream:75 - [STDERR_REDIRECT] 
2026-03-29 17:47:10,646 [ERROR] LogOutputStream:75 - [STDERR_REDIRECT] [Fatal Error] :1:1: Premature end of file.
2026-03-29 17:47:10,646 [ERROR] LogOutputStream:75 - [STDERR_REDIRECT] 
2026-03-29 17:47:11,629 [ERROR] LogOutputStream:75 - [STDERR_REDIRECT] [Fatal Error] :1:1: Premature end of file.
2026-03-29 17:47:11,629 [ERROR] LogOutputStream:75 - [STDERR_REDIRECT] 
2026-03-29 17:47:12,634 [ERROR] LogOutputStream:75 - [STDERR_REDIRECT] [Fatal Error] :1:1: Premature end of file.
2026-03-29 17:47:12,634 [ERROR] LogOutputStream:75 - [STDERR_REDIRECT] 
2026-03-29 17:47:13,633 [ERROR] LogOutputStream:75 - [STDERR_REDIRECT] [Fatal Error] :1:1: Premature end of file.
2026-03-29 17:47:13,633 [ERROR] LogOutputStream:75 - [STDERR_REDIRECT] 
2026-03-29 17:47:14,643 [ERROR] LogOutputStream:75 - [STDERR_REDIRECT] [Fatal Error] :1:1: Premature end of file.
2026-03-29 17:47:14,643 [ERROR] LogOutputStream:75 - [STDERR_REDIRECT] 
2026-03-29 17:47:15,639 [ERROR] LogOutputStream:75 - [STDERR_REDIRECT] [Fatal Error] :1:1: Premature end of file.
2026-03-29 17:47:15,639 [ERROR] LogOutputStream:75 - [STDERR_REDIRECT] 
2026-03-29 17:47:16,633 [ERROR] LogOutputStream:75 - [STDERR_REDIRECT] [Fatal Error] :1:1: Premature end of file.
2026-03-29 17:47:16,633 [ERROR] LogOutputStream:75 - [STDERR_REDIRECT] 
2026-03-29 17:47:17,634 [ERROR] LogOutputStream:75 - [STDERR_REDIRECT] [Fatal Error] :1:1: Premature end of file.
2026-03-29 17:47:17,634 [ERROR] LogOutputStream:75 - [STDERR_REDIRECT] 
2026-03-29 17:47:18,630 [ERROR] LogOutputStream:75 - [STDERR_REDIRECT] [Fatal Error] :1:1: Premature end of file.
2026-03-29 17:47:18,630 [ERROR] LogOutputStream:75 - [STDERR_REDIRECT] 
2026-03-29 17:47:19,633 [ERROR] LogOutputStream:75 - [STDERR_REDIRECT] [Fatal Error] :1:1: Premature end of file.
2026-03-29 17:47:19,633 [ERROR] LogOutputStream:75 - [STDERR_REDIRECT] 
2026-03-29 17:47:20,639 [ERROR] LogOutputStream:75 - [STDERR_REDIRECT] [Fatal Error] :1:1: Premature end of file.
2026-03-29 17:47:20,639 [ERROR] LogOutputStream:75 - [STDERR_REDIRECT] 
2026-03-29 17:47:21,640 [ERROR] LogOutputStream:75 - [STDERR_REDIRECT] [Fatal Error] :1:1: Premature end of file.
2026-03-29 17:47:21,640 [ERROR] LogOutputStream:75 - [STDERR_REDIRECT] 
2026-03-29 17:47:22,637 [ERROR] LogOutputStream:75 - [STDERR_REDIRECT] [Fatal Error] :1:1: Premature end of file.
2026-03-29 17:47:22,637 [ERROR] LogOutputStream:75 - [STDERR_REDIRECT] 
2026-03-29 17:47:23,632 [ERROR] LogOutputStream:75 - [STDERR_REDIRECT] [Fatal Error] :1:1: Premature end of file.
2026-03-29 17:47:23,632 [ERROR] LogOutputStream:75 - [STDERR_REDIRECT] 
2026-03-29 17:47:24,630 [ERROR] LogOutputStream:75 - [STDERR_REDIRECT] [Fatal Error] :1:1: Premature end of file.
2026-03-29 17:47:24,630 [ERROR] LogOutputStream:75 - [STDERR_REDIRECT] 
2026-03-29 17:47:25,645 [ERROR] LogOutputStream:75 - [STDERR_REDIRECT] [Fatal Error] :1:1: Premature end of file.
2026-03-29 17:47:25,645 [ERROR] LogOutputStream:75 - [STDERR_REDIRECT] 
2026-03-29 17:47:26,636 [ERROR] LogOutputStream:75 - [STDERR_REDIRECT] [Fatal Error] :1:1: Premature end of file.
2026-03-29 17:47:26,636 [ERROR] LogOutputStream:75 - [STDERR_REDIRECT] 
2026-03-29 17:47:27,646 [ERROR] LogOutputStream:75 - [STDERR_REDIRECT] [Fatal Error] :1:1: Premature end of file.
2026-03-29 17:47:27,646 [ERROR] LogOutputStream:75 - [STDERR_REDIRECT] 
2026-03-29 17:47:28,635 [ERROR] LogOutputStream:75 - [STDERR_REDIRECT] [Fatal Error] :1:1: Premature end of file.
2026-03-29 17:47:28,635 [ERROR] LogOutputStream:75 - [STDERR_REDIRECT] 
2026-03-29 17:47:29,636 [ERROR] LogOutputStream:75 - [STDERR_REDIRECT] [Fatal Error] :1:1: Premature end of file.
2026-03-29 17:47:29,636 [ERROR] LogOutputStream:75 - [STDERR_REDIRECT] 
2026-03-29 17:47:30,633 [ERROR] LogOutputStream:75 - [STDERR_REDIRECT] [Fatal Error] :1:1: Premature end of file.
2026-03-29 17:47:30,633 [ERROR] LogOutputStream:75 - [STDERR_REDIRECT] 
2026-03-29 17:47:31,628 [ERROR] LogOutputStream:75 - [STDERR_REDIRECT] [Fatal Error] :1:1: Premature end of file.
2026-03-29 17:47:31,629 [ERROR] LogOutputStream:75 - [STDERR_REDIRECT] 
2026-03-29 17:47:32,695 [ERROR] LogOutputStream:75 - [STDERR_REDIRECT] [Fatal Error] :1:1: Premature end of file.
2026-03-29 17:47:32,695 [ERROR] LogOutputStream:75 - [STDERR_REDIRECT] 
2026-03-29 17:47:33,644 [ERROR] LogOutputStream:75 - [STDERR_REDIRECT] [Fatal Error] :1:1: Premature end of file.
2026-03-29 17:47:33,645 [ERROR] LogOutputStream:75 - [STDERR_REDIRECT] 
2026-03-29 17:47:34,632 [ERROR] LogOutputStream:75 - [STDERR_REDIRECT] [Fatal Error] :1:1: Premature end of file.
2026-03-29 17:47:34,632 [ERROR] LogOutputStream:75 - [STDERR_REDIRECT] 
2026-03-29 17:47:35,629 [ERROR] LogOutputStream:75 - [STDERR_REDIRECT] [Fatal Error] :1:1: Premature end of file.
2026-03-29 17:47:35,629 [ERROR] LogOutputStream:75 - [STDERR_REDIRECT] 
2026-03-29 17:47:36,629 [ERROR] LogOutputStream:75 - [STDERR_REDIRECT] [Fatal Error] :1:1: Premature end of file.
2026-03-29 17:47:36,629 [ERROR] LogOutputStream:75 - [STDERR_REDIRECT] 
2026-03-29 17:47:37,632 [ERROR] LogOutputStream:75 - [STDERR_REDIRECT] [Fatal Error] :1:1: Premature end of file.
2026-03-29 17:47:37,632 [ERROR] LogOutputStream:75 - [STDERR_REDIRECT] 
2026-03-29 17:47:38,643 [ERROR] LogOutputStream:75 - [STDERR_REDIRECT] [Fatal Error] :1:1: Premature end of file.
2026-03-29 17:47:38,643 [ERROR] LogOutputStream:75 - [STDERR_REDIRECT] 
2026-03-29 17:47:39,635 [ERROR] LogOutputStream:75 - [STDERR_REDIRECT] [Fatal Error] :1:1: Premature end of file.
2026-03-29 17:47:39,635 [ERROR] LogOutputStream:75 - [STDERR_REDIRECT] 
2026-03-29 17:47:40,625 [ERROR] LogOutputStream:75 - [STDERR_REDIRECT] [Fatal Error] :1:1: Premature end of file.
2026-03-29 17:47:40,626 [ERROR] LogOutputStream:75 - [STDERR_REDIRECT] 
2026-03-29 17:47:41,636 [ERROR] LogOutputStream:75 - [STDERR_REDIRECT] [Fatal Error] :1:1: Premature end of file.
2026-03-29 17:47:41,636 [ERROR] LogOutputStream:75 - [STDERR_REDIRECT] 
2026-03-29 17:47:42,637 [ERROR] LogOutputStream:75 - [STDERR_REDIRECT] [Fatal Error] :1:1: Premature end of file.
2026-03-29 17:47:42,637 [ERROR] LogOutputStream:75 - [STDERR_REDIRECT] 
2026-03-29 17:47:43,639 [ERROR] LogOutputStream:75 - [STDERR_REDIRECT] [Fatal Error] :1:1: Premature end of file.
2026-03-29 17:47:43,639 [ERROR] LogOutputStream:75 - [STDERR_REDIRECT] 
2026-03-29 17:47:44,639 [ERROR] LogOutputStream:75 - [STDERR_REDIRECT] [Fatal Error] :1:1: Premature end of file.
2026-03-29 17:47:44,639 [ERROR] LogOutputStream:75 - [STDERR_REDIRECT] 
2026-03-29 17:47:45,633 [ERROR] LogOutputStream:75 - [STDERR_REDIRECT] [Fatal Error] :1:1: Premature end of file.
2026-03-29 17:47:45,633 [ERROR] LogOutputStream:75 - [STDERR_REDIRECT] 
2026-03-29 17:47:46,633 [ERROR] LogOutputStream:75 - [STDERR_REDIRECT] [Fatal Error] :1:1: Premature end of file.
2026-03-29 17:47:46,633 [ERROR] LogOutputStream:75 - [STDERR_REDIRECT] 
2026-03-29 17:47:47,664 [ERROR] LogOutputStream:75 - [STDERR_REDIRECT] [Fatal Error] :1:1: Premature end of file.
2026-03-29 17:47:47,664 [ERROR] LogOutputStream:75 - [STDERR_REDIRECT] 
2026-03-29 17:47:48,646 [ERROR] LogOutputStream:75 - [STDERR_REDIRECT] [Fatal Error] :1:1: Premature end of file.
2026-03-29 17:47:48,646 [ERROR] LogOutputStream:75 - [STDERR_REDIRECT] 
2026-03-29 17:47:49,634 [ERROR] LogOutputStream:75 - [STDERR_REDIRECT] [Fatal Error] :1:1: Premature end of file.
2026-03-29 17:47:49,634 [ERROR] LogOutputStream:75 - [STDERR_REDIRECT] 
2026-03-29 17:47:50,653 [ERROR] LogOutputStream:75 - [STDERR_REDIRECT] [Fatal Error] :1:1: Premature end of file.
2026-03-29 17:47:50,653 [ERROR] LogOutputStream:75 - [STDERR_REDIRECT] 
2026-03-29 17:47:51,639 [ERROR] LogOutputStream:75 - [STDERR_REDIRECT] [Fatal Error] :1:1: Premature end of file.
2026-03-29 17:47:51,639 [ERROR] LogOutputStream:75 - [STDERR_REDIRECT] 
2026-03-29 17:47:52,632 [ERROR] LogOutputStream:75 - [STDERR_REDIRECT] [Fatal Error] :1:1: Premature end of file.
2026-03-29 17:47:52,632 [ERROR] LogOutputStream:75 - [STDERR_REDIRECT] 
2026-03-29 17:47:53,633 [ERROR] LogOutputStream:75 - [STDERR_REDIRECT] [Fatal Error] :1:1: Premature end of file.
2026-03-29 17:47:53,633 [ERROR] LogOutputStream:75 - [STDERR_REDIRECT] 
2026-03-29 17:47:54,637 [ERROR] LogOutputStream:75 - [STDERR_REDIRECT] [Fatal Error] :1:1: Premature end of file.
2026-03-29 17:47:54,637 [ERROR] LogOutputStream:75 - [STDERR_REDIRECT] 
2026-03-29 17:47:55,639 [ERROR] LogOutputStream:75 - [STDERR_REDIRECT] [Fatal Error] :1:1: Premature end of file.
2026-03-29 17:47:55,639 [ERROR] LogOutputStream:75 - [STDERR_REDIRECT] 
2026-03-29 17:47:56,637 [ERROR] LogOutputStream:75 - [STDERR_REDIRECT] [Fatal Error] :1:1: Premature end of file.
2026-03-29 17:47:56,637 [ERROR] LogOutputStream:75 - [STDERR_REDIRECT] 
2026-03-29 17:47:57,641 [ERROR] LogOutputStream:75 - [STDERR_REDIRECT] [Fatal Error] :1:1: Premature end of file.
2026-03-29 17:47:57,641 [ERROR] LogOutputStream:75 - [STDERR_REDIRECT] 
2026-03-29 17:47:58,635 [ERROR] LogOutputStream:75 - [STDERR_REDIRECT] [Fatal Error] :1:1: Premature end of file.
2026-03-29 17:47:58,635 [ERROR] LogOutputStream:75 - [STDERR_REDIRECT] 
2026-03-29 17:47:59,638 [ERROR] LogOutputStream:75 - [STDERR_REDIRECT] [Fatal Error] :1:1: Premature end of file.
2026-03-29 17:47:59,638 [ERROR] LogOutputStream:75 - [STDERR_REDIRECT] 
2026-03-29 17:48:00,639 [ERROR] LogOutputStream:75 - [STDERR_REDIRECT] [Fatal Error] :1:1: Premature end of file.
2026-03-29 17:48:00,639 [ERROR] LogOutputStream:75 - [STDERR_REDIRECT] 
2026-03-29 17:48:01,645 [ERROR] LogOutputStream:75 - [STDERR_REDIRECT] [Fatal Error] :1:1: Premature end of file.
2026-03-29 17:48:01,645 [ERROR] LogOutputStream:75 - [STDERR_REDIRECT] 
2026-03-29 17:48:02,632 [ERROR] LogOutputStream:75 - [STDERR_REDIRECT] [Fatal Error] :1:1: Premature end of file.
2026-03-29 17:48:02,633 [ERROR] LogOutputStream:75 - [STDERR_REDIRECT] 
2026-03-29 17:48:03,634 [ERROR] LogOutputStream:75 - [STDERR_REDIRECT] [Fatal Error] :1:1: Premature end of file.
2026-03-29 17:48:03,634 [ERROR] LogOutputStream:75 - [STDERR_REDIRECT] 
2026-03-29 17:48:04,634 [ERROR] LogOutputStream:75 - [STDERR_REDIRECT] [Fatal Error] :1:1: Premature end of file.
2026-03-29 17:48:04,634 [ERROR] LogOutputStream:75 - [STDERR_REDIRECT] 
2026-03-29 17:48:05,641 [ERROR] LogOutputStream:75 - [STDERR_REDIRECT] [Fatal Error] :1:1: Premature end of file.
2026-03-29 17:48:05,641 [ERROR] LogOutputStream:75 - [STDERR_REDIRECT] 
2026-03-29 17:48:06,636 [ERROR] LogOutputStream:75 - [STDERR_REDIRECT] [Fatal Error] :1:1: Premature end of file.
2026-03-29 17:48:06,636 [ERROR] LogOutputStream:75 - [STDERR_REDIRECT] 
2026-03-29 17:48:07,633 [ERROR] LogOutputStream:75 - [STDERR_REDIRECT] [Fatal Error] :1:1: Premature end of file.
2026-03-29 17:48:07,633 [ERROR] LogOutputStream:75 - [STDERR_REDIRECT] 
2026-03-29 17:48:08,636 [ERROR] LogOutputStream:75 - [STDERR_REDIRECT] [Fatal Error] :1:1: Premature end of file.
2026-03-29 17:48:08,636 [ERROR] LogOutputStream:75 - [STDERR_REDIRECT] 
2026-03-29 17:48:09,642 [ERROR] LogOutputStream:75 - [STDERR_REDIRECT] [Fatal Error] :1:1: Premature end of file.
2026-03-29 17:48:09,642 [ERROR] LogOutputStream:75 - [STDERR_REDIRECT] 
2026-03-29 17:48:10,646 [ERROR] LogOutputStream:75 - [STDERR_REDIRECT] [Fatal Error] :1:1: Premature end of file.
2026-03-29 17:48:10,646 [ERROR] LogOutputStream:75 - [STDERR_REDIRECT] 
2026-03-29 17:48:11,643 [ERROR] LogOutputStream:75 - [STDERR_REDIRECT] [Fatal Error] :1:1: Premature end of file.
2026-03-29 17:48:11,643 [ERROR] LogOutputStream:75 - [STDERR_REDIRECT] 
2026-03-29 17:48:12,651 [ERROR] LogOutputStream:75 - [STDERR_REDIRECT] [Fatal Error] :1:1: Premature end of file.
2026-03-29 17:48:12,651 [ERROR] LogOutputStream:75 - [STDERR_REDIRECT] 
2026-03-29 17:48:13,633 [ERROR] LogOutputStream:75 - [STDERR_REDIRECT] [Fatal Error] :1:1: Premature end of file.
2026-03-29 17:48:13,633 [ERROR] LogOutputStream:75 - [STDERR_REDIRECT] 
2026-03-29 17:48:14,632 [ERROR] LogOutputStream:75 - [STDERR_REDIRECT] [Fatal Error] :1:1: Premature end of file.
2026-03-29 17:48:14,632 [ERROR] LogOutputStream:75 - [STDERR_REDIRECT] 
2026-03-29 17:48:15,633 [ERROR] LogOutputStream:75 - [STDERR_REDIRECT] [Fatal Error] :1:1: Premature end of file.
2026-03-29 17:48:15,633 [ERROR] LogOutputStream:75 - [STDERR_REDIRECT] 
2026-03-29 17:48:16,645 [ERROR] LogOutputStream:75 - [STDERR_REDIRECT] [Fatal Error] :1:1: Premature end of file.
2026-03-29 17:48:16,645 [ERROR] LogOutputStream:75 - [STDERR_REDIRECT] 
2026-03-29 17:48:17,640 [ERROR] LogOutputStream:75 - [STDERR_REDIRECT] [Fatal Error] :1:1: Premature end of file.
2026-03-29 17:48:17,640 [ERROR] LogOutputStream:75 - [STDERR_REDIRECT] 
2026-03-29 17:48:18,643 [ERROR] LogOutputStream:75 - [STDERR_REDIRECT] [Fatal Error] :1:1: Premature end of file.
2026-03-29 17:48:18,643 [ERROR] LogOutputStream:75 - [STDERR_REDIRECT] 
2026-03-29 17:48:19,649 [ERROR] LogOutputStream:75 - [STDERR_REDIRECT] [Fatal Error] :1:1: Premature end of file.
2026-03-29 17:48:19,649 [ERROR] LogOutputStream:75 - [STDERR_REDIRECT] 
2026-03-29 17:48:20,638 [ERROR] LogOutputStream:75 - [STDERR_REDIRECT] [Fatal Error] :1:1: Premature end of file.
2026-03-29 17:48:20,638 [ERROR] LogOutputStream:75 - [STDERR_REDIRECT] 
2026-03-29 17:48:21,629 [ERROR] LogOutputStream:75 - [STDERR_REDIRECT] [Fatal Error] :1:1: Premature end of file.
2026-03-29 17:48:21,629 [ERROR] LogOutputStream:75 - [STDERR_REDIRECT] 
2026-03-29 17:48:22,663 [ERROR] LogOutputStream:75 - [STDERR_REDIRECT] [Fatal Error] :1:1: Premature end of file.
2026-03-29 17:48:22,663 [ERROR] LogOutputStream:75 - [STDERR_REDIRECT] 
2026-03-29 17:48:23,632 [ERROR] LogOutputStream:75 - [STDERR_REDIRECT] [Fatal Error] :1:1: Premature end of file.
2026-03-29 17:48:23,632 [ERROR] LogOutputStream:75 - [STDERR_REDIRECT] 
2026-03-29 17:48:24,640 [ERROR] LogOutputStream:75 - [STDERR_REDIRECT] [Fatal Error] :1:1: Premature end of file.
2026-03-29 17:48:24,640 [ERROR] LogOutputStream:75 - [STDERR_REDIRECT] 
2026-03-29 17:48:25,639 [ERROR] LogOutputStream:75 - [STDERR_REDIRECT] [Fatal Error] :1:1: Premature end of file.
2026-03-29 17:48:25,639 [ERROR] LogOutputStream:75 - [STDERR_REDIRECT] 
2026-03-29 17:48:26,639 [ERROR] LogOutputStream:75 - [STDERR_REDIRECT] [Fatal Error] :1:1: Premature end of file.
2026-03-29 17:48:26,639 [ERROR] LogOutputStream:75 - [STDERR_REDIRECT] 
2026-03-29 17:48:27,632 [ERROR] LogOutputStream:75 - [STDERR_REDIRECT] [Fatal Error] :1:1: Premature end of file.
2026-03-29 17:48:27,632 [ERROR] LogOutputStream:75 - [STDERR_REDIRECT] 
2026-03-29 17:48:28,648 [ERROR] LogOutputStream:75 - [STDERR_REDIRECT] [Fatal Error] :1:1: Premature end of file.
2026-03-29 17:48:28,648 [ERROR] LogOutputStream:75 - [STDERR_REDIRECT] 
2026-03-29 17:48:29,631 [ERROR] LogOutputStream:75 - [STDERR_REDIRECT] [Fatal Error] :1:1: Premature end of file.
2026-03-29 17:48:29,631 [ERROR] LogOutputStream:75 - [STDERR_REDIRECT] 
2026-03-29 17:48:30,637 [ERROR] LogOutputStream:75 - [STDERR_REDIRECT] [Fatal Error] :1:1: Premature end of file.
2026-03-29 17:48:30,637 [ERROR] LogOutputStream:75 - [STDERR_REDIRECT] 
2026-03-29 17:48:31,638 [ERROR] LogOutputStream:75 - [STDERR_REDIRECT] [Fatal Error] :1:1: Premature end of file.
2026-03-29 17:48:31,638 [ERROR] LogOutputStream:75 - [STDERR_REDIRECT] 
2026-03-29 17:48:32,630 [ERROR] LogOutputStream:75 - [STDERR_REDIRECT] [Fatal Error] :1:1: Premature end of file.
2026-03-29 17:48:32,630 [ERROR] LogOutputStream:75 - [STDERR_REDIRECT] 
2026-03-29 17:48:33,635 [ERROR] LogOutputStream:75 - [STDERR_REDIRECT] [Fatal Error] :1:1: Premature end of file.
2026-03-29 17:48:33,636 [ERROR] LogOutputStream:75 - [STDERR_REDIRECT] 
2026-03-29 17:48:34,632 [ERROR] LogOutputStream:75 - [STDERR_REDIRECT] [Fatal Error] :1:1: Premature end of file.
2026-03-29 17:48:34,632 [ERROR] LogOutputStream:75 - [STDERR_REDIRECT] 
2026-03-29 17:48:35,633 [ERROR] LogOutputStream:75 - [STDERR_REDIRECT] [Fatal Error] :1:1: Premature end of file.
2026-03-29 17:48:35,634 [ERROR] LogOutputStream:75 - [STDERR_REDIRECT] 
2026-03-29 17:48:36,653 [ERROR] LogOutputStream:75 - [STDERR_REDIRECT] [Fatal Error] :1:1: Premature end of file.
2026-03-29 17:48:36,653 [ERROR] LogOutputStream:75 - [STDERR_REDIRECT] 
2026-03-29 17:48:37,635 [ERROR] LogOutputStream:75 - [STDERR_REDIRECT] [Fatal Error] :1:1: Premature end of file.
2026-03-29 17:48:37,635 [ERROR] LogOutputStream:75 - [STDERR_REDIRECT] 
2026-03-29 17:48:38,640 [ERROR] LogOutputStream:75 - [STDERR_REDIRECT] [Fatal Error] :1:1: Premature end of file.
2026-03-29 17:48:38,640 [ERROR] LogOutputStream:75 - [STDERR_REDIRECT] 
2026-03-29 17:48:39,651 [ERROR] LogOutputStream:75 - [STDERR_REDIRECT] [Fatal Error] :1:1: Premature end of file.
2026-03-29 17:48:39,651 [ERROR] LogOutputStream:75 - [STDERR_REDIRECT] 
2026-03-29 17:48:40,638 [ERROR] LogOutputStream:75 - [STDERR_REDIRECT] [Fatal Error] :1:1: Premature end of file.
2026-03-29 17:48:40,638 [ERROR] LogOutputStream:75 - [STDERR_REDIRECT] 
2026-03-29 17:48:41,633 [ERROR] LogOutputStream:75 - [STDERR_REDIRECT] [Fatal Error] :1:1: Premature end of file.
2026-03-29 17:48:41,634 [ERROR] LogOutputStream:75 - [STDERR_REDIRECT] 
2026-03-29 17:48:42,641 [ERROR] LogOutputStream:75 - [STDERR_REDIRECT] [Fatal Error] :1:1: Premature end of file.
2026-03-29 17:48:42,641 [ERROR] LogOutputStream:75 - [STDERR_REDIRECT] 
2026-03-29 17:48:43,626 [ERROR] LogOutputStream:75 - [STDERR_REDIRECT] [Fatal Error] :1:1: Premature end of file.
2026-03-29 17:48:43,626 [ERROR] LogOutputStream:75 - [STDERR_REDIRECT] 
2026-03-29 17:48:44,630 [ERROR] LogOutputStream:75 - [STDERR_REDIRECT] [Fatal Error] :1:1: Premature end of file.
2026-03-29 17:48:44,630 [ERROR] LogOutputStream:75 - [STDERR_REDIRECT] 
2026-03-29 17:48:45,637 [ERROR] LogOutputStream:75 - [STDERR_REDIRECT] [Fatal Error] :1:1: Premature end of file.
2026-03-29 17:48:45,637 [ERROR] LogOutputStream:75 - [STDERR_REDIRECT] 
2026-03-29 17:48:46,630 [ERROR] LogOutputStream:75 - [STDERR_REDIRECT] [Fatal Error] :1:1: Premature end of file.
2026-03-29 17:48:46,630 [ERROR] LogOutputStream:75 - [STDERR_REDIRECT] 
2026-03-29 17:48:47,625 [ERROR] LogOutputStream:75 - [STDERR_REDIRECT] [Fatal Error] :1:1: Premature end of file.
2026-03-29 17:48:47,625 [ERROR] LogOutputStream:75 - [STDERR_REDIRECT] 
2026-03-29 17:48:48,633 [ERROR] LogOutputStream:75 - [STDERR_REDIRECT] [Fatal Error] :1:1: Premature end of file.
2026-03-29 17:48:48,633 [ERROR] LogOutputStream:75 - [STDERR_REDIRECT] 
2026-03-29 17:48:49,967 [ERROR] LogOutputStream:75 - [STDERR_REDIRECT] [Fatal Error] :1:1: Premature end of file.
2026-03-29 17:48:49,968 [ERROR] LogOutputStream:75 - [STDERR_REDIRECT] 
2026-03-29 17:48:50,637 [ERROR] LogOutputStream:75 - [STDERR_REDIRECT] [Fatal Error] :1:1: Premature end of file.
2026-03-29 17:48:50,637 [ERROR] LogOutputStream:75 - [STDERR_REDIRECT] 
2026-03-29 17:48:51,634 [ERROR] LogOutputStream:75 - [STDERR_REDIRECT] [Fatal Error] :1:1: Premature end of file.
2026-03-29 17:48:51,634 [ERROR] LogOutputStream:75 - [STDERR_REDIRECT] 
2026-03-29 17:48:52,635 [ERROR] LogOutputStream:75 - [STDERR_REDIRECT] [Fatal Error] :1:1: Premature end of file.
2026-03-29 17:48:52,636 [ERROR] LogOutputStream:75 - [STDERR_REDIRECT] 
2026-03-29 17:48:53,638 [ERROR] LogOutputStream:75 - [STDERR_REDIRECT] [Fatal Error] :1:1: Premature end of file.
2026-03-29 17:48:53,638 [ERROR] LogOutputStream:75 - [STDERR_REDIRECT] 
2026-03-29 17:48:54,627 [ERROR] LogOutputStream:75 - [STDERR_REDIRECT] [Fatal Error] :1:1: Premature end of file.
2026-03-29 17:48:54,629 [ERROR] LogOutputStream:75 - [STDERR_REDIRECT] 
2026-03-29 17:48:55,676 [ERROR] LogOutputStream:75 - [STDERR_REDIRECT] [Fatal Error] :1:1: Premature end of file.
2026-03-29 17:48:55,677 [ERROR] LogOutputStream:75 - [STDERR_REDIRECT] 
2026-03-29 17:48:56,641 [ERROR] LogOutputStream:75 - [STDERR_REDIRECT] [Fatal Error] :1:1: Premature end of file.
2026-03-29 17:48:56,641 [ERROR] LogOutputStream:75 - [STDERR_REDIRECT] 
2026-03-29 17:48:57,638 [ERROR] LogOutputStream:75 - [STDERR_REDIRECT] [Fatal Error] :1:1: Premature end of file.
2026-03-29 17:48:57,638 [ERROR] LogOutputStream:75 - [STDERR_REDIRECT] 
2026-03-29 17:48:58,629 [ERROR] LogOutputStream:75 - [STDERR_REDIRECT] [Fatal Error] :1:1: Premature end of file.
2026-03-29 17:48:58,629 [ERROR] LogOutputStream:75 - [STDERR_REDIRECT] 
2026-03-29 17:48:59,636 [ERROR] LogOutputStream:75 - [STDERR_REDIRECT] [Fatal Error] :1:1: Premature end of file.
2026-03-29 17:48:59,637 [ERROR] LogOutputStream:75 - [STDERR_REDIRECT] 
2026-03-29 17:49:00,640 [ERROR] LogOutputStream:75 - [STDERR_REDIRECT] [Fatal Error] :1:1: Premature end of file.
2026-03-29 17:49:00,640 [ERROR] LogOutputStream:75 - [STDERR_REDIRECT] 
2026-03-29 17:49:01,643 [ERROR] LogOutputStream:75 - [STDERR_REDIRECT] [Fatal Error] :1:1: Premature end of file.
2026-03-29 17:49:01,643 [ERROR] LogOutputStream:75 - [STDERR_REDIRECT] 
2026-03-29 17:49:02,639 [ERROR] LogOutputStream:75 - [STDERR_REDIRECT] [Fatal Error] :1:1: Premature end of file.
2026-03-29 17:49:02,639 [ERROR] LogOutputStream:75 - [STDERR_REDIRECT] 
2026-03-29 17:49:03,627 [ERROR] LogOutputStream:75 - [STDERR_REDIRECT] [Fatal Error] :1:1: Premature end of file.
2026-03-29 17:49:03,628 [ERROR] LogOutputStream:75 - [STDERR_REDIRECT] 
2026-03-29 17:49:04,638 [ERROR] LogOutputStream:75 - [STDERR_REDIRECT] [Fatal Error] :1:1: Premature end of file.
2026-03-29 17:49:04,639 [ERROR] LogOutputStream:75 - [STDERR_REDIRECT] 
2026-03-29 17:49:05,637 [ERROR] LogOutputStream:75 - [STDERR_REDIRECT] [Fatal Error] :1:1: Premature end of file.
2026-03-29 17:49:05,637 [ERROR] LogOutputStream:75 - [STDERR_REDIRECT] 
2026-03-29 17:49:06,628 [ERROR] LogOutputStream:75 - [STDERR_REDIRECT] [Fatal Error] :1:1: Premature end of file.
2026-03-29 17:49:06,628 [ERROR] LogOutputStream:75 - [STDERR_REDIRECT] 
2026-03-29 17:49:07,635 [ERROR] LogOutputStream:75 - [STDERR_REDIRECT] [Fatal Error] :1:1: Premature end of file.
2026-03-29 17:49:07,635 [ERROR] LogOutputStream:75 - [STDERR_REDIRECT] 
2026-03-29 17:49:08,644 [ERROR] LogOutputStream:75 - [STDERR_REDIRECT] [Fatal Error] :1:1: Premature end of file.
2026-03-29 17:49:08,644 [ERROR] LogOutputStream:75 - [STDERR_REDIRECT] 
2026-03-29 17:49:09,634 [ERROR] LogOutputStream:75 - [STDERR_REDIRECT] [Fatal Error] :1:1: Premature end of file.
2026-03-29 17:49:09,634 [ERROR] LogOutputStream:75 - [STDERR_REDIRECT] 
2026-03-29 17:49:10,638 [ERROR] LogOutputStream:75 - [STDERR_REDIRECT] [Fatal Error] :1:1: Premature end of file.
2026-03-29 17:49:10,638 [ERROR] LogOutputStream:75 - [STDERR_REDIRECT] 
2026-03-29 17:49:11,632 [ERROR] LogOutputStream:75 - [STDERR_REDIRECT] [Fatal Error] :1:1: Premature end of file.
2026-03-29 17:49:11,632 [ERROR] LogOutputStream:75 - [STDERR_REDIRECT] 
2026-03-29 17:49:12,648 [ERROR] LogOutputStream:75 - [STDERR_REDIRECT] [Fatal Error] :1:1: Premature end of file.
2026-03-29 17:49:12,648 [ERROR] LogOutputStream:75 - [STDERR_REDIRECT] 
2026-03-29 17:49:13,638 [ERROR] LogOutputStream:75 - [STDERR_REDIRECT] [Fatal Error] :1:1: Premature end of file.
2026-03-29 17:49:13,638 [ERROR] LogOutputStream:75 - [STDERR_REDIRECT] 
2026-03-29 17:49:14,640 [ERROR] LogOutputStream:75 - [STDERR_REDIRECT] [Fatal Error] :1:1: Premature end of file.
2026-03-29 17:49:14,640 [ERROR] LogOutputStream:75 - [STDERR_REDIRECT] 
2026-03-29 17:49:15,625 [ERROR] LogOutputStream:75 - [STDERR_REDIRECT] [Fatal Error] :1:1: Premature end of file.
2026-03-29 17:49:15,625 [ERROR] LogOutputStream:75 - [STDERR_REDIRECT] 
2026-03-29 17:49:16,632 [ERROR] LogOutputStream:75 - [STDERR_REDIRECT] [Fatal Error] :1:1: Premature end of file.
2026-03-29 17:49:16,632 [ERROR] LogOutputStream:75 - [STDERR_REDIRECT] 
2026-03-29 17:49:17,630 [ERROR] LogOutputStream:75 - [STDERR_REDIRECT] [Fatal Error] :1:1: Premature end of file.
2026-03-29 17:49:17,630 [ERROR] LogOutputStream:75 - [STDERR_REDIRECT] 
2026-03-29 17:49:18,632 [ERROR] LogOutputStream:75 - [STDERR_REDIRECT] [Fatal Error] :1:1: Premature end of file.
2026-03-29 17:49:18,632 [ERROR] LogOutputStream:75 - [STDERR_REDIRECT] 
2026-03-29 17:49:19,627 [ERROR] LogOutputStream:75 - [STDERR_REDIRECT] [Fatal Error] :1:1: Premature end of file.
2026-03-29 17:49:19,627 [ERROR] LogOutputStream:75 - [STDERR_REDIRECT] 
2026-03-29 17:49:20,630 [ERROR] LogOutputStream:75 - [STDERR_REDIRECT] [Fatal Error] :1:1: Premature end of file.
2026-03-29 17:49:20,631 [ERROR] LogOutputStream:75 - [STDERR_REDIRECT] 
2026-03-29 17:49:21,632 [ERROR] LogOutputStream:75 - [STDERR_REDIRECT] [Fatal Error] :1:1: Premature end of file.
2026-03-29 17:49:21,632 [ERROR] LogOutputStream:75 - [STDERR_REDIRECT] 
2026-03-29 17:49:22,639 [ERROR] LogOutputStream:75 - [STDERR_REDIRECT] [Fatal Error] :1:1: Premature end of file.
2026-03-29 17:49:22,639 [ERROR] LogOutputStream:75 - [STDERR_REDIRECT] 
2026-03-29 17:49:23,681 [ERROR] LogOutputStream:75 - [STDERR_REDIRECT] [Fatal Error] :1:1: Premature end of file.
2026-03-29 17:49:23,681 [ERROR] LogOutputStream:75 - [STDERR_REDIRECT] 
2026-03-29 17:49:24,643 [ERROR] LogOutputStream:75 - [STDERR_REDIRECT] [Fatal Error] :1:1: Premature end of file.
2026-03-29 17:49:24,643 [ERROR] LogOutputStream:75 - [STDERR_REDIRECT] 
2026-03-29 17:49:25,637 [ERROR] LogOutputStream:75 - [STDERR_REDIRECT] [Fatal Error] :1:1: Premature end of file.
2026-03-29 17:49:25,638 [ERROR] LogOutputStream:75 - [STDERR_REDIRECT] 
2026-03-29 17:49:26,644 [ERROR] LogOutputStream:75 - [STDERR_REDIRECT] [Fatal Error] :1:1: Premature end of file.
2026-03-29 17:49:26,644 [ERROR] LogOutputStream:75 - [STDERR_REDIRECT] 
2026-03-29 17:49:27,634 [ERROR] LogOutputStream:75 - [STDERR_REDIRECT] [Fatal Error] :1:1: Premature end of file.
2026-03-29 17:49:27,634 [ERROR] LogOutputStream:75 - [STDERR_REDIRECT] 
2026-03-29 17:49:28,637 [ERROR] LogOutputStream:75 - [STDERR_REDIRECT] [Fatal Error] :1:1: Premature end of file.
2026-03-29 17:49:28,637 [ERROR] LogOutputStream:75 - [STDERR_REDIRECT] 
2026-03-29 17:49:29,642 [ERROR] LogOutputStream:75 - [STDERR_REDIRECT] [Fatal Error] :1:1: Premature end of file.
2026-03-29 17:49:29,642 [ERROR] LogOutputStream:75 - [STDERR_REDIRECT] 
2026-03-29 17:49:30,637 [ERROR] LogOutputStream:75 - [STDERR_REDIRECT] [Fatal Error] :1:1: Premature end of file.
2026-03-29 17:49:30,637 [ERROR] LogOutputStream:75 - [STDERR_REDIRECT] 
2026-03-29 17:49:31,648 [ERROR] LogOutputStream:75 - [STDERR_REDIRECT] [Fatal Error] :1:1: Premature end of file.
2026-03-29 17:49:31,648 [ERROR] LogOutputStream:75 - [STDERR_REDIRECT] 
2026-03-29 17:49:32,639 [ERROR] LogOutputStream:75 - [STDERR_REDIRECT] [Fatal Error] :1:1: Premature end of file.
2026-03-29 17:49:32,640 [ERROR] LogOutputStream:75 - [STDERR_REDIRECT] 
2026-03-29 17:49:33,627 [ERROR] LogOutputStream:75 - [STDERR_REDIRECT] [Fatal Error] :1:1: Premature end of file.
2026-03-29 17:49:33,627 [ERROR] LogOutputStream:75 - [STDERR_REDIRECT] 
2026-03-29 17:49:34,637 [ERROR] LogOutputStream:75 - [STDERR_REDIRECT] [Fatal Error] :1:1: Premature end of file.
2026-03-29 17:49:34,638 [ERROR] LogOutputStream:75 - [STDERR_REDIRECT] 
2026-03-29 17:49:35,635 [ERROR] LogOutputStream:75 - [STDERR_REDIRECT] [Fatal Error] :1:1: Premature end of file.
2026-03-29 17:49:35,635 [ERROR] LogOutputStream:75 - [STDERR_REDIRECT] 
2026-03-29 17:49:36,638 [ERROR] LogOutputStream:75 - [STDERR_REDIRECT] [Fatal Error] :1:1: Premature end of file.
2026-03-29 17:49:36,638 [ERROR] LogOutputStream:75 - [STDERR_REDIRECT] 
2026-03-29 17:49:37,638 [ERROR] LogOutputStream:75 - [STDERR_REDIRECT] [Fatal Error] :1:1: Premature end of file.
2026-03-29 17:49:37,638 [ERROR] LogOutputStream:75 - [STDERR_REDIRECT] 
2026-03-29 17:49:38,640 [ERROR] LogOutputStream:75 - [STDERR_REDIRECT] [Fatal Error] :1:1: Premature end of file.
2026-03-29 17:49:38,640 [ERROR] LogOutputStream:75 - [STDERR_REDIRECT] 
2026-03-29 17:49:39,630 [ERROR] LogOutputStream:75 - [STDERR_REDIRECT] [Fatal Error] :1:1: Premature end of file.
2026-03-29 17:49:39,630 [ERROR] LogOutputStream:75 - [STDERR_REDIRECT] 
2026-03-29 17:49:40,636 [ERROR] LogOutputStream:75 - [STDERR_REDIRECT] [Fatal Error] :1:1: Premature end of file.
2026-03-29 17:49:40,636 [ERROR] LogOutputStream:75 - [STDERR_REDIRECT] 
2026-03-29 17:49:41,628 [ERROR] LogOutputStream:75 - [STDERR_REDIRECT] [Fatal Error] :1:1: Premature end of file.
2026-03-29 17:49:41,628 [ERROR] LogOutputStream:75 - [STDERR_REDIRECT] 
2026-03-29 17:49:42,634 [ERROR] LogOutputStream:75 - [STDERR_REDIRECT] [Fatal Error] :1:1: Premature end of file.
2026-03-29 17:49:42,634 [ERROR] LogOutputStream:75 - [STDERR_REDIRECT] 
2026-03-29 17:49:43,639 [ERROR] LogOutputStream:75 - [STDERR_REDIRECT] [Fatal Error] :1:1: Premature end of file.
2026-03-29 17:49:43,639 [ERROR] LogOutputStream:75 - [STDERR_REDIRECT] 
2026-03-29 17:49:44,632 [ERROR] LogOutputStream:75 - [STDERR_REDIRECT] [Fatal Error] :1:1: Premature end of file.
2026-03-29 17:49:44,632 [ERROR] LogOutputStream:75 - [STDERR_REDIRECT] 
2026-03-29 17:49:45,634 [ERROR] LogOutputStream:75 - [STDERR_REDIRECT] [Fatal Error] :1:1: Premature end of file.
2026-03-29 17:49:45,635 [ERROR] LogOutputStream:75 - [STDERR_REDIRECT] 
2026-03-29 17:49:46,646 [ERROR] LogOutputStream:75 - [STDERR_REDIRECT] [Fatal Error] :1:1: Premature end of file.
2026-03-29 17:49:46,647 [ERROR] LogOutputStream:75 - [STDERR_REDIRECT] 
2026-03-29 17:49:47,631 [ERROR] LogOutputStream:75 - [STDERR_REDIRECT] [Fatal Error] :1:1: Premature end of file.
2026-03-29 17:49:47,631 [ERROR] LogOutputStream:75 - [STDERR_REDIRECT] 
2026-03-29 17:49:48,634 [ERROR] LogOutputStream:75 - [STDERR_REDIRECT] [Fatal Error] :1:1: Premature end of file.
2026-03-29 17:49:48,634 [ERROR] LogOutputStream:75 - [STDERR_REDIRECT] 
2026-03-29 17:49:49,642 [ERROR] LogOutputStream:75 - [STDERR_REDIRECT] [Fatal Error] :1:1: Premature end of file.
2026-03-29 17:49:49,642 [ERROR] LogOutputStream:75 - [STDERR_REDIRECT] 
2026-03-29 17:49:50,639 [ERROR] LogOutputStream:75 - [STDERR_REDIRECT] [Fatal Error] :1:1: Premature end of file.
2026-03-29 17:49:50,641 [ERROR] LogOutputStream:75 - [STDERR_REDIRECT] 
2026-03-29 17:49:51,644 [ERROR] LogOutputStream:75 - [STDERR_REDIRECT] [Fatal Error] :1:1: Premature end of file.
2026-03-29 17:49:51,644 [ERROR] LogOutputStream:75 - [STDERR_REDIRECT] 
2026-03-29 17:49:52,641 [ERROR] LogOutputStream:75 - [STDERR_REDIRECT] [Fatal Error] :1:1: Premature end of file.
2026-03-29 17:49:52,641 [ERROR] LogOutputStream:75 - [STDERR_REDIRECT] 
2026-03-29 17:49:53,627 [ERROR] LogOutputStream:75 - [STDERR_REDIRECT] [Fatal Error] :1:1: Premature end of file.
2026-03-29 17:49:53,627 [ERROR] LogOutputStream:75 - [STDERR_REDIRECT] 
2026-03-29 17:49:54,634 [ERROR] LogOutputStream:75 - [STDERR_REDIRECT] [Fatal Error] :1:1: Premature end of file.
2026-03-29 17:49:54,634 [ERROR] LogOutputStream:75 - [STDERR_REDIRECT] 
2026-03-29 17:49:55,636 [ERROR] LogOutputStream:75 - [STDERR_REDIRECT] [Fatal Error] :1:1: Premature end of file.
2026-03-29 17:49:55,636 [ERROR] LogOutputStream:75 - [STDERR_REDIRECT] 
2026-03-29 17:49:56,625 [ERROR] LogOutputStream:75 - [STDERR_REDIRECT] [Fatal Error] :1:1: Premature end of file.
2026-03-29 17:49:56,626 [ERROR] LogOutputStream:75 - [STDERR_REDIRECT] 
2026-03-29 17:49:57,634 [ERROR] LogOutputStream:75 - [STDERR_REDIRECT] [Fatal Error] :1:1: Premature end of file.
2026-03-29 17:49:57,634 [ERROR] LogOutputStream:75 - [STDERR_REDIRECT] 
2026-03-29 17:49:58,632 [ERROR] LogOutputStream:75 - [STDERR_REDIRECT] [Fatal Error] :1:1: Premature end of file.
2026-03-29 17:49:58,632 [ERROR] LogOutputStream:75 - [STDERR_REDIRECT] 
2026-03-29 17:49:59,642 [ERROR] LogOutputStream:75 - [STDERR_REDIRECT] [Fatal Error] :1:1: Premature end of file.
2026-03-29 17:49:59,642 [ERROR] LogOutputStream:75 - [STDERR_REDIRECT] 
2026-03-29 17:50:00,633 [ERROR] LogOutputStream:75 - [STDERR_REDIRECT] [Fatal Error] :1:1: Premature end of file.
2026-03-29 17:50:00,633 [ERROR] LogOutputStream:75 - [STDERR_REDIRECT] 
2026-03-29 17:50:01,654 [ERROR] LogOutputStream:75 - [STDERR_REDIRECT] [Fatal Error] :1:1: Premature end of file.
2026-03-29 17:50:01,654 [ERROR] LogOutputStream:75 - [STDERR_REDIRECT] 
2026-03-29 17:50:02,645 [ERROR] LogOutputStream:75 - [STDERR_REDIRECT] [Fatal Error] :1:1: Premature end of file.
2026-03-29 17:50:02,646 [ERROR] LogOutputStream:75 - [STDERR_REDIRECT] 
2026-03-29 17:50:03,634 [ERROR] LogOutputStream:75 - [STDERR_REDIRECT] [Fatal Error] :1:1: Premature end of file.
2026-03-29 17:50:03,635 [ERROR] LogOutputStream:75 - [STDERR_REDIRECT] 
2026-03-29 17:50:04,639 [ERROR] LogOutputStream:75 - [STDERR_REDIRECT] [Fatal Error] :1:1: Premature end of file.
2026-03-29 17:50:04,640 [ERROR] LogOutputStream:75 - [STDERR_REDIRECT] 
2026-03-29 17:50:05,627 [ERROR] LogOutputStream:75 - [STDERR_REDIRECT] [Fatal Error] :1:1: Premature end of file.
2026-03-29 17:50:05,627 [ERROR] LogOutputStream:75 - [STDERR_REDIRECT] 
2026-03-29 17:50:06,627 [ERROR] LogOutputStream:75 - [STDERR_REDIRECT] [Fatal Error] :1:1: Premature end of file.
2026-03-29 17:50:06,627 [ERROR] LogOutputStream:75 - [STDERR_REDIRECT] 
2026-03-29 17:50:07,632 [ERROR] LogOutputStream:75 - [STDERR_REDIRECT] [Fatal Error] :1:1: Premature end of file.
2026-03-29 17:50:07,632 [ERROR] LogOutputStream:75 - [STDERR_REDIRECT] 
2026-03-29 17:50:08,640 [ERROR] LogOutputStream:75 - [STDERR_REDIRECT] [Fatal Error] :1:1: Premature end of file.
2026-03-29 17:50:08,640 [ERROR] LogOutputStream:75 - [STDERR_REDIRECT] 
2026-03-29 17:50:09,626 [ERROR] LogOutputStream:75 - [STDERR_REDIRECT] [Fatal Error] :1:1: Premature end of file.
2026-03-29 17:50:09,626 [ERROR] LogOutputStream:75 - [STDERR_REDIRECT] 
2026-03-29 17:50:10,632 [ERROR] LogOutputStream:75 - [STDERR_REDIRECT] [Fatal Error] :1:1: Premature end of file.
2026-03-29 17:50:10,632 [ERROR] LogOutputStream:75 - [STDERR_REDIRECT] 
2026-03-29 17:50:11,637 [ERROR] LogOutputStream:75 - [STDERR_REDIRECT] [Fatal Error] :1:1: Premature end of file.
2026-03-29 17:50:11,637 [ERROR] LogOutputStream:75 - [STDERR_REDIRECT] 
2026-03-29 17:50:12,639 [ERROR] LogOutputStream:75 - [STDERR_REDIRECT] [Fatal Error] :1:1: Premature end of file.
2026-03-29 17:50:12,639 [ERROR] LogOutputStream:75 - [STDERR_REDIRECT] 
2026-03-29 17:50:13,639 [ERROR] LogOutputStream:75 - [STDERR_REDIRECT] [Fatal Error] :1:1: Premature end of file.
2026-03-29 17:50:13,639 [ERROR] LogOutputStream:75 - [STDERR_REDIRECT] 
2026-03-29 17:50:14,635 [ERROR] LogOutputStream:75 - [STDERR_REDIRECT] [Fatal Error] :1:1: Premature end of file.
2026-03-29 17:50:14,635 [ERROR] LogOutputStream:75 - [STDERR_REDIRECT] 
2026-03-29 17:50:15,677 [ERROR] LogOutputStream:75 - [STDERR_REDIRECT] [Fatal Error] :1:1: Premature end of file.
2026-03-29 17:50:15,677 [ERROR] LogOutputStream:75 - [STDERR_REDIRECT] 
2026-03-29 17:50:16,631 [ERROR] LogOutputStream:75 - [STDERR_REDIRECT] [Fatal Error] :1:1: Premature end of file.
2026-03-29 17:50:16,631 [ERROR] LogOutputStream:75 - [STDERR_REDIRECT] 
2026-03-29 17:50:17,632 [ERROR] LogOutputStream:75 - [STDERR_REDIRECT] [Fatal Error] :1:1: Premature end of file.
2026-03-29 17:50:17,633 [ERROR] LogOutputStream:75 - [STDERR_REDIRECT] 
2026-03-29 17:50:18,648 [ERROR] LogOutputStream:75 - [STDERR_REDIRECT] [Fatal Error] :1:1: Premature end of file.
2026-03-29 17:50:18,649 [ERROR] LogOutputStream:75 - [STDERR_REDIRECT] 
2026-03-29 17:50:19,630 [ERROR] LogOutputStream:75 - [STDERR_REDIRECT] [Fatal Error] :1:1: Premature end of file.
2026-03-29 17:50:19,630 [ERROR] LogOutputStream:75 - [STDERR_REDIRECT] 
2026-03-29 17:50:20,631 [ERROR] LogOutputStream:75 - [STDERR_REDIRECT] [Fatal Error] :1:1: Premature end of file.
2026-03-29 17:50:20,631 [ERROR] LogOutputStream:75 - [STDERR_REDIRECT] 
2026-03-29 17:50:21,634 [ERROR] LogOutputStream:75 - [STDERR_REDIRECT] [Fatal Error] :1:1: Premature end of file.
2026-03-29 17:50:21,634 [ERROR] LogOutputStream:75 - [STDERR_REDIRECT] 
2026-03-29 17:50:22,639 [ERROR] LogOutputStream:75 - [STDERR_REDIRECT] [Fatal Error] :1:1: Premature end of file.
2026-03-29 17:50:22,639 [ERROR] LogOutputStream:75 - [STDERR_REDIRECT] 
2026-03-29 17:50:23,642 [ERROR] LogOutputStream:75 - [STDERR_REDIRECT] [Fatal Error] :1:1: Premature end of file.
2026-03-29 17:50:23,642 [ERROR] LogOutputStream:75 - [STDERR_REDIRECT] 
2026-03-29 17:50:24,637 [ERROR] LogOutputStream:75 - [STDERR_REDIRECT] [Fatal Error] :1:1: Premature end of file.
2026-03-29 17:50:24,637 [ERROR] LogOutputStream:75 - [STDERR_REDIRECT] 
2026-03-29 17:50:25,631 [ERROR] LogOutputStream:75 - [STDERR_REDIRECT] [Fatal Error] :1:1: Premature end of file.
2026-03-29 17:50:25,631 [ERROR] LogOutputStream:75 - [STDERR_REDIRECT] 
2026-03-29 17:50:26,642 [ERROR] LogOutputStream:75 - [STDERR_REDIRECT] [Fatal Error] :1:1: Premature end of file.
2026-03-29 17:50:26,642 [ERROR] LogOutputStream:75 - [STDERR_REDIRECT] 
2026-03-29 17:50:27,638 [ERROR] LogOutputStream:75 - [STDERR_REDIRECT] [Fatal Error] :1:1: Premature end of file.
2026-03-29 17:50:27,639 [ERROR] LogOutputStream:75 - [STDERR_REDIRECT] 
2026-03-29 17:50:28,634 [ERROR] LogOutputStream:75 - [STDERR_REDIRECT] [Fatal Error] :1:1: Premature end of file.
2026-03-29 17:50:28,634 [ERROR] LogOutputStream:75 - [STDERR_REDIRECT] 
2026-03-29 17:50:29,645 [ERROR] LogOutputStream:75 - [STDERR_REDIRECT] [Fatal Error] :1:1: Premature end of file.
2026-03-29 17:50:29,645 [ERROR] LogOutputStream:75 - [STDERR_REDIRECT] 
2026-03-29 17:50:30,641 [ERROR] LogOutputStream:75 - [STDERR_REDIRECT] [Fatal Error] :1:1: Premature end of file.
2026-03-29 17:50:30,641 [ERROR] LogOutputStream:75 - [STDERR_REDIRECT] 
2026-03-29 17:50:31,634 [ERROR] LogOutputStream:75 - [STDERR_REDIRECT] [Fatal Error] :1:1: Premature end of file.
2026-03-29 17:50:31,634 [ERROR] LogOutputStream:75 - [STDERR_REDIRECT] 
2026-03-29 17:50:32,635 [ERROR] LogOutputStream:75 - [STDERR_REDIRECT] [Fatal Error] :1:1: Premature end of file.
2026-03-29 17:50:32,635 [ERROR] LogOutputStream:75 - [STDERR_REDIRECT] 
2026-03-29 17:50:33,628 [ERROR] LogOutputStream:75 - [STDERR_REDIRECT] [Fatal Error] :1:1: Premature end of file.
2026-03-29 17:50:33,628 [ERROR] LogOutputStream:75 - [STDERR_REDIRECT] 
2026-03-29 17:50:34,631 [ERROR] LogOutputStream:75 - [STDERR_REDIRECT] [Fatal Error] :1:1: Premature end of file.
2026-03-29 17:50:34,631 [ERROR] LogOutputStream:75 - [STDERR_REDIRECT] 
2026-03-29 17:50:35,636 [ERROR] LogOutputStream:75 - [STDERR_REDIRECT] [Fatal Error] :1:1: Premature end of file.
2026-03-29 17:50:35,636 [ERROR] LogOutputStream:75 - [STDERR_REDIRECT] 
2026-03-29 17:50:36,627 [ERROR] LogOutputStream:75 - [STDERR_REDIRECT] [Fatal Error] :1:1: Premature end of file.
2026-03-29 17:50:36,627 [ERROR] LogOutputStream:75 - [STDERR_REDIRECT] 
2026-03-29 17:50:37,635 [ERROR] LogOutputStream:75 - [STDERR_REDIRECT] [Fatal Error] :1:1: Premature end of file.
2026-03-29 17:50:37,636 [ERROR] LogOutputStream:75 - [STDERR_REDIRECT] 
2026-03-29 17:50:38,641 [ERROR] LogOutputStream:75 - [STDERR_REDIRECT] [Fatal Error] :1:1: Premature end of file.
2026-03-29 17:50:38,641 [ERROR] LogOutputStream:75 - [STDERR_REDIRECT] 
2026-03-29 17:50:39,641 [ERROR] LogOutputStream:75 - [STDERR_REDIRECT] [Fatal Error] :1:1: Premature end of file.
2026-03-29 17:50:39,641 [ERROR] LogOutputStream:75 - [STDERR_REDIRECT] 
2026-03-29 17:50:40,625 [ERROR] LogOutputStream:75 - [STDERR_REDIRECT] [Fatal Error] :1:1: Premature end of file.
2026-03-29 17:50:40,625 [ERROR] LogOutputStream:75 - [STDERR_REDIRECT] 
2026-03-29 17:50:41,629 [ERROR] LogOutputStream:75 - [STDERR_REDIRECT] [Fatal Error] :1:1: Premature end of file.
2026-03-29 17:50:41,629 [ERROR] LogOutputStream:75 - [STDERR_REDIRECT] 
2026-03-29 17:50:42,633 [ERROR] LogOutputStream:75 - [STDERR_REDIRECT] [Fatal Error] :1:1: Premature end of file.
2026-03-29 17:50:42,633 [ERROR] LogOutputStream:75 - [STDERR_REDIRECT] 
2026-03-29 17:50:43,641 [ERROR] LogOutputStream:75 - [STDERR_REDIRECT] [Fatal Error] :1:1: Premature end of file.
2026-03-29 17:50:43,641 [ERROR] LogOutputStream:75 - [STDERR_REDIRECT] 
2026-03-29 17:50:44,638 [ERROR] LogOutputStream:75 - [STDERR_REDIRECT] [Fatal Error] :1:1: Premature end of file.
2026-03-29 17:50:44,638 [ERROR] LogOutputStream:75 - [STDERR_REDIRECT] 
2026-03-29 17:50:45,642 [ERROR] LogOutputStream:75 - [STDERR_REDIRECT] [Fatal Error] :1:1: Premature end of file.
2026-03-29 17:50:45,642 [ERROR] LogOutputStream:75 - [STDERR_REDIRECT] 
2026-03-29 17:50:46,665 [ERROR] LogOutputStream:75 - [STDERR_REDIRECT] [Fatal Error] :1:1: Premature end of file.
2026-03-29 17:50:46,665 [ERROR] LogOutputStream:75 - [STDERR_REDIRECT] 
2026-03-29 17:50:47,652 [ERROR] LogOutputStream:75 - [STDERR_REDIRECT] [Fatal Error] :1:1: Premature end of file.
2026-03-29 17:50:47,652 [ERROR] LogOutputStream:75 - [STDERR_REDIRECT] 
2026-03-29 17:50:48,634 [ERROR] LogOutputStream:75 - [STDERR_REDIRECT] [Fatal Error] :1:1: Premature end of file.
2026-03-29 17:50:48,634 [ERROR] LogOutputStream:75 - [STDERR_REDIRECT] 
2026-03-29 17:50:49,631 [ERROR] LogOutputStream:75 - [STDERR_REDIRECT] [Fatal Error] :1:1: Premature end of file.
2026-03-29 17:50:49,631 [ERROR] LogOutputStream:75 - [STDERR_REDIRECT] 
2026-03-29 17:50:50,639 [ERROR] LogOutputStream:75 - [STDERR_REDIRECT] [Fatal Error] :1:1: Premature end of file.
2026-03-29 17:50:50,639 [ERROR] LogOutputStream:75 - [STDERR_REDIRECT] 
2026-03-29 17:50:51,634 [ERROR] LogOutputStream:75 - [STDERR_REDIRECT] [Fatal Error] :1:1: Premature end of file.
2026-03-29 17:50:51,634 [ERROR] LogOutputStream:75 - [STDERR_REDIRECT] 
2026-03-29 17:50:52,634 [ERROR] LogOutputStream:75 - [STDERR_REDIRECT] [Fatal Error] :1:1: Premature end of file.
2026-03-29 17:50:52,634 [ERROR] LogOutputStream:75 - [STDERR_REDIRECT] 
2026-03-29 17:50:53,638 [ERROR] LogOutputStream:75 - [STDERR_REDIRECT] [Fatal Error] :1:1: Premature end of file.
2026-03-29 17:50:53,638 [ERROR] LogOutputStream:75 - [STDERR_REDIRECT] 
2026-03-29 17:50:54,655 [ERROR] LogOutputStream:75 - [STDERR_REDIRECT] [Fatal Error] :1:1: Premature end of file.
2026-03-29 17:50:54,655 [ERROR] LogOutputStream:75 - [STDERR_REDIRECT] 
2026-03-29 17:50:55,639 [ERROR] LogOutputStream:75 - [STDERR_REDIRECT] [Fatal Error] :1:1: Premature end of file.
2026-03-29 17:50:55,639 [ERROR] LogOutputStream:75 - [STDERR_REDIRECT] 
2026-03-29 17:50:56,629 [ERROR] LogOutputStream:75 - [STDERR_REDIRECT] [Fatal Error] :1:1: Premature end of file.
2026-03-29 17:50:56,629 [ERROR] LogOutputStream:75 - [STDERR_REDIRECT] 
2026-03-29 17:50:57,745 [ERROR] LogOutputStream:75 - [STDERR_REDIRECT] [Fatal Error] :1:1: Premature end of file.
2026-03-29 17:50:57,745 [ERROR] LogOutputStream:75 - [STDERR_REDIRECT] 
2026-03-29 17:50:58,640 [ERROR] LogOutputStream:75 - [STDERR_REDIRECT] [Fatal Error] :1:1: Premature end of file.
2026-03-29 17:50:58,640 [ERROR] LogOutputStream:75 - [STDERR_REDIRECT] 
2026-03-29 17:50:59,640 [ERROR] LogOutputStream:75 - [STDERR_REDIRECT] [Fatal Error] :1:1: Premature end of file.
2026-03-29 17:50:59,640 [ERROR] LogOutputStream:75 - [STDERR_REDIRECT] 
2026-03-29 17:51:00,628 [ERROR] LogOutputStream:75 - [STDERR_REDIRECT] [Fatal Error] :1:1: Premature end of file.
2026-03-29 17:51:00,628 [ERROR] LogOutputStream:75 - [STDERR_REDIRECT] 
2026-03-29 17:51:01,629 [ERROR] LogOutputStream:75 - [STDERR_REDIRECT] [Fatal Error] :1:1: Premature end of file.
2026-03-29 17:51:01,629 [ERROR] LogOutputStream:75 - [STDERR_REDIRECT] 
2026-03-29 17:51:02,634 [ERROR] LogOutputStream:75 - [STDERR_REDIRECT] [Fatal Error] :1:1: Premature end of file.
2026-03-29 17:51:02,634 [ERROR] LogOutputStream:75 - [STDERR_REDIRECT] 
2026-03-29 17:51:03,640 [ERROR] LogOutputStream:75 - [STDERR_REDIRECT] [Fatal Error] :1:1: Premature end of file.
2026-03-29 17:51:03,640 [ERROR] LogOutputStream:75 - [STDERR_REDIRECT] 
2026-03-29 17:51:04,629 [ERROR] LogOutputStream:75 - [STDERR_REDIRECT] [Fatal Error] :1:1: Premature end of file.
2026-03-29 17:51:04,629 [ERROR] LogOutputStream:75 - [STDERR_REDIRECT] 
2026-03-29 17:51:05,642 [ERROR] LogOutputStream:75 - [STDERR_REDIRECT] [Fatal Error] :1:1: Premature end of file.
2026-03-29 17:51:05,642 [ERROR] LogOutputStream:75 - [STDERR_REDIRECT] 
2026-03-29 17:51:06,630 [ERROR] LogOutputStream:75 - [STDERR_REDIRECT] [Fatal Error] :1:1: Premature end of file.
2026-03-29 17:51:06,630 [ERROR] LogOutputStream:75 - [STDERR_REDIRECT] 
2026-03-29 17:51:07,628 [ERROR] LogOutputStream:75 - [STDERR_REDIRECT] [Fatal Error] :1:1: Premature end of file.
2026-03-29 17:51:07,629 [ERROR] LogOutputStream:75 - [STDERR_REDIRECT] 
2026-03-29 17:51:08,639 [ERROR] LogOutputStream:75 - [STDERR_REDIRECT] [Fatal Error] :1:1: Premature end of file.
2026-03-29 17:51:08,639 [ERROR] LogOutputStream:75 - [STDERR_REDIRECT] 
2026-03-29 17:51:09,636 [ERROR] LogOutputStream:75 - [STDERR_REDIRECT] [Fatal Error] :1:1: Premature end of file.
2026-03-29 17:51:09,638 [ERROR] LogOutputStream:75 - [STDERR_REDIRECT] 
2026-03-29 17:51:10,637 [ERROR] LogOutputStream:75 - [STDERR_REDIRECT] [Fatal Error] :1:1: Premature end of file.
2026-03-29 17:51:10,637 [ERROR] LogOutputStream:75 - [STDERR_REDIRECT] 
2026-03-29 17:51:11,627 [ERROR] LogOutputStream:75 - [STDERR_REDIRECT] [Fatal Error] :1:1: Premature end of file.
2026-03-29 17:51:11,627 [ERROR] LogOutputStream:75 - [STDERR_REDIRECT] 
2026-03-29 17:51:12,634 [ERROR] LogOutputStream:75 - [STDERR_REDIRECT] [Fatal Error] :1:1: Premature end of file.
2026-03-29 17:51:12,634 [ERROR] LogOutputStream:75 - [STDERR_REDIRECT] 
2026-03-29 17:51:13,673 [ERROR] LogOutputStream:75 - [STDERR_REDIRECT] [Fatal Error] :1:1: Premature end of file.
2026-03-29 17:51:13,673 [ERROR] LogOutputStream:75 - [STDERR_REDIRECT] 
2026-03-29 17:51:14,644 [ERROR] LogOutputStream:75 - [STDERR_REDIRECT] [Fatal Error] :1:1: Premature end of file.
2026-03-29 17:51:14,644 [ERROR] LogOutputStream:75 - [STDERR_REDIRECT] 
2026-03-29 17:51:15,629 [ERROR] LogOutputStream:75 - [STDERR_REDIRECT] [Fatal Error] :1:1: Premature end of file.
2026-03-29 17:51:15,629 [ERROR] LogOutputStream:75 - [STDERR_REDIRECT] 
2026-03-29 17:51:16,637 [ERROR] LogOutputStream:75 - [STDERR_REDIRECT] [Fatal Error] :1:1: Premature end of file.
2026-03-29 17:51:16,637 [ERROR] LogOutputStream:75 - [STDERR_REDIRECT] 
2026-03-29 17:51:17,640 [ERROR] LogOutputStream:75 - [STDERR_REDIRECT] [Fatal Error] :1:1: Premature end of file.
2026-03-29 17:51:17,640 [ERROR] LogOutputStream:75 - [STDERR_REDIRECT] 
2026-03-29 17:51:18,631 [ERROR] LogOutputStream:75 - [STDERR_REDIRECT] [Fatal Error] :1:1: Premature end of file.
2026-03-29 17:51:18,631 [ERROR] LogOutputStream:75 - [STDERR_REDIRECT] 
2026-03-29 17:51:19,648 [ERROR] LogOutputStream:75 - [STDERR_REDIRECT] [Fatal Error] :1:1: Premature end of file.
2026-03-29 17:51:19,648 [ERROR] LogOutputStream:75 - [STDERR_REDIRECT] 
2026-03-29 17:51:20,637 [ERROR] LogOutputStream:75 - [STDERR_REDIRECT] [Fatal Error] :1:1: Premature end of file.
2026-03-29 17:51:20,637 [ERROR] LogOutputStream:75 - [STDERR_REDIRECT] 
2026-03-29 17:51:21,629 [ERROR] LogOutputStream:75 - [STDERR_REDIRECT] [Fatal Error] :1:1: Premature end of file.
2026-03-29 17:51:21,629 [ERROR] LogOutputStream:75 - [STDERR_REDIRECT] 
2026-03-29 17:51:22,639 [ERROR] LogOutputStream:75 - [STDERR_REDIRECT] [Fatal Error] :1:1: Premature end of file.
2026-03-29 17:51:22,639 [ERROR] LogOutputStream:75 - [STDERR_REDIRECT] 
2026-03-29 17:51:23,632 [ERROR] LogOutputStream:75 - [STDERR_REDIRECT] [Fatal Error] :1:1: Premature end of file.
2026-03-29 17:51:23,632 [ERROR] LogOutputStream:75 - [STDERR_REDIRECT] 
2026-03-29 17:51:24,636 [ERROR] LogOutputStream:75 - [STDERR_REDIRECT] [Fatal Error] :1:1: Premature end of file.
2026-03-29 17:51:24,636 [ERROR] LogOutputStream:75 - [STDERR_REDIRECT] 
2026-03-29 17:51:25,645 [ERROR] LogOutputStream:75 - [STDERR_REDIRECT] [Fatal Error] :1:1: Premature end of file.
2026-03-29 17:51:25,645 [ERROR] LogOutputStream:75 - [STDERR_REDIRECT] 
2026-03-29 17:51:26,642 [ERROR] LogOutputStream:75 - [STDERR_REDIRECT] [Fatal Error] :1:1: Premature end of file.
2026-03-29 17:51:26,642 [ERROR] LogOutputStream:75 - [STDERR_REDIRECT] 
2026-03-29 17:51:27,629 [ERROR] LogOutputStream:75 - [STDERR_REDIRECT] [Fatal Error] :1:1: Premature end of file.
2026-03-29 17:51:27,629 [ERROR] LogOutputStream:75 - [STDERR_REDIRECT] 
2026-03-29 17:51:28,636 [ERROR] LogOutputStream:75 - [STDERR_REDIRECT] [Fatal Error] :1:1: Premature end of file.
2026-03-29 17:51:28,636 [ERROR] LogOutputStream:75 - [STDERR_REDIRECT] 
2026-03-29 17:51:29,630 [ERROR] LogOutputStream:75 - [STDERR_REDIRECT] [Fatal Error] :1:1: Premature end of file.
2026-03-29 17:51:29,630 [ERROR] LogOutputStream:75 - [STDERR_REDIRECT] 
2026-03-29 17:51:30,628 [ERROR] LogOutputStream:75 - [STDERR_REDIRECT] [Fatal Error] :1:1: Premature end of file.
2026-03-29 17:51:30,628 [ERROR] LogOutputStream:75 - [STDERR_REDIRECT] 
2026-03-29 17:51:31,798 [ERROR] LogOutputStream:75 - [STDERR_REDIRECT] [Fatal Error] :1:1: Premature end of file.
2026-03-29 17:51:31,798 [ERROR] LogOutputStream:75 - [STDERR_REDIRECT] 
2026-03-29 17:51:32,638 [ERROR] LogOutputStream:75 - [STDERR_REDIRECT] [Fatal Error] :1:1: Premature end of file.
2026-03-29 17:51:32,638 [ERROR] LogOutputStream:75 - [STDERR_REDIRECT] 
2026-03-29 17:51:33,644 [ERROR] LogOutputStream:75 - [STDERR_REDIRECT] [Fatal Error] :1:1: Premature end of file.
2026-03-29 17:51:33,644 [ERROR] LogOutputStream:75 - [STDERR_REDIRECT] 
2026-03-29 17:51:34,638 [ERROR] LogOutputStream:75 - [STDERR_REDIRECT] [Fatal Error] :1:1: Premature end of file.
2026-03-29 17:51:34,638 [ERROR] LogOutputStream:75 - [STDERR_REDIRECT] 
2026-03-29 17:51:35,645 [ERROR] LogOutputStream:75 - [STDERR_REDIRECT] [Fatal Error] :1:1: Premature end of file.
2026-03-29 17:51:35,645 [ERROR] LogOutputStream:75 - [STDERR_REDIRECT] 
2026-03-29 17:51:36,640 [ERROR] LogOutputStream:75 - [STDERR_REDIRECT] [Fatal Error] :1:1: Premature end of file.
2026-03-29 17:51:36,640 [ERROR] LogOutputStream:75 - [STDERR_REDIRECT] 
2026-03-29 17:51:37,638 [ERROR] LogOutputStream:75 - [STDERR_REDIRECT] [Fatal Error] :1:1: Premature end of file.
2026-03-29 17:51:37,638 [ERROR] LogOutputStream:75 - [STDERR_REDIRECT] 
2026-03-29 17:51:38,640 [ERROR] LogOutputStream:75 - [STDERR_REDIRECT] [Fatal Error] :1:1: Premature end of file.
2026-03-29 17:51:38,640 [ERROR] LogOutputStream:75 - [STDERR_REDIRECT] 
2026-03-29 17:51:39,643 [ERROR] LogOutputStream:75 - [STDERR_REDIRECT] [Fatal Error] :1:1: Premature end of file.
2026-03-29 17:51:39,643 [ERROR] LogOutputStream:75 - [STDERR_REDIRECT] 
2026-03-29 17:51:40,639 [ERROR] LogOutputStream:75 - [STDERR_REDIRECT] [Fatal Error] :1:1: Premature end of file.
2026-03-29 17:51:40,639 [ERROR] LogOutputStream:75 - [STDERR_REDIRECT] 
2026-03-29 17:51:41,632 [ERROR] LogOutputStream:75 - [STDERR_REDIRECT] [Fatal Error] :1:1: Premature end of file.
2026-03-29 17:51:41,632 [ERROR] LogOutputStream:75 - [STDERR_REDIRECT] 
2026-03-29 17:51:42,625 [ERROR] LogOutputStream:75 - [STDERR_REDIRECT] [Fatal Error] :1:1: Premature end of file.
2026-03-29 17:51:42,627 [ERROR] LogOutputStream:75 - [STDERR_REDIRECT] 
2026-03-29 17:51:43,630 [ERROR] LogOutputStream:75 - [STDERR_REDIRECT] [Fatal Error] :1:1: Premature end of file.
2026-03-29 17:51:43,630 [ERROR] LogOutputStream:75 - [STDERR_REDIRECT] 
2026-03-29 17:51:44,630 [ERROR] LogOutputStream:75 - [STDERR_REDIRECT] [Fatal Error] :1:1: Premature end of file.
2026-03-29 17:51:44,630 [ERROR] LogOutputStream:75 - [STDERR_REDIRECT] 
2026-03-29 17:51:45,633 [ERROR] LogOutputStream:75 - [STDERR_REDIRECT] [Fatal Error] :1:1: Premature end of file.
2026-03-29 17:51:45,634 [ERROR] LogOutputStream:75 - [STDERR_REDIRECT] 
2026-03-29 17:51:46,642 [ERROR] LogOutputStream:75 - [STDERR_REDIRECT] [Fatal Error] :1:1: Premature end of file.
2026-03-29 17:51:46,642 [ERROR] LogOutputStream:75 - [STDERR_REDIRECT] 
2026-03-29 17:51:47,639 [ERROR] LogOutputStream:75 - [STDERR_REDIRECT] [Fatal Error] :1:1: Premature end of file.
2026-03-29 17:51:47,639 [ERROR] LogOutputStream:75 - [STDERR_REDIRECT] 
2026-03-29 17:51:48,634 [ERROR] LogOutputStream:75 - [STDERR_REDIRECT] [Fatal Error] :1:1: Premature end of file.
2026-03-29 17:51:48,634 [ERROR] LogOutputStream:75 - [STDERR_REDIRECT] 
2026-03-29 17:51:49,725 [ERROR] LogOutputStream:75 - [STDERR_REDIRECT] [Fatal Error] :1:1: Premature end of file.
2026-03-29 17:51:49,726 [ERROR] LogOutputStream:75 - [STDERR_REDIRECT] 
2026-03-29 17:51:50,644 [ERROR] LogOutputStream:75 - [STDERR_REDIRECT] [Fatal Error] :1:1: Premature end of file.
2026-03-29 17:51:50,645 [ERROR] LogOutputStream:75 - [STDERR_REDIRECT] 
2026-03-29 17:51:51,631 [ERROR] LogOutputStream:75 - [STDERR_REDIRECT] [Fatal Error] :1:1: Premature end of file.
2026-03-29 17:51:51,631 [ERROR] LogOutputStream:75 - [STDERR_REDIRECT] 
2026-03-29 17:51:52,637 [ERROR] LogOutputStream:75 - [STDERR_REDIRECT] [Fatal Error] :1:1: Premature end of file.
2026-03-29 17:51:52,637 [ERROR] LogOutputStream:75 - [STDERR_REDIRECT] 
2026-03-29 17:51:53,635 [ERROR] LogOutputStream:75 - [STDERR_REDIRECT] [Fatal Error] :1:1: Premature end of file.
2026-03-29 17:51:53,635 [ERROR] LogOutputStream:75 - [STDERR_REDIRECT] 
2026-03-29 17:51:54,628 [ERROR] LogOutputStream:75 - [STDERR_REDIRECT] [Fatal Error] :1:1: Premature end of file.
2026-03-29 17:51:54,628 [ERROR] LogOutputStream:75 - [STDERR_REDIRECT] 
2026-03-29 17:51:55,636 [ERROR] LogOutputStream:75 - [STDERR_REDIRECT] [Fatal Error] :1:1: Premature end of file.
2026-03-29 17:51:55,636 [ERROR] LogOutputStream:75 - [STDERR_REDIRECT] 
2026-03-29 17:51:56,637 [ERROR] LogOutputStream:75 - [STDERR_REDIRECT] [Fatal Error] :1:1: Premature end of file.
2026-03-29 17:51:56,637 [ERROR] LogOutputStream:75 - [STDERR_REDIRECT] 
2026-03-29 17:51:57,641 [ERROR] LogOutputStream:75 - [STDERR_REDIRECT] [Fatal Error] :1:1: Premature end of file.
2026-03-29 17:51:57,641 [ERROR] LogOutputStream:75 - [STDERR_REDIRECT] 
2026-03-29 17:51:58,638 [ERROR] LogOutputStream:75 - [STDERR_REDIRECT] [Fatal Error] :1:1: Premature end of file.
2026-03-29 17:51:58,638 [ERROR] LogOutputStream:75 - [STDERR_REDIRECT] 
2026-03-29 17:51:59,626 [ERROR] LogOutputStream:75 - [STDERR_REDIRECT] [Fatal Error] :1:1: Premature end of file.
2026-03-29 17:51:59,626 [ERROR] LogOutputStream:75 - [STDERR_REDIRECT] 
2026-03-29 17:52:00,631 [ERROR] LogOutputStream:75 - [STDERR_REDIRECT] [Fatal Error] :1:1: Premature end of file.
2026-03-29 17:52:00,631 [ERROR] LogOutputStream:75 - [STDERR_REDIRECT] 
2026-03-29 17:52:01,637 [ERROR] LogOutputStream:75 - [STDERR_REDIRECT] [Fatal Error] :1:1: Premature end of file.
2026-03-29 17:52:01,637 [ERROR] LogOutputStream:75 - [STDERR_REDIRECT] 
2026-03-29 17:52:02,634 [ERROR] LogOutputStream:75 - [STDERR_REDIRECT] [Fatal Error] :1:1: Premature end of file.
2026-03-29 17:52:02,634 [ERROR] LogOutputStream:75 - [STDERR_REDIRECT] 
2026-03-29 17:52:03,634 [ERROR] LogOutputStream:75 - [STDERR_REDIRECT] [Fatal Error] :1:1: Premature end of file.
2026-03-29 17:52:03,634 [ERROR] LogOutputStream:75 - [STDERR_REDIRECT] 
2026-03-29 17:52:04,642 [ERROR] LogOutputStream:75 - [STDERR_REDIRECT] [Fatal Error] :1:1: Premature end of file.
2026-03-29 17:52:04,642 [ERROR] LogOutputStream:75 - [STDERR_REDIRECT] 
2026-03-29 17:52:05,637 [ERROR] LogOutputStream:75 - [STDERR_REDIRECT] [Fatal Error] :1:1: Premature end of file.
2026-03-29 17:52:05,637 [ERROR] LogOutputStream:75 - [STDERR_REDIRECT] 
2026-03-29 17:52:06,638 [ERROR] LogOutputStream:75 - [STDERR_REDIRECT] [Fatal Error] :1:1: Premature end of file.
2026-03-29 17:52:06,638 [ERROR] LogOutputStream:75 - [STDERR_REDIRECT] 
2026-03-29 17:52:07,634 [ERROR] LogOutputStream:75 - [STDERR_REDIRECT] [Fatal Error] :1:1: Premature end of file.
2026-03-29 17:52:07,634 [ERROR] LogOutputStream:75 - [STDERR_REDIRECT] 
2026-03-29 17:52:08,630 [ERROR] LogOutputStream:75 - [STDERR_REDIRECT] [Fatal Error] :1:1: Premature end of file.
2026-03-29 17:52:08,630 [ERROR] LogOutputStream:75 - [STDERR_REDIRECT] 
2026-03-29 17:52:09,639 [ERROR] LogOutputStream:75 - [STDERR_REDIRECT] [Fatal Error] :1:1: Premature end of file.
2026-03-29 17:52:09,639 [ERROR] LogOutputStream:75 - [STDERR_REDIRECT] 
2026-03-29 17:52:10,635 [ERROR] LogOutputStream:75 - [STDERR_REDIRECT] [Fatal Error] :1:1: Premature end of file.
2026-03-29 17:52:10,635 [ERROR] LogOutputStream:75 - [STDERR_REDIRECT] 
2026-03-29 17:52:11,635 [ERROR] LogOutputStream:75 - [STDERR_REDIRECT] [Fatal Error] :1:1: Premature end of file.
2026-03-29 17:52:11,635 [ERROR] LogOutputStream:75 - [STDERR_REDIRECT] 
2026-03-29 17:52:12,630 [ERROR] LogOutputStream:75 - [STDERR_REDIRECT] [Fatal Error] :1:1: Premature end of file.
2026-03-29 17:52:12,630 [ERROR] LogOutputStream:75 - [STDERR_REDIRECT] 
2026-03-29 17:52:13,637 [ERROR] LogOutputStream:75 - [STDERR_REDIRECT] [Fatal Error] :1:1: Premature end of file.
2026-03-29 17:52:13,637 [ERROR] LogOutputStream:75 - [STDERR_REDIRECT] 
2026-03-29 17:52:14,630 [ERROR] LogOutputStream:75 - [STDERR_REDIRECT] [Fatal Error] :1:1: Premature end of file.
2026-03-29 17:52:14,630 [ERROR] LogOutputStream:75 - [STDERR_REDIRECT] 
2026-03-29 17:52:15,674 [ERROR] LogOutputStream:75 - [STDERR_REDIRECT] [Fatal Error] :1:1: Premature end of file.
2026-03-29 17:52:15,674 [ERROR] LogOutputStream:75 - [STDERR_REDIRECT] 
2026-03-29 17:52:16,635 [ERROR] LogOutputStream:75 - [STDERR_REDIRECT] [Fatal Error] :1:1: Premature end of file.
2026-03-29 17:52:16,636 [ERROR] LogOutputStream:75 - [STDERR_REDIRECT] 
2026-03-29 17:52:17,628 [ERROR] LogOutputStream:75 - [STDERR_REDIRECT] [Fatal Error] :1:1: Premature end of file.
2026-03-29 17:52:17,628 [ERROR] LogOutputStream:75 - [STDERR_REDIRECT] 
2026-03-29 17:52:18,631 [ERROR] LogOutputStream:75 - [STDERR_REDIRECT] [Fatal Error] :1:1: Premature end of file.
2026-03-29 17:52:18,633 [ERROR] LogOutputStream:75 - [STDERR_REDIRECT] 
2026-03-29 17:52:19,643 [ERROR] LogOutputStream:75 - [STDERR_REDIRECT] [Fatal Error] :1:1: Premature end of file.
2026-03-29 17:52:19,644 [ERROR] LogOutputStream:75 - [STDERR_REDIRECT] 
2026-03-29 17:52:20,637 [ERROR] LogOutputStream:75 - [STDERR_REDIRECT] [Fatal Error] :1:1: Premature end of file.
2026-03-29 17:52:20,637 [ERROR] LogOutputStream:75 - [STDERR_REDIRECT] 
2026-03-29 17:52:21,631 [ERROR] LogOutputStream:75 - [STDERR_REDIRECT] [Fatal Error] :1:1: Premature end of file.
2026-03-29 17:52:21,631 [ERROR] LogOutputStream:75 - [STDERR_REDIRECT] 
2026-03-29 17:52:22,630 [ERROR] LogOutputStream:75 - [STDERR_REDIRECT] [Fatal Error] :1:1: Premature end of file.
2026-03-29 17:52:22,630 [ERROR] LogOutputStream:75 - [STDERR_REDIRECT] 
2026-03-29 17:52:23,636 [ERROR] LogOutputStream:75 - [STDERR_REDIRECT] [Fatal Error] :1:1: Premature end of file.
2026-03-29 17:52:23,636 [ERROR] LogOutputStream:75 - [STDERR_REDIRECT] 
2026-03-29 17:52:24,634 [ERROR] LogOutputStream:75 - [STDERR_REDIRECT] [Fatal Error] :1:1: Premature end of file.
2026-03-29 17:52:24,636 [ERROR] LogOutputStream:75 - [STDERR_REDIRECT] 
2026-03-29 17:52:25,633 [ERROR] LogOutputStream:75 - [STDERR_REDIRECT] [Fatal Error] :1:1: Premature end of file.
2026-03-29 17:52:25,634 [ERROR] LogOutputStream:75 - [STDERR_REDIRECT] 
2026-03-29 17:52:26,631 [ERROR] LogOutputStream:75 - [STDERR_REDIRECT] [Fatal Error] :1:1: Premature end of file.
2026-03-29 17:52:26,631 [ERROR] LogOutputStream:75 - [STDERR_REDIRECT] 
2026-03-29 17:52:27,646 [ERROR] LogOutputStream:75 - [STDERR_REDIRECT] [Fatal Error] :1:1: Premature end of file.
2026-03-29 17:52:27,646 [ERROR] LogOutputStream:75 - [STDERR_REDIRECT] 
2026-03-29 17:52:28,634 [ERROR] LogOutputStream:75 - [STDERR_REDIRECT] [Fatal Error] :1:1: Premature end of file.
2026-03-29 17:52:28,635 [ERROR] LogOutputStream:75 - [STDERR_REDIRECT] 
2026-03-29 17:52:29,639 [ERROR] LogOutputStream:75 - [STDERR_REDIRECT] [Fatal Error] :1:1: Premature end of file.
2026-03-29 17:52:29,639 [ERROR] LogOutputStream:75 - [STDERR_REDIRECT] 
2026-03-29 17:52:30,641 [ERROR] LogOutputStream:75 - [STDERR_REDIRECT] [Fatal Error] :1:1: Premature end of file.
2026-03-29 17:52:30,641 [ERROR] LogOutputStream:75 - [STDERR_REDIRECT] 
2026-03-29 17:52:31,632 [ERROR] LogOutputStream:75 - [STDERR_REDIRECT] [Fatal Error] :1:1: Premature end of file.
2026-03-29 17:52:31,632 [ERROR] LogOutputStream:75 - [STDERR_REDIRECT] 
2026-03-29 17:52:32,629 [ERROR] LogOutputStream:75 - [STDERR_REDIRECT] [Fatal Error] :1:1: Premature end of file.
2026-03-29 17:52:32,629 [ERROR] LogOutputStream:75 - [STDERR_REDIRECT] 
2026-03-29 17:52:33,631 [ERROR] LogOutputStream:75 - [STDERR_REDIRECT] [Fatal Error] :1:1: Premature end of file.
2026-03-29 17:52:33,631 [ERROR] LogOutputStream:75 - [STDERR_REDIRECT] 
2026-03-29 17:52:34,635 [ERROR] LogOutputStream:75 - [STDERR_REDIRECT] [Fatal Error] :1:1: Premature end of file.
2026-03-29 17:52:34,635 [ERROR] LogOutputStream:75 - [STDERR_REDIRECT] 
2026-03-29 17:52:35,890 [ERROR] LogOutputStream:75 - [STDERR_REDIRECT] [Fatal Error] :1:1: Premature end of file.
2026-03-29 17:52:35,890 [ERROR] LogOutputStream:75 - [STDERR_REDIRECT] 
2026-03-29 17:52:36,641 [ERROR] LogOutputStream:75 - [STDERR_REDIRECT] [Fatal Error] :1:1: Premature end of file.
2026-03-29 17:52:36,641 [ERROR] LogOutputStream:75 - [STDERR_REDIRECT] 
2026-03-29 17:52:37,638 [ERROR] LogOutputStream:75 - [STDERR_REDIRECT] [Fatal Error] :1:1: Premature end of file.
2026-03-29 17:52:37,638 [ERROR] LogOutputStream:75 - [STDERR_REDIRECT] 
2026-03-29 17:52:38,636 [ERROR] LogOutputStream:75 - [STDERR_REDIRECT] [Fatal Error] :1:1: Premature end of file.
2026-03-29 17:52:38,637 [ERROR] LogOutputStream:75 - [STDERR_REDIRECT] 
2026-03-29 17:52:39,628 [ERROR] LogOutputStream:75 - [STDERR_REDIRECT] [Fatal Error] :1:1: Premature end of file.
2026-03-29 17:52:39,628 [ERROR] LogOutputStream:75 - [STDERR_REDIRECT] 
2026-03-29 17:52:40,634 [ERROR] LogOutputStream:75 - [STDERR_REDIRECT] [Fatal Error] :1:1: Premature end of file.
2026-03-29 17:52:40,634 [ERROR] LogOutputStream:75 - [STDERR_REDIRECT] 
2026-03-29 17:52:41,632 [ERROR] LogOutputStream:75 - [STDERR_REDIRECT] [Fatal Error] :1:1: Premature end of file.
2026-03-29 17:52:41,632 [ERROR] LogOutputStream:75 - [STDERR_REDIRECT] 
2026-03-29 17:52:42,642 [ERROR] LogOutputStream:75 - [STDERR_REDIRECT] [Fatal Error] :1:1: Premature end of file.
2026-03-29 17:52:42,642 [ERROR] LogOutputStream:75 - [STDERR_REDIRECT] 
2026-03-29 17:52:43,637 [ERROR] LogOutputStream:75 - [STDERR_REDIRECT] [Fatal Error] :1:1: Premature end of file.
2026-03-29 17:52:43,637 [ERROR] LogOutputStream:75 - [STDERR_REDIRECT] 
2026-03-29 17:52:44,631 [ERROR] LogOutputStream:75 - [STDERR_REDIRECT] [Fatal Error] :1:1: Premature end of file.
2026-03-29 17:52:44,631 [ERROR] LogOutputStream:75 - [STDERR_REDIRECT] 
2026-03-29 17:52:45,638 [ERROR] LogOutputStream:75 - [STDERR_REDIRECT] [Fatal Error] :1:1: Premature end of file.
2026-03-29 17:52:45,638 [ERROR] LogOutputStream:75 - [STDERR_REDIRECT] 
2026-03-29 17:52:46,640 [ERROR] LogOutputStream:75 - [STDERR_REDIRECT] [Fatal Error] :1:1: Premature end of file.
2026-03-29 17:52:46,641 [ERROR] LogOutputStream:75 - [STDERR_REDIRECT] 
2026-03-29 17:52:47,632 [ERROR] LogOutputStream:75 - [STDERR_REDIRECT] [Fatal Error] :1:1: Premature end of file.
2026-03-29 17:52:47,632 [ERROR] LogOutputStream:75 - [STDERR_REDIRECT] 
2026-03-29 17:52:48,631 [ERROR] LogOutputStream:75 - [STDERR_REDIRECT] [Fatal Error] :1:1: Premature end of file.
2026-03-29 17:52:48,631 [ERROR] LogOutputStream:75 - [STDERR_REDIRECT] 
2026-03-29 17:52:49,661 [ERROR] LogOutputStream:75 - [STDERR_REDIRECT] [Fatal Error] :1:1: Premature end of file.
2026-03-29 17:52:49,661 [ERROR] LogOutputStream:75 - [STDERR_REDIRECT] 
2026-03-29 17:52:50,651 [ERROR] LogOutputStream:75 - [STDERR_REDIRECT] [Fatal Error] :1:1: Premature end of file.
2026-03-29 17:52:50,651 [ERROR] LogOutputStream:75 - [STDERR_REDIRECT] 
2026-03-29 17:52:51,637 [ERROR] LogOutputStream:75 - [STDERR_REDIRECT] [Fatal Error] :1:1: Premature end of file.
2026-03-29 17:52:51,638 [ERROR] LogOutputStream:75 - [STDERR_REDIRECT] 
2026-03-29 17:52:52,639 [ERROR] LogOutputStream:75 - [STDERR_REDIRECT] [Fatal Error] :1:1: Premature end of file.
2026-03-29 17:52:52,639 [ERROR] LogOutputStream:75 - [STDERR_REDIRECT] 
2026-03-29 17:52:53,640 [ERROR] LogOutputStream:75 - [STDERR_REDIRECT] [Fatal Error] :1:1: Premature end of file.
2026-03-29 17:52:53,640 [ERROR] LogOutputStream:75 - [STDERR_REDIRECT] 
2026-03-29 17:52:54,634 [ERROR] LogOutputStream:75 - [STDERR_REDIRECT] [Fatal Error] :1:1: Premature end of file.
2026-03-29 17:52:54,634 [ERROR] LogOutputStream:75 - [STDERR_REDIRECT] 
2026-03-29 17:52:55,652 [ERROR] LogOutputStream:75 - [STDERR_REDIRECT] [Fatal Error] :1:1: Premature end of file.
2026-03-29 17:52:55,652 [ERROR] LogOutputStream:75 - [STDERR_REDIRECT] 
2026-03-29 17:52:56,640 [ERROR] LogOutputStream:75 - [STDERR_REDIRECT] [Fatal Error] :1:1: Premature end of file.
2026-03-29 17:52:56,641 [ERROR] LogOutputStream:75 - [STDERR_REDIRECT] 
2026-03-29 17:52:57,638 [ERROR] LogOutputStream:75 - [STDERR_REDIRECT] [Fatal Error] :1:1: Premature end of file.
2026-03-29 17:52:57,638 [ERROR] LogOutputStream:75 - [STDERR_REDIRECT] 
2026-03-29 17:52:58,634 [ERROR] LogOutputStream:75 - [STDERR_REDIRECT] [Fatal Error] :1:1: Premature end of file.
2026-03-29 17:52:58,635 [ERROR] LogOutputStream:75 - [STDERR_REDIRECT] 
2026-03-29 17:52:59,643 [ERROR] LogOutputStream:75 - [STDERR_REDIRECT] [Fatal Error] :1:1: Premature end of file.
2026-03-29 17:52:59,643 [ERROR] LogOutputStream:75 - [STDERR_REDIRECT] 
2026-03-29 17:53:00,635 [ERROR] LogOutputStream:75 - [STDERR_REDIRECT] [Fatal Error] :1:1: Premature end of file.
2026-03-29 17:53:00,636 [ERROR] LogOutputStream:75 - [STDERR_REDIRECT] 
2026-03-29 17:53:01,660 [ERROR] LogOutputStream:75 - [STDERR_REDIRECT] [Fatal Error] :1:1: Premature end of file.
2026-03-29 17:53:01,660 [ERROR] LogOutputStream:75 - [STDERR_REDIRECT] 
2026-03-29 17:53:02,639 [ERROR] LogOutputStream:75 - [STDERR_REDIRECT] [Fatal Error] :1:1: Premature end of file.
2026-03-29 17:53:02,639 [ERROR] LogOutputStream:75 - [STDERR_REDIRECT] 
2026-03-29 17:53:03,634 [ERROR] LogOutputStream:75 - [STDERR_REDIRECT] [Fatal Error] :1:1: Premature end of file.
2026-03-29 17:53:03,634 [ERROR] LogOutputStream:75 - [STDERR_REDIRECT] 
2026-03-29 17:53:04,639 [ERROR] LogOutputStream:75 - [STDERR_REDIRECT] [Fatal Error] :1:1: Premature end of file.
2026-03-29 17:53:04,639 [ERROR] LogOutputStream:75 - [STDERR_REDIRECT] 
2026-03-29 17:53:05,635 [ERROR] LogOutputStream:75 - [STDERR_REDIRECT] [Fatal Error] :1:1: Premature end of file.
2026-03-29 17:53:05,635 [ERROR] LogOutputStream:75 - [STDERR_REDIRECT] 
2026-03-29 17:53:06,634 [ERROR] LogOutputStream:75 - [STDERR_REDIRECT] [Fatal Error] :1:1: Premature end of file.
2026-03-29 17:53:06,636 [ERROR] LogOutputStream:75 - [STDERR_REDIRECT] 
2026-03-29 17:53:07,638 [ERROR] LogOutputStream:75 - [STDERR_REDIRECT] [Fatal Error] :1:1: Premature end of file.
2026-03-29 17:53:07,638 [ERROR] LogOutputStream:75 - [STDERR_REDIRECT] 
2026-03-29 17:53:08,631 [ERROR] LogOutputStream:75 - [STDERR_REDIRECT] [Fatal Error] :1:1: Premature end of file.
2026-03-29 17:53:08,632 [ERROR] LogOutputStream:75 - [STDERR_REDIRECT] 
2026-03-29 17:53:09,777 [ERROR] LogOutputStream:75 - [STDERR_REDIRECT] [Fatal Error] :1:1: Premature end of file.
2026-03-29 17:53:09,778 [ERROR] LogOutputStream:75 - [STDERR_REDIRECT] 
2026-03-29 17:53:10,639 [ERROR] LogOutputStream:75 - [STDERR_REDIRECT] [Fatal Error] :1:1: Premature end of file.
2026-03-29 17:53:10,639 [ERROR] LogOutputStream:75 - [STDERR_REDIRECT] 
2026-03-29 17:53:11,636 [ERROR] LogOutputStream:75 - [STDERR_REDIRECT] [Fatal Error] :1:1: Premature end of file.
2026-03-29 17:53:11,636 [ERROR] LogOutputStream:75 - [STDERR_REDIRECT] 
2026-03-29 17:53:12,638 [ERROR] LogOutputStream:75 - [STDERR_REDIRECT] [Fatal Error] :1:1: Premature end of file.
2026-03-29 17:53:12,638 [ERROR] LogOutputStream:75 - [STDERR_REDIRECT] 
2026-03-29 17:53:13,640 [ERROR] LogOutputStream:75 - [STDERR_REDIRECT] [Fatal Error] :1:1: Premature end of file.
2026-03-29 17:53:13,641 [ERROR] LogOutputStream:75 - [STDERR_REDIRECT] 
2026-03-29 17:53:14,631 [ERROR] LogOutputStream:75 - [STDERR_REDIRECT] [Fatal Error] :1:1: Premature end of file.
2026-03-29 17:53:14,631 [ERROR] LogOutputStream:75 - [STDERR_REDIRECT] 
2026-03-29 17:53:15,636 [ERROR] LogOutputStream:75 - [STDERR_REDIRECT] [Fatal Error] :1:1: Premature end of file.
2026-03-29 17:53:15,636 [ERROR] LogOutputStream:75 - [STDERR_REDIRECT] 
2026-03-29 17:53:16,635 [ERROR] LogOutputStream:75 - [STDERR_REDIRECT] [Fatal Error] :1:1: Premature end of file.
2026-03-29 17:53:16,635 [ERROR] LogOutputStream:75 - [STDERR_REDIRECT] 
2026-03-29 17:53:17,631 [ERROR] LogOutputStream:75 - [STDERR_REDIRECT] [Fatal Error] :1:1: Premature end of file.
2026-03-29 17:53:17,631 [ERROR] LogOutputStream:75 - [STDERR_REDIRECT] 
2026-03-29 17:53:18,648 [ERROR] LogOutputStream:75 - [STDERR_REDIRECT] [Fatal Error] :1:1: Premature end of file.
2026-03-29 17:53:18,648 [ERROR] LogOutputStream:75 - [STDERR_REDIRECT] 
2026-03-29 17:53:19,632 [ERROR] LogOutputStream:75 - [STDERR_REDIRECT] [Fatal Error] :1:1: Premature end of file.
2026-03-29 17:53:19,632 [ERROR] LogOutputStream:75 - [STDERR_REDIRECT] 
2026-03-29 17:53:20,686 [ERROR] LogOutputStream:75 - [STDERR_REDIRECT] [Fatal Error] :1:1: Premature end of file.
2026-03-29 17:53:20,686 [ERROR] LogOutputStream:75 - [STDERR_REDIRECT] 
2026-03-29 17:53:21,634 [ERROR] LogOutputStream:75 - [STDERR_REDIRECT] [Fatal Error] :1:1: Premature end of file.
2026-03-29 17:53:21,634 [ERROR] LogOutputStream:75 - [STDERR_REDIRECT] 
2026-03-29 17:53:22,636 [ERROR] LogOutputStream:75 - [STDERR_REDIRECT] [Fatal Error] :1:1: Premature end of file.
2026-03-29 17:53:22,636 [ERROR] LogOutputStream:75 - [STDERR_REDIRECT] 
2026-03-29 17:53:23,639 [ERROR] LogOutputStream:75 - [STDERR_REDIRECT] [Fatal Error] :1:1: Premature end of file.
2026-03-29 17:53:23,639 [ERROR] LogOutputStream:75 - [STDERR_REDIRECT] 
2026-03-29 17:53:24,644 [ERROR] LogOutputStream:75 - [STDERR_REDIRECT] [Fatal Error] :1:1: Premature end of file.
2026-03-29 17:53:24,644 [ERROR] LogOutputStream:75 - [STDERR_REDIRECT] 
2026-03-29 17:53:25,632 [ERROR] LogOutputStream:75 - [STDERR_REDIRECT] [Fatal Error] :1:1: Premature end of file.
2026-03-29 17:53:25,632 [ERROR] LogOutputStream:75 - [STDERR_REDIRECT] 
2026-03-29 17:53:26,655 [ERROR] LogOutputStream:75 - [STDERR_REDIRECT] [Fatal Error] :1:1: Premature end of file.
2026-03-29 17:53:26,655 [ERROR] LogOutputStream:75 - [STDERR_REDIRECT] 
2026-03-29 17:53:27,630 [ERROR] LogOutputStream:75 - [STDERR_REDIRECT] [Fatal Error] :1:1: Premature end of file.
2026-03-29 17:53:27,630 [ERROR] LogOutputStream:75 - [STDERR_REDIRECT] 
2026-03-29 17:53:28,641 [ERROR] LogOutputStream:75 - [STDERR_REDIRECT] [Fatal Error] :1:1: Premature end of file.
2026-03-29 17:53:28,641 [ERROR] LogOutputStream:75 - [STDERR_REDIRECT] 
2026-03-29 17:53:29,634 [ERROR] LogOutputStream:75 - [STDERR_REDIRECT] [Fatal Error] :1:1: Premature end of file.
2026-03-29 17:53:29,635 [ERROR] LogOutputStream:75 - [STDERR_REDIRECT] 
2026-03-29 17:53:30,640 [ERROR] LogOutputStream:75 - [STDERR_REDIRECT] [Fatal Error] :1:1: Premature end of file.
2026-03-29 17:53:30,640 [ERROR] LogOutputStream:75 - [STDERR_REDIRECT] 
2026-03-29 17:53:31,641 [ERROR] LogOutputStream:75 - [STDERR_REDIRECT] [Fatal Error] :1:1: Premature end of file.
2026-03-29 17:53:31,641 [ERROR] LogOutputStream:75 - [STDERR_REDIRECT] 
2026-03-29 17:53:32,638 [ERROR] LogOutputStream:75 - [STDERR_REDIRECT] [Fatal Error] :1:1: Premature end of file.
2026-03-29 17:53:32,638 [ERROR] LogOutputStream:75 - [STDERR_REDIRECT] 
2026-03-29 17:53:33,644 [ERROR] LogOutputStream:75 - [STDERR_REDIRECT] [Fatal Error] :1:1: Premature end of file.
2026-03-29 17:53:33,646 [ERROR] LogOutputStream:75 - [STDERR_REDIRECT] 
2026-03-29 17:53:34,643 [ERROR] LogOutputStream:75 - [STDERR_REDIRECT] [Fatal Error] :1:1: Premature end of file.
2026-03-29 17:53:34,643 [ERROR] LogOutputStream:75 - [STDERR_REDIRECT] 
2026-03-29 17:53:35,637 [ERROR] LogOutputStream:75 - [STDERR_REDIRECT] [Fatal Error] :1:1: Premature end of file.
2026-03-29 17:53:35,637 [ERROR] LogOutputStream:75 - [STDERR_REDIRECT] 
2026-03-29 17:53:36,636 [ERROR] LogOutputStream:75 - [STDERR_REDIRECT] [Fatal Error] :1:1: Premature end of file.
2026-03-29 17:53:36,636 [ERROR] LogOutputStream:75 - [STDERR_REDIRECT] 
2026-03-29 17:53:37,636 [ERROR] LogOutputStream:75 - [STDERR_REDIRECT] [Fatal Error] :1:1: Premature end of file.
2026-03-29 17:53:37,637 [ERROR] LogOutputStream:75 - [STDERR_REDIRECT] 
2026-03-29 17:53:38,638 [ERROR] LogOutputStream:75 - [STDERR_REDIRECT] [Fatal Error] :1:1: Premature end of file.
2026-03-29 17:53:38,638 [ERROR] LogOutputStream:75 - [STDERR_REDIRECT] 
2026-03-29 17:53:39,739 [ERROR] LogOutputStream:75 - [STDERR_REDIRECT] [Fatal Error] :1:1: Premature end of file.
2026-03-29 17:53:39,740 [ERROR] LogOutputStream:75 - [STDERR_REDIRECT] 
2026-03-29 17:53:40,644 [ERROR] LogOutputStream:75 - [STDERR_REDIRECT] [Fatal Error] :1:1: Premature end of file.
2026-03-29 17:53:40,644 [ERROR] LogOutputStream:75 - [STDERR_REDIRECT] 
2026-03-29 17:53:41,637 [ERROR] LogOutputStream:75 - [STDERR_REDIRECT] [Fatal Error] :1:1: Premature end of file.
2026-03-29 17:53:41,637 [ERROR] LogOutputStream:75 - [STDERR_REDIRECT] 
2026-03-29 17:53:42,638 [ERROR] LogOutputStream:75 - [STDERR_REDIRECT] [Fatal Error] :1:1: Premature end of file.
2026-03-29 17:53:42,638 [ERROR] LogOutputStream:75 - [STDERR_REDIRECT] 
2026-03-29 17:53:43,635 [ERROR] LogOutputStream:75 - [STDERR_REDIRECT] [Fatal Error] :1:1: Premature end of file.
2026-03-29 17:53:43,635 [ERROR] LogOutputStream:75 - [STDERR_REDIRECT] 
2026-03-29 17:53:44,630 [ERROR] LogOutputStream:75 - [STDERR_REDIRECT] [Fatal Error] :1:1: Premature end of file.
2026-03-29 17:53:44,630 [ERROR] LogOutputStream:75 - [STDERR_REDIRECT] 
2026-03-29 17:53:45,634 [ERROR] LogOutputStream:75 - [STDERR_REDIRECT] [Fatal Error] :1:1: Premature end of file.
2026-03-29 17:53:45,634 [ERROR] LogOutputStream:75 - [STDERR_REDIRECT] 
2026-03-29 17:53:46,634 [ERROR] LogOutputStream:75 - [STDERR_REDIRECT] [Fatal Error] :1:1: Premature end of file.
2026-03-29 17:53:46,634 [ERROR] LogOutputStream:75 - [STDERR_REDIRECT] 
2026-03-29 17:53:47,632 [ERROR] LogOutputStream:75 - [STDERR_REDIRECT] [Fatal Error] :1:1: Premature end of file.
2026-03-29 17:53:47,632 [ERROR] LogOutputStream:75 - [STDERR_REDIRECT] 
2026-03-29 17:53:48,636 [ERROR] LogOutputStream:75 - [STDERR_REDIRECT] [Fatal Error] :1:1: Premature end of file.
2026-03-29 17:53:48,636 [ERROR] LogOutputStream:75 - [STDERR_REDIRECT] 
2026-03-29 17:53:49,640 [ERROR] LogOutputStream:75 - [STDERR_REDIRECT] [Fatal Error] :1:1: Premature end of file.
2026-03-29 17:53:49,640 [ERROR] LogOutputStream:75 - [STDERR_REDIRECT] 
2026-03-29 17:53:50,638 [ERROR] LogOutputStream:75 - [STDERR_REDIRECT] [Fatal Error] :1:1: Premature end of file.
2026-03-29 17:53:50,639 [ERROR] LogOutputStream:75 - [STDERR_REDIRECT] 
2026-03-29 17:53:51,644 [ERROR] LogOutputStream:75 - [STDERR_REDIRECT] [Fatal Error] :1:1: Premature end of file.
2026-03-29 17:53:51,644 [ERROR] LogOutputStream:75 - [STDERR_REDIRECT] 
2026-03-29 17:53:52,643 [ERROR] LogOutputStream:75 - [STDERR_REDIRECT] [Fatal Error] :1:1: Premature end of file.
2026-03-29 17:53:52,643 [ERROR] LogOutputStream:75 - [STDERR_REDIRECT] 
2026-03-29 17:53:53,634 [ERROR] LogOutputStream:75 - [STDERR_REDIRECT] [Fatal Error] :1:1: Premature end of file.
2026-03-29 17:53:53,634 [ERROR] LogOutputStream:75 - [STDERR_REDIRECT] 
2026-03-29 17:53:54,634 [ERROR] LogOutputStream:75 - [STDERR_REDIRECT] [Fatal Error] :1:1: Premature end of file.
2026-03-29 17:53:54,634 [ERROR] LogOutputStream:75 - [STDERR_REDIRECT] 
2026-03-29 17:53:55,637 [ERROR] LogOutputStream:75 - [STDERR_REDIRECT] [Fatal Error] :1:1: Premature end of file.
2026-03-29 17:53:55,637 [ERROR] LogOutputStream:75 - [STDERR_REDIRECT] 
2026-03-29 17:53:56,638 [ERROR] LogOutputStream:75 - [STDERR_REDIRECT] [Fatal Error] :1:1: Premature end of file.
2026-03-29 17:53:56,638 [ERROR] LogOutputStream:75 - [STDERR_REDIRECT] 
2026-03-29 17:53:57,629 [ERROR] LogOutputStream:75 - [STDERR_REDIRECT] [Fatal Error] :1:1: Premature end of file.
2026-03-29 17:53:57,630 [ERROR] LogOutputStream:75 - [STDERR_REDIRECT] 
2026-03-29 17:53:58,630 [ERROR] LogOutputStream:75 - [STDERR_REDIRECT] [Fatal Error] :1:1: Premature end of file.
2026-03-29 17:53:58,630 [ERROR] LogOutputStream:75 - [STDERR_REDIRECT] 
2026-03-29 17:53:59,638 [ERROR] LogOutputStream:75 - [STDERR_REDIRECT] [Fatal Error] :1:1: Premature end of file.
2026-03-29 17:53:59,638 [ERROR] LogOutputStream:75 - [STDERR_REDIRECT] 
2026-03-29 17:54:00,634 [ERROR] LogOutputStream:75 - [STDERR_REDIRECT] [Fatal Error] :1:1: Premature end of file.
2026-03-29 17:54:00,634 [ERROR] LogOutputStream:75 - [STDERR_REDIRECT] 
2026-03-29 17:54:01,630 [ERROR] LogOutputStream:75 - [STDERR_REDIRECT] [Fatal Error] :1:1: Premature end of file.
2026-03-29 17:54:01,630 [ERROR] LogOutputStream:75 - [STDERR_REDIRECT] 
2026-03-29 17:54:02,840 [ERROR] LogOutputStream:75 - [STDERR_REDIRECT] [Fatal Error] :1:1: Premature end of file.
2026-03-29 17:54:02,841 [ERROR] LogOutputStream:75 - [STDERR_REDIRECT] 
2026-03-29 17:54:03,640 [ERROR] LogOutputStream:75 - [STDERR_REDIRECT] [Fatal Error] :1:1: Premature end of file.
2026-03-29 17:54:03,640 [ERROR] LogOutputStream:75 - [STDERR_REDIRECT] 
2026-03-29 17:54:04,630 [ERROR] LogOutputStream:75 - [STDERR_REDIRECT] [Fatal Error] :1:1: Premature end of file.
2026-03-29 17:54:04,630 [ERROR] LogOutputStream:75 - [STDERR_REDIRECT] 
2026-03-29 17:54:05,640 [ERROR] LogOutputStream:75 - [STDERR_REDIRECT] [Fatal Error] :1:1: Premature end of file.
2026-03-29 17:54:05,640 [ERROR] LogOutputStream:75 - [STDERR_REDIRECT] 
2026-03-29 17:54:06,637 [ERROR] LogOutputStream:75 - [STDERR_REDIRECT] [Fatal Error] :1:1: Premature end of file.
2026-03-29 17:54:06,637 [ERROR] LogOutputStream:75 - [STDERR_REDIRECT] 
2026-03-29 17:54:07,637 [ERROR] LogOutputStream:75 - [STDERR_REDIRECT] [Fatal Error] :1:1: Premature end of file.
2026-03-29 17:54:07,640 [ERROR] LogOutputStream:75 - [STDERR_REDIRECT] 
2026-03-29 17:54:08,641 [ERROR] LogOutputStream:75 - [STDERR_REDIRECT] [Fatal Error] :1:1: Premature end of file.
2026-03-29 17:54:08,641 [ERROR] LogOutputStream:75 - [STDERR_REDIRECT] 
2026-03-29 17:54:09,644 [ERROR] LogOutputStream:75 - [STDERR_REDIRECT] [Fatal Error] :1:1: Premature end of file.
2026-03-29 17:54:09,644 [ERROR] LogOutputStream:75 - [STDERR_REDIRECT] 
2026-03-29 17:54:10,645 [ERROR] LogOutputStream:75 - [STDERR_REDIRECT] [Fatal Error] :1:1: Premature end of file.
2026-03-29 17:54:10,645 [ERROR] LogOutputStream:75 - [STDERR_REDIRECT] 
2026-03-29 17:54:11,709 [ERROR] LogOutputStream:75 - [STDERR_REDIRECT] [Fatal Error] :1:1: Premature end of file.
2026-03-29 17:54:11,713 [ERROR] LogOutputStream:75 - [STDERR_REDIRECT] 
2026-03-29 17:54:12,632 [ERROR] LogOutputStream:75 - [STDERR_REDIRECT] [Fatal Error] :1:1: Premature end of file.
2026-03-29 17:54:12,632 [ERROR] LogOutputStream:75 - [STDERR_REDIRECT] 
2026-03-29 17:54:13,646 [ERROR] LogOutputStream:75 - [STDERR_REDIRECT] [Fatal Error] :1:1: Premature end of file.
2026-03-29 17:54:13,646 [ERROR] LogOutputStream:75 - [STDERR_REDIRECT] 
2026-03-29 17:54:14,642 [ERROR] LogOutputStream:75 - [STDERR_REDIRECT] [Fatal Error] :1:1: Premature end of file.
2026-03-29 17:54:14,642 [ERROR] LogOutputStream:75 - [STDERR_REDIRECT] 
2026-03-29 17:54:15,639 [ERROR] LogOutputStream:75 - [STDERR_REDIRECT] [Fatal Error] :1:1: Premature end of file.
2026-03-29 17:54:15,639 [ERROR] LogOutputStream:75 - [STDERR_REDIRECT] 
2026-03-29 17:54:16,638 [ERROR] LogOutputStream:75 - [STDERR_REDIRECT] [Fatal Error] :1:1: Premature end of file.
2026-03-29 17:54:16,638 [ERROR] LogOutputStream:75 - [STDERR_REDIRECT] 
2026-03-29 17:54:17,632 [ERROR] LogOutputStream:75 - [STDERR_REDIRECT] [Fatal Error] :1:1: Premature end of file.
2026-03-29 17:54:17,632 [ERROR] LogOutputStream:75 - [STDERR_REDIRECT] 
2026-03-29 17:54:18,628 [ERROR] LogOutputStream:75 - [STDERR_REDIRECT] [Fatal Error] :1:1: Premature end of file.
2026-03-29 17:54:18,628 [ERROR] LogOutputStream:75 - [STDERR_REDIRECT] 
2026-03-29 17:54:19,636 [ERROR] LogOutputStream:75 - [STDERR_REDIRECT] [Fatal Error] :1:1: Premature end of file.
2026-03-29 17:54:19,636 [ERROR] LogOutputStream:75 - [STDERR_REDIRECT] 
2026-03-29 17:54:20,640 [ERROR] LogOutputStream:75 - [STDERR_REDIRECT] [Fatal Error] :1:1: Premature end of file.
2026-03-29 17:54:20,640 [ERROR] LogOutputStream:75 - [STDERR_REDIRECT] 
2026-03-29 17:54:21,635 [ERROR] LogOutputStream:75 - [STDERR_REDIRECT] [Fatal Error] :1:1: Premature end of file.
2026-03-29 17:54:21,635 [ERROR] LogOutputStream:75 - [STDERR_REDIRECT] 
2026-03-29 17:54:22,711 [ERROR] LogOutputStream:75 - [STDERR_REDIRECT] [Fatal Error] :1:1: Premature end of file.
2026-03-29 17:54:22,711 [ERROR] LogOutputStream:75 - [STDERR_REDIRECT] 
2026-03-29 17:54:23,639 [ERROR] LogOutputStream:75 - [STDERR_REDIRECT] [Fatal Error] :1:1: Premature end of file.
2026-03-29 17:54:23,639 [ERROR] LogOutputStream:75 - [STDERR_REDIRECT] 
2026-03-29 17:54:24,646 [ERROR] LogOutputStream:75 - [STDERR_REDIRECT] [Fatal Error] :1:1: Premature end of file.
2026-03-29 17:54:24,646 [ERROR] LogOutputStream:75 - [STDERR_REDIRECT] 
2026-03-29 17:54:25,634 [ERROR] LogOutputStream:75 - [STDERR_REDIRECT] [Fatal Error] :1:1: Premature end of file.
2026-03-29 17:54:25,634 [ERROR] LogOutputStream:75 - [STDERR_REDIRECT] 
2026-03-29 17:54:26,634 [ERROR] LogOutputStream:75 - [STDERR_REDIRECT] [Fatal Error] :1:1: Premature end of file.
2026-03-29 17:54:26,634 [ERROR] LogOutputStream:75 - [STDERR_REDIRECT] 
2026-03-29 17:54:27,627 [ERROR] LogOutputStream:75 - [STDERR_REDIRECT] [Fatal Error] :1:1: Premature end of file.
2026-03-29 17:54:27,627 [ERROR] LogOutputStream:75 - [STDERR_REDIRECT] 
2026-03-29 17:54:28,630 [ERROR] LogOutputStream:75 - [STDERR_REDIRECT] [Fatal Error] :1:1: Premature end of file.
2026-03-29 17:54:28,630 [ERROR] LogOutputStream:75 - [STDERR_REDIRECT] 
2026-03-29 17:54:29,635 [ERROR] LogOutputStream:75 - [STDERR_REDIRECT] [Fatal Error] :1:1: Premature end of file.
2026-03-29 17:54:29,635 [ERROR] LogOutputStream:75 - [STDERR_REDIRECT] 
2026-03-29 17:54:30,632 [ERROR] LogOutputStream:75 - [STDERR_REDIRECT] [Fatal Error] :1:1: Premature end of file.
2026-03-29 17:54:30,632 [ERROR] LogOutputStream:75 - [STDERR_REDIRECT] 
2026-03-29 17:54:31,646 [ERROR] LogOutputStream:75 - [STDERR_REDIRECT] [Fatal Error] :1:1: Premature end of file.
2026-03-29 17:54:31,646 [ERROR] LogOutputStream:75 - [STDERR_REDIRECT] 
2026-03-29 17:54:32,642 [ERROR] LogOutputStream:75 - [STDERR_REDIRECT] [Fatal Error] :1:1: Premature end of file.
2026-03-29 17:54:32,642 [ERROR] LogOutputStream:75 - [STDERR_REDIRECT] 
2026-03-29 17:54:33,633 [ERROR] LogOutputStream:75 - [STDERR_REDIRECT] [Fatal Error] :1:1: Premature end of file.
2026-03-29 17:54:33,633 [ERROR] LogOutputStream:75 - [STDERR_REDIRECT] 
2026-03-29 17:54:34,651 [ERROR] LogOutputStream:75 - [STDERR_REDIRECT] [Fatal Error] :1:1: Premature end of file.
2026-03-29 17:54:34,651 [ERROR] LogOutputStream:75 - [STDERR_REDIRECT] 
2026-03-29 17:54:35,640 [ERROR] LogOutputStream:75 - [STDERR_REDIRECT] [Fatal Error] :1:1: Premature end of file.
2026-03-29 17:54:35,640 [ERROR] LogOutputStream:75 - [STDERR_REDIRECT] 
2026-03-29 17:54:36,648 [ERROR] LogOutputStream:75 - [STDERR_REDIRECT] [Fatal Error] :1:1: Premature end of file.
2026-03-29 17:54:36,648 [ERROR] LogOutputStream:75 - [STDERR_REDIRECT] 
2026-03-29 17:54:37,643 [ERROR] LogOutputStream:75 - [STDERR_REDIRECT] [Fatal Error] :1:1: Premature end of file.
2026-03-29 17:54:37,643 [ERROR] LogOutputStream:75 - [STDERR_REDIRECT] 
2026-03-29 17:54:38,645 [ERROR] LogOutputStream:75 - [STDERR_REDIRECT] [Fatal Error] :1:1: Premature end of file.
2026-03-29 17:54:38,645 [ERROR] LogOutputStream:75 - [STDERR_REDIRECT] 
2026-03-29 17:54:39,631 [ERROR] LogOutputStream:75 - [STDERR_REDIRECT] [Fatal Error] :1:1: Premature end of file.
2026-03-29 17:54:39,631 [ERROR] LogOutputStream:75 - [STDERR_REDIRECT] 
2026-03-29 17:54:40,652 [ERROR] LogOutputStream:75 - [STDERR_REDIRECT] [Fatal Error] :1:1: Premature end of file.
2026-03-29 17:54:40,652 [ERROR] LogOutputStream:75 - [STDERR_REDIRECT] 
2026-03-29 17:54:41,647 [ERROR] LogOutputStream:75 - [STDERR_REDIRECT] [Fatal Error] :1:1: Premature end of file.
2026-03-29 17:54:41,648 [ERROR] LogOutputStream:75 - [STDERR_REDIRECT] 
2026-03-29 17:54:42,627 [ERROR] LogOutputStream:75 - [STDERR_REDIRECT] [Fatal Error] :1:1: Premature end of file.
2026-03-29 17:54:42,627 [ERROR] LogOutputStream:75 - [STDERR_REDIRECT] 
2026-03-29 17:54:43,648 [ERROR] LogOutputStream:75 - [STDERR_REDIRECT] [Fatal Error] :1:1: Premature end of file.
2026-03-29 17:54:43,648 [ERROR] LogOutputStream:75 - [STDERR_REDIRECT] 
2026-03-29 17:54:44,826 [ERROR] LogOutputStream:75 - [STDERR_REDIRECT] [Fatal Error] :1:1: Premature end of file.
2026-03-29 17:54:44,826 [ERROR] LogOutputStream:75 - [STDERR_REDIRECT] 
2026-03-29 17:54:45,642 [ERROR] LogOutputStream:75 - [STDERR_REDIRECT] [Fatal Error] :1:1: Premature end of file.
2026-03-29 17:54:45,642 [ERROR] LogOutputStream:75 - [STDERR_REDIRECT] 
2026-03-29 17:54:46,629 [ERROR] LogOutputStream:75 - [STDERR_REDIRECT] [Fatal Error] :1:1: Premature end of file.
2026-03-29 17:54:46,629 [ERROR] LogOutputStream:75 - [STDERR_REDIRECT] 
2026-03-29 17:54:47,634 [ERROR] LogOutputStream:75 - [STDERR_REDIRECT] [Fatal Error] :1:1: Premature end of file.
2026-03-29 17:54:47,635 [ERROR] LogOutputStream:75 - [STDERR_REDIRECT] 
2026-03-29 17:54:48,636 [ERROR] LogOutputStream:75 - [STDERR_REDIRECT] [Fatal Error] :1:1: Premature end of file.
2026-03-29 17:54:48,636 [ERROR] LogOutputStream:75 - [STDERR_REDIRECT] 
2026-03-29 17:54:49,646 [ERROR] LogOutputStream:75 - [STDERR_REDIRECT] [Fatal Error] :1:1: Premature end of file.
2026-03-29 17:54:49,646 [ERROR] LogOutputStream:75 - [STDERR_REDIRECT] 
2026-03-29 17:54:50,638 [ERROR] LogOutputStream:75 - [STDERR_REDIRECT] [Fatal Error] :1:1: Premature end of file.
2026-03-29 17:54:50,638 [ERROR] LogOutputStream:75 - [STDERR_REDIRECT] 
2026-03-29 17:54:51,639 [ERROR] LogOutputStream:75 - [STDERR_REDIRECT] [Fatal Error] :1:1: Premature end of file.
2026-03-29 17:54:51,639 [ERROR] LogOutputStream:75 - [STDERR_REDIRECT] 
2026-03-29 17:54:52,628 [ERROR] LogOutputStream:75 - [STDERR_REDIRECT] [Fatal Error] :1:1: Premature end of file.
2026-03-29 17:54:52,628 [ERROR] LogOutputStream:75 - [STDERR_REDIRECT] 
2026-03-29 17:54:53,637 [ERROR] LogOutputStream:75 - [STDERR_REDIRECT] [Fatal Error] :1:1: Premature end of file.
2026-03-29 17:54:53,638 [ERROR] LogOutputStream:75 - [STDERR_REDIRECT] 
2026-03-29 17:54:54,645 [ERROR] LogOutputStream:75 - [STDERR_REDIRECT] [Fatal Error] :1:1: Premature end of file.
2026-03-29 17:54:54,645 [ERROR] LogOutputStream:75 - [STDERR_REDIRECT] 
2026-03-29 17:54:55,647 [ERROR] LogOutputStream:75 - [STDERR_REDIRECT] [Fatal Error] :1:1: Premature end of file.
2026-03-29 17:54:55,647 [ERROR] LogOutputStream:75 - [STDERR_REDIRECT] 
2026-03-29 17:54:56,648 [ERROR] LogOutputStream:75 - [STDERR_REDIRECT] [Fatal Error] :1:1: Premature end of file.
2026-03-29 17:54:56,648 [ERROR] LogOutputStream:75 - [STDERR_REDIRECT] 
2026-03-29 17:54:57,629 [ERROR] LogOutputStream:75 - [STDERR_REDIRECT] [Fatal Error] :1:1: Premature end of file.
2026-03-29 17:54:57,629 [ERROR] LogOutputStream:75 - [STDERR_REDIRECT] 
2026-03-29 17:54:58,639 [ERROR] LogOutputStream:75 - [STDERR_REDIRECT] [Fatal Error] :1:1: Premature end of file.
2026-03-29 17:54:58,639 [ERROR] LogOutputStream:75 - [STDERR_REDIRECT] 
2026-03-29 17:54:59,646 [ERROR] LogOutputStream:75 - [STDERR_REDIRECT] [Fatal Error] :1:1: Premature end of file.
2026-03-29 17:54:59,647 [ERROR] LogOutputStream:75 - [STDERR_REDIRECT] 
2026-03-29 17:55:00,634 [ERROR] LogOutputStream:75 - [STDERR_REDIRECT] [Fatal Error] :1:1: Premature end of file.
2026-03-29 17:55:00,634 [ERROR] LogOutputStream:75 - [STDERR_REDIRECT] 
2026-03-29 17:55:01,694 [ERROR] LogOutputStream:75 - [STDERR_REDIRECT] [Fatal Error] :1:1: Premature end of file.
2026-03-29 17:55:01,694 [ERROR] LogOutputStream:75 - [STDERR_REDIRECT] 
2026-03-29 17:55:02,645 [ERROR] LogOutputStream:75 - [STDERR_REDIRECT] [Fatal Error] :1:1: Premature end of file.
2026-03-29 17:55:02,645 [ERROR] LogOutputStream:75 - [STDERR_REDIRECT] 
2026-03-29 17:55:03,645 [ERROR] LogOutputStream:75 - [STDERR_REDIRECT] [Fatal Error] :1:1: Premature end of file.
2026-03-29 17:55:03,647 [ERROR] LogOutputStream:75 - [STDERR_REDIRECT] 
2026-03-29 17:55:04,632 [ERROR] LogOutputStream:75 - [STDERR_REDIRECT] [Fatal Error] :1:1: Premature end of file.
2026-03-29 17:55:04,632 [ERROR] LogOutputStream:75 - [STDERR_REDIRECT] 
2026-03-29 17:55:05,630 [ERROR] LogOutputStream:75 - [STDERR_REDIRECT] [Fatal Error] :1:1: Premature end of file.
2026-03-29 17:55:05,631 [ERROR] LogOutputStream:75 - [STDERR_REDIRECT] 
2026-03-29 17:55:06,634 [ERROR] LogOutputStream:75 - [STDERR_REDIRECT] [Fatal Error] :1:1: Premature end of file.
2026-03-29 17:55:06,634 [ERROR] LogOutputStream:75 - [STDERR_REDIRECT] 
2026-03-29 17:55:07,629 [ERROR] LogOutputStream:75 - [STDERR_REDIRECT] [Fatal Error] :1:1: Premature end of file.
2026-03-29 17:55:07,629 [ERROR] LogOutputStream:75 - [STDERR_REDIRECT] 
2026-03-29 17:55:08,639 [ERROR] LogOutputStream:75 - [STDERR_REDIRECT] [Fatal Error] :1:1: Premature end of file.
2026-03-29 17:55:08,639 [ERROR] LogOutputStream:75 - [STDERR_REDIRECT] 
2026-03-29 17:55:09,629 [ERROR] LogOutputStream:75 - [STDERR_REDIRECT] [Fatal Error] :1:1: Premature end of file.
2026-03-29 17:55:09,630 [ERROR] LogOutputStream:75 - [STDERR_REDIRECT] 
2026-03-29 17:55:10,640 [ERROR] LogOutputStream:75 - [STDERR_REDIRECT] [Fatal Error] :1:1: Premature end of file.
2026-03-29 17:55:10,641 [ERROR] LogOutputStream:75 - [STDERR_REDIRECT] 
2026-03-29 17:55:11,642 [ERROR] LogOutputStream:75 - [STDERR_REDIRECT] [Fatal Error] :1:1: Premature end of file.
2026-03-29 17:55:11,642 [ERROR] LogOutputStream:75 - [STDERR_REDIRECT] 
2026-03-29 17:55:12,634 [ERROR] LogOutputStream:75 - [STDERR_REDIRECT] [Fatal Error] :1:1: Premature end of file.
2026-03-29 17:55:12,634 [ERROR] LogOutputStream:75 - [STDERR_REDIRECT] 
2026-03-29 17:55:13,638 [ERROR] LogOutputStream:75 - [STDERR_REDIRECT] [Fatal Error] :1:1: Premature end of file.
2026-03-29 17:55:13,638 [ERROR] LogOutputStream:75 - [STDERR_REDIRECT] 
2026-03-29 17:55:14,738 [ERROR] LogOutputStream:75 - [STDERR_REDIRECT] [Fatal Error] :1:1: Premature end of file.
2026-03-29 17:55:14,739 [ERROR] LogOutputStream:75 - [STDERR_REDIRECT] 
2026-03-29 17:55:15,642 [ERROR] LogOutputStream:75 - [STDERR_REDIRECT] [Fatal Error] :1:1: Premature end of file.
2026-03-29 17:55:15,642 [ERROR] LogOutputStream:75 - [STDERR_REDIRECT] 
2026-03-29 17:55:16,634 [ERROR] LogOutputStream:75 - [STDERR_REDIRECT] [Fatal Error] :1:1: Premature end of file.
2026-03-29 17:55:16,634 [ERROR] LogOutputStream:75 - [STDERR_REDIRECT] 
2026-03-29 17:55:17,645 [ERROR] LogOutputStream:75 - [STDERR_REDIRECT] [Fatal Error] :1:1: Premature end of file.
2026-03-29 17:55:17,646 [ERROR] LogOutputStream:75 - [STDERR_REDIRECT] 
2026-03-29 17:55:18,635 [ERROR] LogOutputStream:75 - [STDERR_REDIRECT] [Fatal Error] :1:1: Premature end of file.
2026-03-29 17:55:18,635 [ERROR] LogOutputStream:75 - [STDERR_REDIRECT] 
2026-03-29 17:55:19,642 [ERROR] LogOutputStream:75 - [STDERR_REDIRECT] [Fatal Error] :1:1: Premature end of file.
2026-03-29 17:55:19,642 [ERROR] LogOutputStream:75 - [STDERR_REDIRECT] 
2026-03-29 17:55:20,643 [ERROR] LogOutputStream:75 - [STDERR_REDIRECT] [Fatal Error] :1:1: Premature end of file.
2026-03-29 17:55:20,643 [ERROR] LogOutputStream:75 - [STDERR_REDIRECT] 
2026-03-29 17:55:21,636 [ERROR] LogOutputStream:75 - [STDERR_REDIRECT] [Fatal Error] :1:1: Premature end of file.
2026-03-29 17:55:21,636 [ERROR] LogOutputStream:75 - [STDERR_REDIRECT] 
2026-03-29 17:55:22,638 [ERROR] LogOutputStream:75 - [STDERR_REDIRECT] [Fatal Error] :1:1: Premature end of file.
2026-03-29 17:55:22,638 [ERROR] LogOutputStream:75 - [STDERR_REDIRECT] 
2026-03-29 17:55:23,636 [ERROR] LogOutputStream:75 - [STDERR_REDIRECT] [Fatal Error] :1:1: Premature end of file.
2026-03-29 17:55:23,636 [ERROR] LogOutputStream:75 - [STDERR_REDIRECT] 
2026-03-29 17:55:24,636 [ERROR] LogOutputStream:75 - [STDERR_REDIRECT] [Fatal Error] :1:1: Premature end of file.
2026-03-29 17:55:24,636 [ERROR] LogOutputStream:75 - [STDERR_REDIRECT] 
2026-03-29 17:55:25,632 [ERROR] LogOutputStream:75 - [STDERR_REDIRECT] [Fatal Error] :1:1: Premature end of file.
2026-03-29 17:55:25,632 [ERROR] LogOutputStream:75 - [STDERR_REDIRECT] 
2026-03-29 17:55:26,632 [ERROR] LogOutputStream:75 - [STDERR_REDIRECT] [Fatal Error] :1:1: Premature end of file.
2026-03-29 17:55:26,632 [ERROR] LogOutputStream:75 - [STDERR_REDIRECT] 
2026-03-29 17:55:27,632 [ERROR] LogOutputStream:75 - [STDERR_REDIRECT] [Fatal Error] :1:1: Premature end of file.
2026-03-29 17:55:27,632 [ERROR] LogOutputStream:75 - [STDERR_REDIRECT] 
2026-03-29 17:55:28,636 [ERROR] LogOutputStream:75 - [STDERR_REDIRECT] [Fatal Error] :1:1: Premature end of file.
2026-03-29 17:55:28,636 [ERROR] LogOutputStream:75 - [STDERR_REDIRECT] 
2026-03-29 17:55:29,630 [ERROR] LogOutputStream:75 - [STDERR_REDIRECT] [Fatal Error] :1:1: Premature end of file.
2026-03-29 17:55:29,632 [ERROR] LogOutputStream:75 - [STDERR_REDIRECT] 
2026-03-29 17:55:30,634 [ERROR] LogOutputStream:75 - [STDERR_REDIRECT] [Fatal Error] :1:1: Premature end of file.
2026-03-29 17:55:30,634 [ERROR] LogOutputStream:75 - [STDERR_REDIRECT] 
2026-03-29 17:55:31,631 [ERROR] LogOutputStream:75 - [STDERR_REDIRECT] [Fatal Error] :1:1: Premature end of file.
2026-03-29 17:55:31,631 [ERROR] LogOutputStream:75 - [STDERR_REDIRECT] 
2026-03-29 17:55:32,630 [ERROR] LogOutputStream:75 - [STDERR_REDIRECT] [Fatal Error] :1:1: Premature end of file.
2026-03-29 17:55:32,630 [ERROR] LogOutputStream:75 - [STDERR_REDIRECT] 
2026-03-29 17:55:33,637 [ERROR] LogOutputStream:75 - [STDERR_REDIRECT] [Fatal Error] :1:1: Premature end of file.
2026-03-29 17:55:33,637 [ERROR] LogOutputStream:75 - [STDERR_REDIRECT] 
2026-03-29 17:55:34,637 [ERROR] LogOutputStream:75 - [STDERR_REDIRECT] [Fatal Error] :1:1: Premature end of file.
2026-03-29 17:55:34,637 [ERROR] LogOutputStream:75 - [STDERR_REDIRECT] 
2026-03-29 17:55:35,634 [ERROR] LogOutputStream:75 - [STDERR_REDIRECT] [Fatal Error] :1:1: Premature end of file.
2026-03-29 17:55:35,634 [ERROR] LogOutputStream:75 - [STDERR_REDIRECT] 
2026-03-29 17:55:36,644 [ERROR] LogOutputStream:75 - [STDERR_REDIRECT] [Fatal Error] :1:1: Premature end of file.
2026-03-29 17:55:36,644 [ERROR] LogOutputStream:75 - [STDERR_REDIRECT] 
2026-03-29 17:55:37,633 [ERROR] LogOutputStream:75 - [STDERR_REDIRECT] [Fatal Error] :1:1: Premature end of file.
2026-03-29 17:55:37,634 [ERROR] LogOutputStream:75 - [STDERR_REDIRECT] 
2026-03-29 17:55:38,631 [ERROR] LogOutputStream:75 - [STDERR_REDIRECT] [Fatal Error] :1:1: Premature end of file.
2026-03-29 17:55:38,631 [ERROR] LogOutputStream:75 - [STDERR_REDIRECT] 
2026-03-29 17:55:39,658 [ERROR] LogOutputStream:75 - [STDERR_REDIRECT] [Fatal Error] :1:1: Premature end of file.
2026-03-29 17:55:39,658 [ERROR] LogOutputStream:75 - [STDERR_REDIRECT] 
2026-03-29 17:55:40,643 [ERROR] LogOutputStream:75 - [STDERR_REDIRECT] [Fatal Error] :1:1: Premature end of file.
2026-03-29 17:55:40,643 [ERROR] LogOutputStream:75 - [STDERR_REDIRECT] 
2026-03-29 17:55:41,636 [ERROR] LogOutputStream:75 - [STDERR_REDIRECT] [Fatal Error] :1:1: Premature end of file.
2026-03-29 17:55:41,636 [ERROR] LogOutputStream:75 - [STDERR_REDIRECT] 
2026-03-29 17:55:42,634 [ERROR] LogOutputStream:75 - [STDERR_REDIRECT] [Fatal Error] :1:1: Premature end of file.
2026-03-29 17:55:42,634 [ERROR] LogOutputStream:75 - [STDERR_REDIRECT] 
2026-03-29 17:55:43,631 [ERROR] LogOutputStream:75 - [STDERR_REDIRECT] [Fatal Error] :1:1: Premature end of file.
2026-03-29 17:55:43,631 [ERROR] LogOutputStream:75 - [STDERR_REDIRECT] 
2026-03-29 17:55:44,626 [ERROR] LogOutputStream:75 - [STDERR_REDIRECT] [Fatal Error] :1:1: Premature end of file.
2026-03-29 17:55:44,626 [ERROR] LogOutputStream:75 - [STDERR_REDIRECT] 
2026-03-29 17:55:45,633 [ERROR] LogOutputStream:75 - [STDERR_REDIRECT] [Fatal Error] :1:1: Premature end of file.
2026-03-29 17:55:45,634 [ERROR] LogOutputStream:75 - [STDERR_REDIRECT] 
2026-03-29 17:55:46,631 [ERROR] LogOutputStream:75 - [STDERR_REDIRECT] [Fatal Error] :1:1: Premature end of file.
2026-03-29 17:55:46,631 [ERROR] LogOutputStream:75 - [STDERR_REDIRECT] 
2026-03-29 17:55:47,631 [ERROR] LogOutputStream:75 - [STDERR_REDIRECT] [Fatal Error] :1:1: Premature end of file.
2026-03-29 17:55:47,631 [ERROR] LogOutputStream:75 - [STDERR_REDIRECT] 
2026-03-29 17:55:48,631 [ERROR] LogOutputStream:75 - [STDERR_REDIRECT] [Fatal Error] :1:1: Premature end of file.
2026-03-29 17:55:48,631 [ERROR] LogOutputStream:75 - [STDERR_REDIRECT] 
2026-03-29 17:55:49,635 [ERROR] LogOutputStream:75 - [STDERR_REDIRECT] [Fatal Error] :1:1: Premature end of file.
2026-03-29 17:55:49,636 [ERROR] LogOutputStream:75 - [STDERR_REDIRECT] 
2026-03-29 17:55:50,643 [ERROR] LogOutputStream:75 - [STDERR_REDIRECT] [Fatal Error] :1:1: Premature end of file.
2026-03-29 17:55:50,643 [ERROR] LogOutputStream:75 - [STDERR_REDIRECT] 
2026-03-29 17:55:51,631 [ERROR] LogOutputStream:75 - [STDERR_REDIRECT] [Fatal Error] :1:1: Premature end of file.
2026-03-29 17:55:51,631 [ERROR] LogOutputStream:75 - [STDERR_REDIRECT] 
2026-03-29 17:55:52,631 [ERROR] LogOutputStream:75 - [STDERR_REDIRECT] [Fatal Error] :1:1: Premature end of file.
2026-03-29 17:55:52,631 [ERROR] LogOutputStream:75 - [STDERR_REDIRECT] 
2026-03-29 17:55:53,650 [ERROR] LogOutputStream:75 - [STDERR_REDIRECT] [Fatal Error] :1:1: Premature end of file.
2026-03-29 17:55:53,650 [ERROR] LogOutputStream:75 - [STDERR_REDIRECT] 
2026-03-29 17:55:54,645 [ERROR] LogOutputStream:75 - [STDERR_REDIRECT] [Fatal Error] :1:1: Premature end of file.
2026-03-29 17:55:54,645 [ERROR] LogOutputStream:75 - [STDERR_REDIRECT] 
2026-03-29 17:55:55,637 [ERROR] LogOutputStream:75 - [STDERR_REDIRECT] [Fatal Error] :1:1: Premature end of file.
2026-03-29 17:55:55,637 [ERROR] LogOutputStream:75 - [STDERR_REDIRECT] 
2026-03-29 17:55:56,629 [ERROR] LogOutputStream:75 - [STDERR_REDIRECT] [Fatal Error] :1:1: Premature end of file.
2026-03-29 17:55:56,629 [ERROR] LogOutputStream:75 - [STDERR_REDIRECT] 
2026-03-29 17:55:57,634 [ERROR] LogOutputStream:75 - [STDERR_REDIRECT] [Fatal Error] :1:1: Premature end of file.
2026-03-29 17:55:57,634 [ERROR] LogOutputStream:75 - [STDERR_REDIRECT] 
2026-03-29 17:55:58,635 [ERROR] LogOutputStream:75 - [STDERR_REDIRECT] [Fatal Error] :1:1: Premature end of file.
2026-03-29 17:55:58,635 [ERROR] LogOutputStream:75 - [STDERR_REDIRECT] 
2026-03-29 17:55:59,636 [ERROR] LogOutputStream:75 - [STDERR_REDIRECT] [Fatal Error] :1:1: Premature end of file.
2026-03-29 17:55:59,636 [ERROR] LogOutputStream:75 - [STDERR_REDIRECT] 
2026-03-29 17:56:00,637 [ERROR] LogOutputStream:75 - [STDERR_REDIRECT] [Fatal Error] :1:1: Premature end of file.
2026-03-29 17:56:00,637 [ERROR] LogOutputStream:75 - [STDERR_REDIRECT] 
2026-03-29 17:56:01,632 [ERROR] LogOutputStream:75 - [STDERR_REDIRECT] [Fatal Error] :1:1: Premature end of file.
2026-03-29 17:56:01,632 [ERROR] LogOutputStream:75 - [STDERR_REDIRECT] 
2026-03-29 17:56:02,631 [ERROR] LogOutputStream:75 - [STDERR_REDIRECT] [Fatal Error] :1:1: Premature end of file.
2026-03-29 17:56:02,631 [ERROR] LogOutputStream:75 - [STDERR_REDIRECT] 
2026-03-29 17:56:03,634 [ERROR] LogOutputStream:75 - [STDERR_REDIRECT] [Fatal Error] :1:1: Premature end of file.
2026-03-29 17:56:03,634 [ERROR] LogOutputStream:75 - [STDERR_REDIRECT] 
2026-03-29 17:56:04,637 [ERROR] LogOutputStream:75 - [STDERR_REDIRECT] [Fatal Error] :1:1: Premature end of file.
2026-03-29 17:56:04,637 [ERROR] LogOutputStream:75 - [STDERR_REDIRECT] 
2026-03-29 17:56:05,637 [ERROR] LogOutputStream:75 - [STDERR_REDIRECT] [Fatal Error] :1:1: Premature end of file.
2026-03-29 17:56:05,639 [ERROR] LogOutputStream:75 - [STDERR_REDIRECT] 
2026-03-29 17:56:06,638 [ERROR] LogOutputStream:75 - [STDERR_REDIRECT] [Fatal Error] :1:1: Premature end of file.
2026-03-29 17:56:06,638 [ERROR] LogOutputStream:75 - [STDERR_REDIRECT] 
2026-03-29 17:56:07,646 [ERROR] LogOutputStream:75 - [STDERR_REDIRECT] [Fatal Error] :1:1: Premature end of file.
2026-03-29 17:56:07,647 [ERROR] LogOutputStream:75 - [STDERR_REDIRECT] 
2026-03-29 17:56:08,647 [ERROR] LogOutputStream:75 - [STDERR_REDIRECT] [Fatal Error] :1:1: Premature end of file.
2026-03-29 17:56:08,647 [ERROR] LogOutputStream:75 - [STDERR_REDIRECT] 
2026-03-29 17:56:09,638 [ERROR] LogOutputStream:75 - [STDERR_REDIRECT] [Fatal Error] :1:1: Premature end of file.
2026-03-29 17:56:09,638 [ERROR] LogOutputStream:75 - [STDERR_REDIRECT] 
2026-03-29 17:56:10,640 [ERROR] LogOutputStream:75 - [STDERR_REDIRECT] [Fatal Error] :1:1: Premature end of file.
2026-03-29 17:56:10,640 [ERROR] LogOutputStream:75 - [STDERR_REDIRECT] 
2026-03-29 17:56:11,644 [ERROR] LogOutputStream:75 - [STDERR_REDIRECT] [Fatal Error] :1:1: Premature end of file.
2026-03-29 17:56:11,644 [ERROR] LogOutputStream:75 - [STDERR_REDIRECT] 
2026-03-29 17:56:12,644 [ERROR] LogOutputStream:75 - [STDERR_REDIRECT] [Fatal Error] :1:1: Premature end of file.
2026-03-29 17:56:12,648 [ERROR] LogOutputStream:75 - [STDERR_REDIRECT] 
2026-03-29 17:56:13,629 [ERROR] LogOutputStream:75 - [STDERR_REDIRECT] [Fatal Error] :1:1: Premature end of file.
2026-03-29 17:56:13,629 [ERROR] LogOutputStream:75 - [STDERR_REDIRECT] 
2026-03-29 17:56:14,639 [ERROR] LogOutputStream:75 - [STDERR_REDIRECT] [Fatal Error] :1:1: Premature end of file.
2026-03-29 17:56:14,639 [ERROR] LogOutputStream:75 - [STDERR_REDIRECT] 
2026-03-29 17:56:15,637 [ERROR] LogOutputStream:75 - [STDERR_REDIRECT] [Fatal Error] :1:1: Premature end of file.
2026-03-29 17:56:15,637 [ERROR] LogOutputStream:75 - [STDERR_REDIRECT] 
2026-03-29 17:56:16,644 [ERROR] LogOutputStream:75 - [STDERR_REDIRECT] [Fatal Error] :1:1: Premature end of file.
2026-03-29 17:56:16,644 [ERROR] LogOutputStream:75 - [STDERR_REDIRECT] 
2026-03-29 17:56:17,630 [ERROR] LogOutputStream:75 - [STDERR_REDIRECT] [Fatal Error] :1:1: Premature end of file.
2026-03-29 17:56:17,630 [ERROR] LogOutputStream:75 - [STDERR_REDIRECT] 
2026-03-29 17:56:18,640 [ERROR] LogOutputStream:75 - [STDERR_REDIRECT] [Fatal Error] :1:1: Premature end of file.
2026-03-29 17:56:18,640 [ERROR] LogOutputStream:75 - [STDERR_REDIRECT] 
2026-03-29 17:56:19,632 [ERROR] LogOutputStream:75 - [STDERR_REDIRECT] [Fatal Error] :1:1: Premature end of file.
2026-03-29 17:56:19,632 [ERROR] LogOutputStream:75 - [STDERR_REDIRECT] 
2026-03-29 17:56:20,634 [ERROR] LogOutputStream:75 - [STDERR_REDIRECT] [Fatal Error] :1:1: Premature end of file.
2026-03-29 17:56:20,635 [ERROR] LogOutputStream:75 - [STDERR_REDIRECT] 
2026-03-29 17:56:21,629 [ERROR] LogOutputStream:75 - [STDERR_REDIRECT] [Fatal Error] :1:1: Premature end of file.
2026-03-29 17:56:21,629 [ERROR] LogOutputStream:75 - [STDERR_REDIRECT] 
2026-03-29 17:56:22,641 [ERROR] LogOutputStream:75 - [STDERR_REDIRECT] [Fatal Error] :1:1: Premature end of file.
2026-03-29 17:56:22,641 [ERROR] LogOutputStream:75 - [STDERR_REDIRECT] 
2026-03-29 17:56:23,644 [ERROR] LogOutputStream:75 - [STDERR_REDIRECT] [Fatal Error] :1:1: Premature end of file.
2026-03-29 17:56:23,644 [ERROR] LogOutputStream:75 - [STDERR_REDIRECT] 
2026-03-29 17:56:24,651 [ERROR] LogOutputStream:75 - [STDERR_REDIRECT] [Fatal Error] :1:1: Premature end of file.
2026-03-29 17:56:24,651 [ERROR] LogOutputStream:75 - [STDERR_REDIRECT] 
2026-03-29 17:56:25,647 [ERROR] LogOutputStream:75 - [STDERR_REDIRECT] [Fatal Error] :1:1: Premature end of file.
2026-03-29 17:56:25,648 [ERROR] LogOutputStream:75 - [STDERR_REDIRECT] 
2026-03-29 17:56:26,630 [ERROR] LogOutputStream:75 - [STDERR_REDIRECT] [Fatal Error] :1:1: Premature end of file.
2026-03-29 17:56:26,630 [ERROR] LogOutputStream:75 - [STDERR_REDIRECT] 
2026-03-29 17:56:27,627 [ERROR] LogOutputStream:75 - [STDERR_REDIRECT] [Fatal Error] :1:1: Premature end of file.
2026-03-29 17:56:27,627 [ERROR] LogOutputStream:75 - [STDERR_REDIRECT] 
2026-03-29 17:56:28,640 [ERROR] LogOutputStream:75 - [STDERR_REDIRECT] [Fatal Error] :1:1: Premature end of file.
2026-03-29 17:56:28,640 [ERROR] LogOutputStream:75 - [STDERR_REDIRECT] 
2026-03-29 17:56:29,634 [ERROR] LogOutputStream:75 - [STDERR_REDIRECT] [Fatal Error] :1:1: Premature end of file.
2026-03-29 17:56:29,635 [ERROR] LogOutputStream:75 - [STDERR_REDIRECT] 
2026-03-29 17:56:30,628 [ERROR] LogOutputStream:75 - [STDERR_REDIRECT] [Fatal Error] :1:1: Premature end of file.
2026-03-29 17:56:30,628 [ERROR] LogOutputStream:75 - [STDERR_REDIRECT] 
2026-03-29 17:56:31,641 [ERROR] LogOutputStream:75 - [STDERR_REDIRECT] [Fatal Error] :1:1: Premature end of file.
2026-03-29 17:56:31,642 [ERROR] LogOutputStream:75 - [STDERR_REDIRECT] 
2026-03-29 17:56:32,631 [ERROR] LogOutputStream:75 - [STDERR_REDIRECT] [Fatal Error] :1:1: Premature end of file.
2026-03-29 17:56:32,631 [ERROR] LogOutputStream:75 - [STDERR_REDIRECT] 
2026-03-29 17:56:33,634 [ERROR] LogOutputStream:75 - [STDERR_REDIRECT] [Fatal Error] :1:1: Premature end of file.
2026-03-29 17:56:33,634 [ERROR] LogOutputStream:75 - [STDERR_REDIRECT] 
2026-03-29 17:56:34,640 [ERROR] LogOutputStream:75 - [STDERR_REDIRECT] [Fatal Error] :1:1: Premature end of file.
2026-03-29 17:56:34,640 [ERROR] LogOutputStream:75 - [STDERR_REDIRECT] 
2026-03-29 17:56:35,625 [ERROR] LogOutputStream:75 - [STDERR_REDIRECT] [Fatal Error] :1:1: Premature end of file.
2026-03-29 17:56:35,625 [ERROR] LogOutputStream:75 - [STDERR_REDIRECT] 
2026-03-29 17:56:36,631 [ERROR] LogOutputStream:75 - [STDERR_REDIRECT] [Fatal Error] :1:1: Premature end of file.
2026-03-29 17:56:36,631 [ERROR] LogOutputStream:75 - [STDERR_REDIRECT] 
2026-03-29 17:56:37,632 [ERROR] LogOutputStream:75 - [STDERR_REDIRECT] [Fatal Error] :1:1: Premature end of file.
2026-03-29 17:56:37,632 [ERROR] LogOutputStream:75 - [STDERR_REDIRECT] 
2026-03-29 17:56:38,636 [ERROR] LogOutputStream:75 - [STDERR_REDIRECT] [Fatal Error] :1:1: Premature end of file.
2026-03-29 17:56:38,636 [ERROR] LogOutputStream:75 - [STDERR_REDIRECT] 
2026-03-29 17:56:39,633 [ERROR] LogOutputStream:75 - [STDERR_REDIRECT] [Fatal Error] :1:1: Premature end of file.
2026-03-29 17:56:39,633 [ERROR] LogOutputStream:75 - [STDERR_REDIRECT] 
2026-03-29 17:56:40,632 [ERROR] LogOutputStream:75 - [STDERR_REDIRECT] [Fatal Error] :1:1: Premature end of file.
2026-03-29 17:56:40,632 [ERROR] LogOutputStream:75 - [STDERR_REDIRECT] 
2026-03-29 17:56:41,632 [ERROR] LogOutputStream:75 - [STDERR_REDIRECT] [Fatal Error] :1:1: Premature end of file.
2026-03-29 17:56:41,633 [ERROR] LogOutputStream:75 - [STDERR_REDIRECT] 
2026-03-29 17:56:42,643 [ERROR] LogOutputStream:75 - [STDERR_REDIRECT] [Fatal Error] :1:1: Premature end of file.
2026-03-29 17:56:42,643 [ERROR] LogOutputStream:75 - [STDERR_REDIRECT] 
2026-03-29 17:56:43,635 [ERROR] LogOutputStream:75 - [STDERR_REDIRECT] [Fatal Error] :1:1: Premature end of file.
2026-03-29 17:56:43,637 [ERROR] LogOutputStream:75 - [STDERR_REDIRECT] 
2026-03-29 17:56:44,627 [ERROR] LogOutputStream:75 - [STDERR_REDIRECT] [Fatal Error] :1:1: Premature end of file.
2026-03-29 17:56:44,627 [ERROR] LogOutputStream:75 - [STDERR_REDIRECT] 
2026-03-29 17:56:45,647 [ERROR] LogOutputStream:75 - [STDERR_REDIRECT] [Fatal Error] :1:1: Premature end of file.
2026-03-29 17:56:45,647 [ERROR] LogOutputStream:75 - [STDERR_REDIRECT] 
2026-03-29 17:56:46,633 [ERROR] LogOutputStream:75 - [STDERR_REDIRECT] [Fatal Error] :1:1: Premature end of file.
2026-03-29 17:56:46,633 [ERROR] LogOutputStream:75 - [STDERR_REDIRECT] 
2026-03-29 17:56:47,628 [ERROR] LogOutputStream:75 - [STDERR_REDIRECT] [Fatal Error] :1:1: Premature end of file.
2026-03-29 17:56:47,628 [ERROR] LogOutputStream:75 - [STDERR_REDIRECT] 
2026-03-29 17:56:48,629 [ERROR] LogOutputStream:75 - [STDERR_REDIRECT] [Fatal Error] :1:1: Premature end of file.
2026-03-29 17:56:48,629 [ERROR] LogOutputStream:75 - [STDERR_REDIRECT] 
2026-03-29 17:56:49,637 [ERROR] LogOutputStream:75 - [STDERR_REDIRECT] [Fatal Error] :1:1: Premature end of file.
2026-03-29 17:56:49,637 [ERROR] LogOutputStream:75 - [STDERR_REDIRECT] 
2026-03-29 17:56:50,627 [ERROR] LogOutputStream:75 - [STDERR_REDIRECT] [Fatal Error] :1:1: Premature end of file.
2026-03-29 17:56:50,627 [ERROR] LogOutputStream:75 - [STDERR_REDIRECT] 
2026-03-29 17:56:51,627 [ERROR] LogOutputStream:75 - [STDERR_REDIRECT] [Fatal Error] :1:1: Premature end of file.
2026-03-29 17:56:51,627 [ERROR] LogOutputStream:75 - [STDERR_REDIRECT] 
2026-03-29 17:56:52,643 [ERROR] LogOutputStream:75 - [STDERR_REDIRECT] [Fatal Error] :1:1: Premature end of file.
2026-03-29 17:56:52,643 [ERROR] LogOutputStream:75 - [STDERR_REDIRECT] 
2026-03-29 17:56:53,632 [ERROR] LogOutputStream:75 - [STDERR_REDIRECT] [Fatal Error] :1:1: Premature end of file.
2026-03-29 17:56:53,634 [ERROR] LogOutputStream:75 - [STDERR_REDIRECT] 
2026-03-29 17:56:54,640 [ERROR] LogOutputStream:75 - [STDERR_REDIRECT] [Fatal Error] :1:1: Premature end of file.
2026-03-29 17:56:54,641 [ERROR] LogOutputStream:75 - [STDERR_REDIRECT] 
2026-03-29 17:56:55,643 [ERROR] LogOutputStream:75 - [STDERR_REDIRECT] [Fatal Error] :1:1: Premature end of file.
2026-03-29 17:56:55,643 [ERROR] LogOutputStream:75 - [STDERR_REDIRECT] 
2026-03-29 17:56:56,636 [ERROR] LogOutputStream:75 - [STDERR_REDIRECT] [Fatal Error] :1:1: Premature end of file.
2026-03-29 17:56:56,636 [ERROR] LogOutputStream:75 - [STDERR_REDIRECT] 
2026-03-29 17:56:57,649 [ERROR] LogOutputStream:75 - [STDERR_REDIRECT] [Fatal Error] :1:1: Premature end of file.
2026-03-29 17:56:57,649 [ERROR] LogOutputStream:75 - [STDERR_REDIRECT] 
2026-03-29 17:56:58,637 [ERROR] LogOutputStream:75 - [STDERR_REDIRECT] [Fatal Error] :1:1: Premature end of file.
2026-03-29 17:56:58,637 [ERROR] LogOutputStream:75 - [STDERR_REDIRECT] 
2026-03-29 17:56:59,635 [ERROR] LogOutputStream:75 - [STDERR_REDIRECT] [Fatal Error] :1:1: Premature end of file.
2026-03-29 17:56:59,635 [ERROR] LogOutputStream:75 - [STDERR_REDIRECT] 
2026-03-29 17:57:00,650 [ERROR] LogOutputStream:75 - [STDERR_REDIRECT] [Fatal Error] :1:1: Premature end of file.
2026-03-29 17:57:00,650 [ERROR] LogOutputStream:75 - [STDERR_REDIRECT] 
2026-03-29 17:57:01,722 [ERROR] LogOutputStream:75 - [STDERR_REDIRECT] [Fatal Error] :1:1: Premature end of file.
2026-03-29 17:57:01,722 [ERROR] LogOutputStream:75 - [STDERR_REDIRECT] 
2026-03-29 17:57:02,644 [ERROR] LogOutputStream:75 - [STDERR_REDIRECT] [Fatal Error] :1:1: Premature end of file.
2026-03-29 17:57:02,644 [ERROR] LogOutputStream:75 - [STDERR_REDIRECT] 
2026-03-29 17:57:03,640 [ERROR] LogOutputStream:75 - [STDERR_REDIRECT] [Fatal Error] :1:1: Premature end of file.
2026-03-29 17:57:03,640 [ERROR] LogOutputStream:75 - [STDERR_REDIRECT] 
2026-03-29 17:57:04,639 [ERROR] LogOutputStream:75 - [STDERR_REDIRECT] [Fatal Error] :1:1: Premature end of file.
2026-03-29 17:57:04,639 [ERROR] LogOutputStream:75 - [STDERR_REDIRECT] 
2026-03-29 17:57:05,633 [ERROR] LogOutputStream:75 - [STDERR_REDIRECT] [Fatal Error] :1:1: Premature end of file.
2026-03-29 17:57:05,633 [ERROR] LogOutputStream:75 - [STDERR_REDIRECT] 
2026-03-29 17:57:06,644 [ERROR] LogOutputStream:75 - [STDERR_REDIRECT] [Fatal Error] :1:1: Premature end of file.
2026-03-29 17:57:06,644 [ERROR] LogOutputStream:75 - [STDERR_REDIRECT] 
2026-03-29 17:57:07,726 [ERROR] LogOutputStream:75 - [STDERR_REDIRECT] [Fatal Error] :1:1: Premature end of file.
2026-03-29 17:57:07,726 [ERROR] LogOutputStream:75 - [STDERR_REDIRECT] 
2026-03-29 17:57:08,638 [ERROR] LogOutputStream:75 - [STDERR_REDIRECT] [Fatal Error] :1:1: Premature end of file.
2026-03-29 17:57:08,638 [ERROR] LogOutputStream:75 - [STDERR_REDIRECT] 
2026-03-29 17:57:09,640 [ERROR] LogOutputStream:75 - [STDERR_REDIRECT] [Fatal Error] :1:1: Premature end of file.
2026-03-29 17:57:09,640 [ERROR] LogOutputStream:75 - [STDERR_REDIRECT] 
2026-03-29 17:57:10,647 [ERROR] LogOutputStream:75 - [STDERR_REDIRECT] [Fatal Error] :1:1: Premature end of file.
2026-03-29 17:57:10,648 [ERROR] LogOutputStream:75 - [STDERR_REDIRECT] 
2026-03-29 17:57:11,642 [ERROR] LogOutputStream:75 - [STDERR_REDIRECT] [Fatal Error] :1:1: Premature end of file.
2026-03-29 17:57:11,642 [ERROR] LogOutputStream:75 - [STDERR_REDIRECT] 
2026-03-29 17:57:12,639 [ERROR] LogOutputStream:75 - [STDERR_REDIRECT] [Fatal Error] :1:1: Premature end of file.
2026-03-29 17:57:12,640 [ERROR] LogOutputStream:75 - [STDERR_REDIRECT] 
2026-03-29 17:57:13,649 [ERROR] LogOutputStream:75 - [STDERR_REDIRECT] [Fatal Error] :1:1: Premature end of file.
2026-03-29 17:57:13,649 [ERROR] LogOutputStream:75 - [STDERR_REDIRECT] 
2026-03-29 17:57:14,634 [ERROR] LogOutputStream:75 - [STDERR_REDIRECT] [Fatal Error] :1:1: Premature end of file.
2026-03-29 17:57:14,634 [ERROR] LogOutputStream:75 - [STDERR_REDIRECT] 
2026-03-29 17:57:15,630 [ERROR] LogOutputStream:75 - [STDERR_REDIRECT] [Fatal Error] :1:1: Premature end of file.
2026-03-29 17:57:15,630 [ERROR] LogOutputStream:75 - [STDERR_REDIRECT] 
2026-03-29 17:57:16,710 [ERROR] LogOutputStream:75 - [STDERR_REDIRECT] [Fatal Error] :1:1: Premature end of file.
2026-03-29 17:57:16,710 [ERROR] LogOutputStream:75 - [STDERR_REDIRECT] 
2026-03-29 17:57:17,640 [ERROR] LogOutputStream:75 - [STDERR_REDIRECT] [Fatal Error] :1:1: Premature end of file.
2026-03-29 17:57:17,641 [ERROR] LogOutputStream:75 - [STDERR_REDIRECT] 
2026-03-29 17:57:18,640 [ERROR] LogOutputStream:75 - [STDERR_REDIRECT] [Fatal Error] :1:1: Premature end of file.
2026-03-29 17:57:18,641 [ERROR] LogOutputStream:75 - [STDERR_REDIRECT] 
2026-03-29 17:57:19,644 [ERROR] LogOutputStream:75 - [STDERR_REDIRECT] [Fatal Error] :1:1: Premature end of file.
2026-03-29 17:57:19,644 [ERROR] LogOutputStream:75 - [STDERR_REDIRECT] 
2026-03-29 17:57:20,637 [ERROR] LogOutputStream:75 - [STDERR_REDIRECT] [Fatal Error] :1:1: Premature end of file.
2026-03-29 17:57:20,637 [ERROR] LogOutputStream:75 - [STDERR_REDIRECT] 
2026-03-29 17:57:21,654 [ERROR] LogOutputStream:75 - [STDERR_REDIRECT] [Fatal Error] :1:1: Premature end of file.
2026-03-29 17:57:21,654 [ERROR] LogOutputStream:75 - [STDERR_REDIRECT] 
2026-03-29 17:57:22,653 [ERROR] LogOutputStream:75 - [STDERR_REDIRECT] [Fatal Error] :1:1: Premature end of file.
2026-03-29 17:57:22,653 [ERROR] LogOutputStream:75 - [STDERR_REDIRECT] 
2026-03-29 17:57:23,649 [ERROR] LogOutputStream:75 - [STDERR_REDIRECT] [Fatal Error] :1:1: Premature end of file.
2026-03-29 17:57:23,649 [ERROR] LogOutputStream:75 - [STDERR_REDIRECT] 
2026-03-29 17:57:24,659 [ERROR] LogOutputStream:75 - [STDERR_REDIRECT] [Fatal Error] :1:1: Premature end of file.
2026-03-29 17:57:24,661 [ERROR] LogOutputStream:75 - [STDERR_REDIRECT] 
2026-03-29 17:57:25,650 [ERROR] LogOutputStream:75 - [STDERR_REDIRECT] [Fatal Error] :1:1: Premature end of file.
2026-03-29 17:57:25,650 [ERROR] LogOutputStream:75 - [STDERR_REDIRECT] 
2026-03-29 17:57:26,641 [ERROR] LogOutputStream:75 - [STDERR_REDIRECT] [Fatal Error] :1:1: Premature end of file.
2026-03-29 17:57:26,641 [ERROR] LogOutputStream:75 - [STDERR_REDIRECT] 
2026-03-29 17:57:27,745 [ERROR] LogOutputStream:75 - [STDERR_REDIRECT] [Fatal Error] :1:1: Premature end of file.
2026-03-29 17:57:27,745 [ERROR] LogOutputStream:75 - [STDERR_REDIRECT] 
2026-03-29 17:57:28,647 [ERROR] LogOutputStream:75 - [STDERR_REDIRECT] [Fatal Error] :1:1: Premature end of file.
2026-03-29 17:57:28,648 [ERROR] LogOutputStream:75 - [STDERR_REDIRECT] 
2026-03-29 17:57:29,652 [ERROR] LogOutputStream:75 - [STDERR_REDIRECT] [Fatal Error] :1:1: Premature end of file.
2026-03-29 17:57:29,652 [ERROR] LogOutputStream:75 - [STDERR_REDIRECT] 
2026-03-29 17:57:30,650 [ERROR] LogOutputStream:75 - [STDERR_REDIRECT] [Fatal Error] :1:1: Premature end of file.
2026-03-29 17:57:30,650 [ERROR] LogOutputStream:75 - [STDERR_REDIRECT] 
2026-03-29 17:57:31,646 [ERROR] LogOutputStream:75 - [STDERR_REDIRECT] [Fatal Error] :1:1: Premature end of file.
2026-03-29 17:57:31,647 [ERROR] LogOutputStream:75 - [STDERR_REDIRECT] 
2026-03-29 17:57:32,652 [ERROR] LogOutputStream:75 - [STDERR_REDIRECT] [Fatal Error] :1:1: Premature end of file.
2026-03-29 17:57:32,652 [ERROR] LogOutputStream:75 - [STDERR_REDIRECT] 
2026-03-29 17:57:33,648 [ERROR] LogOutputStream:75 - [STDERR_REDIRECT] [Fatal Error] :1:1: Premature end of file.
2026-03-29 17:57:33,649 [ERROR] LogOutputStream:75 - [STDERR_REDIRECT] 
2026-03-29 17:57:34,650 [ERROR] LogOutputStream:75 - [STDERR_REDIRECT] [Fatal Error] :1:1: Premature end of file.
2026-03-29 17:57:34,650 [ERROR] LogOutputStream:75 - [STDERR_REDIRECT] 
2026-03-29 17:57:35,784 [ERROR] LogOutputStream:75 - [STDERR_REDIRECT] [Fatal Error] :1:1: Premature end of file.
2026-03-29 17:57:35,784 [ERROR] LogOutputStream:75 - [STDERR_REDIRECT] 
2026-03-29 17:57:36,644 [ERROR] LogOutputStream:75 - [STDERR_REDIRECT] [Fatal Error] :1:1: Premature end of file.
2026-03-29 17:57:36,644 [ERROR] LogOutputStream:75 - [STDERR_REDIRECT] 
2026-03-29 17:57:37,638 [ERROR] LogOutputStream:75 - [STDERR_REDIRECT] [Fatal Error] :1:1: Premature end of file.
2026-03-29 17:57:37,638 [ERROR] LogOutputStream:75 - [STDERR_REDIRECT] 
2026-03-29 17:57:38,638 [ERROR] LogOutputStream:75 - [STDERR_REDIRECT] [Fatal Error] :1:1: Premature end of file.
2026-03-29 17:57:38,638 [ERROR] LogOutputStream:75 - [STDERR_REDIRECT] 
2026-03-29 17:57:39,635 [ERROR] LogOutputStream:75 - [STDERR_REDIRECT] [Fatal Error] :1:1: Premature end of file.
2026-03-29 17:57:39,635 [ERROR] LogOutputStream:75 - [STDERR_REDIRECT] 
2026-03-29 17:57:40,634 [ERROR] LogOutputStream:75 - [STDERR_REDIRECT] [Fatal Error] :1:1: Premature end of file.
2026-03-29 17:57:40,634 [ERROR] LogOutputStream:75 - [STDERR_REDIRECT] 
2026-03-29 17:57:41,635 [ERROR] LogOutputStream:75 - [STDERR_REDIRECT] [Fatal Error] :1:1: Premature end of file.
2026-03-29 17:57:41,635 [ERROR] LogOutputStream:75 - [STDERR_REDIRECT] 
2026-03-29 17:57:42,628 [ERROR] LogOutputStream:75 - [STDERR_REDIRECT] [Fatal Error] :1:1: Premature end of file.
2026-03-29 17:57:42,628 [ERROR] LogOutputStream:75 - [STDERR_REDIRECT] 
2026-03-29 17:57:43,642 [ERROR] LogOutputStream:75 - [STDERR_REDIRECT] [Fatal Error] :1:1: Premature end of file.
2026-03-29 17:57:43,642 [ERROR] LogOutputStream:75 - [STDERR_REDIRECT] 
2026-03-29 17:57:44,640 [ERROR] LogOutputStream:75 - [STDERR_REDIRECT] [Fatal Error] :1:1: Premature end of file.
2026-03-29 17:57:44,641 [ERROR] LogOutputStream:75 - [STDERR_REDIRECT] 
2026-03-29 17:57:45,628 [ERROR] LogOutputStream:75 - [STDERR_REDIRECT] [Fatal Error] :1:1: Premature end of file.
2026-03-29 17:57:45,628 [ERROR] LogOutputStream:75 - [STDERR_REDIRECT] 
2026-03-29 17:57:46,641 [ERROR] LogOutputStream:75 - [STDERR_REDIRECT] [Fatal Error] :1:1: Premature end of file.
2026-03-29 17:57:46,641 [ERROR] LogOutputStream:75 - [STDERR_REDIRECT] 
2026-03-29 17:57:47,637 [ERROR] LogOutputStream:75 - [STDERR_REDIRECT] [Fatal Error] :1:1: Premature end of file.
2026-03-29 17:57:47,637 [ERROR] LogOutputStream:75 - [STDERR_REDIRECT] 
2026-03-29 17:57:48,644 [ERROR] LogOutputStream:75 - [STDERR_REDIRECT] [Fatal Error] :1:1: Premature end of file.
2026-03-29 17:57:48,644 [ERROR] LogOutputStream:75 - [STDERR_REDIRECT] 
2026-03-29 17:57:49,629 [ERROR] LogOutputStream:75 - [STDERR_REDIRECT] [Fatal Error] :1:1: Premature end of file.
2026-03-29 17:57:49,629 [ERROR] LogOutputStream:75 - [STDERR_REDIRECT] 
2026-03-29 17:57:50,633 [ERROR] LogOutputStream:75 - [STDERR_REDIRECT] [Fatal Error] :1:1: Premature end of file.
2026-03-29 17:57:50,633 [ERROR] LogOutputStream:75 - [STDERR_REDIRECT] 
2026-03-29 17:57:51,647 [ERROR] LogOutputStream:75 - [STDERR_REDIRECT] [Fatal Error] :1:1: Premature end of file.
2026-03-29 17:57:51,647 [ERROR] LogOutputStream:75 - [STDERR_REDIRECT] 
2026-03-29 17:57:52,640 [ERROR] LogOutputStream:75 - [STDERR_REDIRECT] [Fatal Error] :1:1: Premature end of file.
2026-03-29 17:57:52,641 [ERROR] LogOutputStream:75 - [STDERR_REDIRECT] 
2026-03-29 17:57:53,643 [ERROR] LogOutputStream:75 - [STDERR_REDIRECT] [Fatal Error] :1:1: Premature end of file.
2026-03-29 17:57:53,643 [ERROR] LogOutputStream:75 - [STDERR_REDIRECT] 
2026-03-29 17:57:54,640 [ERROR] LogOutputStream:75 - [STDERR_REDIRECT] [Fatal Error] :1:1: Premature end of file.
2026-03-29 17:57:54,640 [ERROR] LogOutputStream:75 - [STDERR_REDIRECT] 
2026-03-29 17:57:55,642 [ERROR] LogOutputStream:75 - [STDERR_REDIRECT] [Fatal Error] :1:1: Premature end of file.
2026-03-29 17:57:55,642 [ERROR] LogOutputStream:75 - [STDERR_REDIRECT] 
2026-03-29 17:57:56,638 [ERROR] LogOutputStream:75 - [STDERR_REDIRECT] [Fatal Error] :1:1: Premature end of file.
2026-03-29 17:57:56,638 [ERROR] LogOutputStream:75 - [STDERR_REDIRECT] 
2026-03-29 17:57:57,627 [ERROR] LogOutputStream:75 - [STDERR_REDIRECT] [Fatal Error] :1:1: Premature end of file.
2026-03-29 17:57:57,628 [ERROR] LogOutputStream:75 - [STDERR_REDIRECT] 
2026-03-29 17:57:58,630 [ERROR] LogOutputStream:75 - [STDERR_REDIRECT] [Fatal Error] :1:1: Premature end of file.
2026-03-29 17:57:58,630 [ERROR] LogOutputStream:75 - [STDERR_REDIRECT] 
2026-03-29 17:57:59,641 [ERROR] LogOutputStream:75 - [STDERR_REDIRECT] [Fatal Error] :1:1: Premature end of file.
2026-03-29 17:57:59,641 [ERROR] LogOutputStream:75 - [STDERR_REDIRECT] 
2026-03-29 17:58:00,643 [ERROR] LogOutputStream:75 - [STDERR_REDIRECT] [Fatal Error] :1:1: Premature end of file.
2026-03-29 17:58:00,643 [ERROR] LogOutputStream:75 - [STDERR_REDIRECT] 
2026-03-29 17:58:01,640 [ERROR] LogOutputStream:75 - [STDERR_REDIRECT] [Fatal Error] :1:1: Premature end of file.
2026-03-29 17:58:01,641 [ERROR] LogOutputStream:75 - [STDERR_REDIRECT] 
2026-03-29 17:58:02,640 [ERROR] LogOutputStream:75 - [STDERR_REDIRECT] [Fatal Error] :1:1: Premature end of file.
2026-03-29 17:58:02,640 [ERROR] LogOutputStream:75 - [STDERR_REDIRECT] 
2026-03-29 17:58:03,627 [ERROR] LogOutputStream:75 - [STDERR_REDIRECT] [Fatal Error] :1:1: Premature end of file.
2026-03-29 17:58:03,627 [ERROR] LogOutputStream:75 - [STDERR_REDIRECT] 
2026-03-29 17:58:04,632 [ERROR] LogOutputStream:75 - [STDERR_REDIRECT] [Fatal Error] :1:1: Premature end of file.
2026-03-29 17:58:04,632 [ERROR] LogOutputStream:75 - [STDERR_REDIRECT] 
2026-03-29 17:58:05,644 [ERROR] LogOutputStream:75 - [STDERR_REDIRECT] [Fatal Error] :1:1: Premature end of file.
2026-03-29 17:58:05,644 [ERROR] LogOutputStream:75 - [STDERR_REDIRECT] 
2026-03-29 17:58:06,631 [ERROR] LogOutputStream:75 - [STDERR_REDIRECT] [Fatal Error] :1:1: Premature end of file.
2026-03-29 17:58:06,631 [ERROR] LogOutputStream:75 - [STDERR_REDIRECT] 
2026-03-29 17:58:07,631 [ERROR] LogOutputStream:75 - [STDERR_REDIRECT] [Fatal Error] :1:1: Premature end of file.
2026-03-29 17:58:07,631 [ERROR] LogOutputStream:75 - [STDERR_REDIRECT] 
2026-03-29 17:58:08,640 [ERROR] LogOutputStream:75 - [STDERR_REDIRECT] [Fatal Error] :1:1: Premature end of file.
2026-03-29 17:58:08,640 [ERROR] LogOutputStream:75 - [STDERR_REDIRECT] 
2026-03-29 17:58:09,811 [ERROR] LogOutputStream:75 - [STDERR_REDIRECT] [Fatal Error] :1:1: Premature end of file.
2026-03-29 17:58:09,811 [ERROR] LogOutputStream:75 - [STDERR_REDIRECT] 
2026-03-29 17:58:10,638 [ERROR] LogOutputStream:75 - [STDERR_REDIRECT] [Fatal Error] :1:1: Premature end of file.
2026-03-29 17:58:10,639 [ERROR] LogOutputStream:75 - [STDERR_REDIRECT] 
2026-03-29 17:58:11,646 [ERROR] LogOutputStream:75 - [STDERR_REDIRECT] [Fatal Error] :1:1: Premature end of file.
2026-03-29 17:58:11,647 [ERROR] LogOutputStream:75 - [STDERR_REDIRECT] 
2026-03-29 17:58:12,631 [ERROR] LogOutputStream:75 - [STDERR_REDIRECT] [Fatal Error] :1:1: Premature end of file.
2026-03-29 17:58:12,631 [ERROR] LogOutputStream:75 - [STDERR_REDIRECT] 
2026-03-29 17:58:13,630 [ERROR] LogOutputStream:75 - [STDERR_REDIRECT] [Fatal Error] :1:1: Premature end of file.
2026-03-29 17:58:13,630 [ERROR] LogOutputStream:75 - [STDERR_REDIRECT] 
2026-03-29 17:58:14,646 [ERROR] LogOutputStream:75 - [STDERR_REDIRECT] [Fatal Error] :1:1: Premature end of file.
2026-03-29 17:58:14,646 [ERROR] LogOutputStream:75 - [STDERR_REDIRECT] 
2026-03-29 17:58:15,639 [ERROR] LogOutputStream:75 - [STDERR_REDIRECT] [Fatal Error] :1:1: Premature end of file.
2026-03-29 17:58:15,639 [ERROR] LogOutputStream:75 - [STDERR_REDIRECT] 
2026-03-29 17:58:16,642 [ERROR] LogOutputStream:75 - [STDERR_REDIRECT] [Fatal Error] :1:1: Premature end of file.
2026-03-29 17:58:16,644 [ERROR] LogOutputStream:75 - [STDERR_REDIRECT] 
2026-03-29 17:58:17,643 [ERROR] LogOutputStream:75 - [STDERR_REDIRECT] [Fatal Error] :1:1: Premature end of file.
2026-03-29 17:58:17,643 [ERROR] LogOutputStream:75 - [STDERR_REDIRECT] 
2026-03-29 17:58:18,890 [ERROR] LogOutputStream:75 - [STDERR_REDIRECT] [Fatal Error] :1:1: Premature end of file.
2026-03-29 17:58:18,891 [ERROR] LogOutputStream:75 - [STDERR_REDIRECT] 
2026-03-29 17:58:19,643 [ERROR] LogOutputStream:75 - [STDERR_REDIRECT] [Fatal Error] :1:1: Premature end of file.
2026-03-29 17:58:19,643 [ERROR] LogOutputStream:75 - [STDERR_REDIRECT] 
2026-03-29 17:58:20,634 [ERROR] LogOutputStream:75 - [STDERR_REDIRECT] [Fatal Error] :1:1: Premature end of file.
2026-03-29 17:58:20,634 [ERROR] LogOutputStream:75 - [STDERR_REDIRECT] 
2026-03-29 17:58:21,639 [ERROR] LogOutputStream:75 - [STDERR_REDIRECT] [Fatal Error] :1:1: Premature end of file.
2026-03-29 17:58:21,640 [ERROR] LogOutputStream:75 - [STDERR_REDIRECT] 
2026-03-29 17:58:22,635 [ERROR] LogOutputStream:75 - [STDERR_REDIRECT] [Fatal Error] :1:1: Premature end of file.
2026-03-29 17:58:22,635 [ERROR] LogOutputStream:75 - [STDERR_REDIRECT] 
2026-03-29 17:58:23,643 [ERROR] LogOutputStream:75 - [STDERR_REDIRECT] [Fatal Error] :1:1: Premature end of file.
2026-03-29 17:58:23,644 [ERROR] LogOutputStream:75 - [STDERR_REDIRECT] 
2026-03-29 17:58:24,633 [ERROR] LogOutputStream:75 - [STDERR_REDIRECT] [Fatal Error] :1:1: Premature end of file.
2026-03-29 17:58:24,634 [ERROR] LogOutputStream:75 - [STDERR_REDIRECT] 
2026-03-29 17:58:25,647 [ERROR] LogOutputStream:75 - [STDERR_REDIRECT] [Fatal Error] :1:1: Premature end of file.
2026-03-29 17:58:25,647 [ERROR] LogOutputStream:75 - [STDERR_REDIRECT] 
2026-03-29 17:58:26,791 [ERROR] LogOutputStream:75 - [STDERR_REDIRECT] [Fatal Error] :1:1: Premature end of file.
2026-03-29 17:58:26,791 [ERROR] LogOutputStream:75 - [STDERR_REDIRECT] 
2026-03-29 17:58:27,640 [ERROR] LogOutputStream:75 - [STDERR_REDIRECT] [Fatal Error] :1:1: Premature end of file.
2026-03-29 17:58:27,641 [ERROR] LogOutputStream:75 - [STDERR_REDIRECT] 
2026-03-29 17:58:28,636 [ERROR] LogOutputStream:75 - [STDERR_REDIRECT] [Fatal Error] :1:1: Premature end of file.
2026-03-29 17:58:28,636 [ERROR] LogOutputStream:75 - [STDERR_REDIRECT] 
2026-03-29 17:58:29,638 [ERROR] LogOutputStream:75 - [STDERR_REDIRECT] [Fatal Error] :1:1: Premature end of file.
2026-03-29 17:58:29,638 [ERROR] LogOutputStream:75 - [STDERR_REDIRECT] 
2026-03-29 17:58:30,636 [ERROR] LogOutputStream:75 - [STDERR_REDIRECT] [Fatal Error] :1:1: Premature end of file.
2026-03-29 17:58:30,636 [ERROR] LogOutputStream:75 - [STDERR_REDIRECT] 
2026-03-29 17:58:31,634 [ERROR] LogOutputStream:75 - [STDERR_REDIRECT] [Fatal Error] :1:1: Premature end of file.
2026-03-29 17:58:31,635 [ERROR] LogOutputStream:75 - [STDERR_REDIRECT] 
2026-03-29 17:58:32,657 [ERROR] LogOutputStream:75 - [STDERR_REDIRECT] [Fatal Error] :1:1: Premature end of file.
2026-03-29 17:58:32,657 [ERROR] LogOutputStream:75 - [STDERR_REDIRECT] 
2026-03-29 17:58:33,646 [ERROR] LogOutputStream:75 - [STDERR_REDIRECT] [Fatal Error] :1:1: Premature end of file.
2026-03-29 17:58:33,647 [ERROR] LogOutputStream:75 - [STDERR_REDIRECT] 
2026-03-29 17:58:34,637 [ERROR] LogOutputStream:75 - [STDERR_REDIRECT] [Fatal Error] :1:1: Premature end of file.
2026-03-29 17:58:34,637 [ERROR] LogOutputStream:75 - [STDERR_REDIRECT] 
2026-03-29 17:58:35,637 [ERROR] LogOutputStream:75 - [STDERR_REDIRECT] [Fatal Error] :1:1: Premature end of file.
2026-03-29 17:58:35,637 [ERROR] LogOutputStream:75 - [STDERR_REDIRECT] 
2026-03-29 17:58:36,640 [ERROR] LogOutputStream:75 - [STDERR_REDIRECT] [Fatal Error] :1:1: Premature end of file.
2026-03-29 17:58:36,640 [ERROR] LogOutputStream:75 - [STDERR_REDIRECT] 
2026-03-29 17:58:37,644 [ERROR] LogOutputStream:75 - [STDERR_REDIRECT] [Fatal Error] :1:1: Premature end of file.
2026-03-29 17:58:37,644 [ERROR] LogOutputStream:75 - [STDERR_REDIRECT] 
2026-03-29 17:58:38,890 [ERROR] LogOutputStream:75 - [STDERR_REDIRECT] [Fatal Error] :1:1: Premature end of file.
2026-03-29 17:58:38,891 [ERROR] LogOutputStream:75 - [STDERR_REDIRECT] 
2026-03-29 17:58:39,643 [ERROR] LogOutputStream:75 - [STDERR_REDIRECT] [Fatal Error] :1:1: Premature end of file.
2026-03-29 17:58:39,643 [ERROR] LogOutputStream:75 - [STDERR_REDIRECT] 
2026-03-29 17:58:40,634 [ERROR] LogOutputStream:75 - [STDERR_REDIRECT] [Fatal Error] :1:1: Premature end of file.
2026-03-29 17:58:40,634 [ERROR] LogOutputStream:75 - [STDERR_REDIRECT] 
2026-03-29 17:58:41,632 [ERROR] LogOutputStream:75 - [STDERR_REDIRECT] [Fatal Error] :1:1: Premature end of file.
2026-03-29 17:58:41,632 [ERROR] LogOutputStream:75 - [STDERR_REDIRECT] 
2026-03-29 17:58:42,642 [ERROR] LogOutputStream:75 - [STDERR_REDIRECT] [Fatal Error] :1:1: Premature end of file.
2026-03-29 17:58:42,642 [ERROR] LogOutputStream:75 - [STDERR_REDIRECT] 
2026-03-29 17:58:43,637 [ERROR] LogOutputStream:75 - [STDERR_REDIRECT] [Fatal Error] :1:1: Premature end of file.
2026-03-29 17:58:43,637 [ERROR] LogOutputStream:75 - [STDERR_REDIRECT] 
2026-03-29 17:58:44,640 [ERROR] LogOutputStream:75 - [STDERR_REDIRECT] [Fatal Error] :1:1: Premature end of file.
2026-03-29 17:58:44,640 [ERROR] LogOutputStream:75 - [STDERR_REDIRECT] 
2026-03-29 17:58:45,635 [ERROR] LogOutputStream:75 - [STDERR_REDIRECT] [Fatal Error] :1:1: Premature end of file.
2026-03-29 17:58:45,635 [ERROR] LogOutputStream:75 - [STDERR_REDIRECT] 
2026-03-29 17:58:46,633 [ERROR] LogOutputStream:75 - [STDERR_REDIRECT] [Fatal Error] :1:1: Premature end of file.
2026-03-29 17:58:46,633 [ERROR] LogOutputStream:75 - [STDERR_REDIRECT] 
2026-03-29 17:58:47,640 [ERROR] LogOutputStream:75 - [STDERR_REDIRECT] [Fatal Error] :1:1: Premature end of file.
2026-03-29 17:58:47,640 [ERROR] LogOutputStream:75 - [STDERR_REDIRECT] 
2026-03-29 17:58:48,635 [ERROR] LogOutputStream:75 - [STDERR_REDIRECT] [Fatal Error] :1:1: Premature end of file.
2026-03-29 17:58:48,635 [ERROR] LogOutputStream:75 - [STDERR_REDIRECT] 
2026-03-29 17:58:49,637 [ERROR] LogOutputStream:75 - [STDERR_REDIRECT] [Fatal Error] :1:1: Premature end of file.
2026-03-29 17:58:49,637 [ERROR] LogOutputStream:75 - [STDERR_REDIRECT] 
2026-03-29 17:58:50,643 [ERROR] LogOutputStream:75 - [STDERR_REDIRECT] [Fatal Error] :1:1: Premature end of file.
2026-03-29 17:58:50,643 [ERROR] LogOutputStream:75 - [STDERR_REDIRECT] 
2026-03-29 17:58:51,639 [ERROR] LogOutputStream:75 - [STDERR_REDIRECT] [Fatal Error] :1:1: Premature end of file.
2026-03-29 17:58:51,640 [ERROR] LogOutputStream:75 - [STDERR_REDIRECT] 
2026-03-29 17:58:52,641 [ERROR] LogOutputStream:75 - [STDERR_REDIRECT] [Fatal Error] :1:1: Premature end of file.
2026-03-29 17:58:52,641 [ERROR] LogOutputStream:75 - [STDERR_REDIRECT] 
2026-03-29 17:58:53,631 [ERROR] LogOutputStream:75 - [STDERR_REDIRECT] [Fatal Error] :1:1: Premature end of file.
2026-03-29 17:58:53,631 [ERROR] LogOutputStream:75 - [STDERR_REDIRECT] 
2026-03-29 17:58:54,642 [ERROR] LogOutputStream:75 - [STDERR_REDIRECT] [Fatal Error] :1:1: Premature end of file.
2026-03-29 17:58:54,642 [ERROR] LogOutputStream:75 - [STDERR_REDIRECT] 
2026-03-29 17:58:55,638 [ERROR] LogOutputStream:75 - [STDERR_REDIRECT] [Fatal Error] :1:1: Premature end of file.
2026-03-29 17:58:55,638 [ERROR] LogOutputStream:75 - [STDERR_REDIRECT] 
2026-03-29 17:58:56,633 [ERROR] LogOutputStream:75 - [STDERR_REDIRECT] [Fatal Error] :1:1: Premature end of file.
2026-03-29 17:58:56,634 [ERROR] LogOutputStream:75 - [STDERR_REDIRECT] 
2026-03-29 17:58:57,632 [ERROR] LogOutputStream:75 - [STDERR_REDIRECT] [Fatal Error] :1:1: Premature end of file.
2026-03-29 17:58:57,632 [ERROR] LogOutputStream:75 - [STDERR_REDIRECT] 
2026-03-29 17:58:58,638 [ERROR] LogOutputStream:75 - [STDERR_REDIRECT] [Fatal Error] :1:1: Premature end of file.
2026-03-29 17:58:58,638 [ERROR] LogOutputStream:75 - [STDERR_REDIRECT] 
2026-03-29 17:58:59,631 [ERROR] LogOutputStream:75 - [STDERR_REDIRECT] [Fatal Error] :1:1: Premature end of file.
2026-03-29 17:58:59,631 [ERROR] LogOutputStream:75 - [STDERR_REDIRECT] 
2026-03-29 17:59:00,636 [ERROR] LogOutputStream:75 - [STDERR_REDIRECT] [Fatal Error] :1:1: Premature end of file.
2026-03-29 17:59:00,637 [ERROR] LogOutputStream:75 - [STDERR_REDIRECT] 
2026-03-29 17:59:01,637 [ERROR] LogOutputStream:75 - [STDERR_REDIRECT] [Fatal Error] :1:1: Premature end of file.
2026-03-29 17:59:01,637 [ERROR] LogOutputStream:75 - [STDERR_REDIRECT] 
2026-03-29 17:59:02,639 [ERROR] LogOutputStream:75 - [STDERR_REDIRECT] [Fatal Error] :1:1: Premature end of file.
2026-03-29 17:59:02,639 [ERROR] LogOutputStream:75 - [STDERR_REDIRECT] 
2026-03-29 17:59:03,635 [ERROR] LogOutputStream:75 - [STDERR_REDIRECT] [Fatal Error] :1:1: Premature end of file.
2026-03-29 17:59:03,635 [ERROR] LogOutputStream:75 - [STDERR_REDIRECT] 
2026-03-29 17:59:04,636 [ERROR] LogOutputStream:75 - [STDERR_REDIRECT] [Fatal Error] :1:1: Premature end of file.
2026-03-29 17:59:04,636 [ERROR] LogOutputStream:75 - [STDERR_REDIRECT] 
2026-03-29 17:59:05,633 [ERROR] LogOutputStream:75 - [STDERR_REDIRECT] [Fatal Error] :1:1: Premature end of file.
2026-03-29 17:59:05,634 [ERROR] LogOutputStream:75 - [STDERR_REDIRECT] 
2026-03-29 17:59:06,639 [ERROR] LogOutputStream:75 - [STDERR_REDIRECT] [Fatal Error] :1:1: Premature end of file.
2026-03-29 17:59:06,639 [ERROR] LogOutputStream:75 - [STDERR_REDIRECT] 
2026-03-29 17:59:07,637 [ERROR] LogOutputStream:75 - [STDERR_REDIRECT] [Fatal Error] :1:1: Premature end of file.
2026-03-29 17:59:07,637 [ERROR] LogOutputStream:75 - [STDERR_REDIRECT] 
2026-03-29 17:59:08,631 [ERROR] LogOutputStream:75 - [STDERR_REDIRECT] [Fatal Error] :1:1: Premature end of file.
2026-03-29 17:59:08,631 [ERROR] LogOutputStream:75 - [STDERR_REDIRECT] 
2026-03-29 17:59:09,641 [ERROR] LogOutputStream:75 - [STDERR_REDIRECT] [Fatal Error] :1:1: Premature end of file.
2026-03-29 17:59:09,641 [ERROR] LogOutputStream:75 - [STDERR_REDIRECT] 
2026-03-29 17:59:10,630 [ERROR] LogOutputStream:75 - [STDERR_REDIRECT] [Fatal Error] :1:1: Premature end of file.
2026-03-29 17:59:10,630 [ERROR] LogOutputStream:75 - [STDERR_REDIRECT] 
2026-03-29 17:59:11,643 [ERROR] LogOutputStream:75 - [STDERR_REDIRECT] [Fatal Error] :1:1: Premature end of file.
2026-03-29 17:59:11,643 [ERROR] LogOutputStream:75 - [STDERR_REDIRECT] 
2026-03-29 17:59:12,629 [ERROR] LogOutputStream:75 - [STDERR_REDIRECT] [Fatal Error] :1:1: Premature end of file.
2026-03-29 17:59:12,629 [ERROR] LogOutputStream:75 - [STDERR_REDIRECT] 
2026-03-29 17:59:13,644 [ERROR] LogOutputStream:75 - [STDERR_REDIRECT] [Fatal Error] :1:1: Premature end of file.
2026-03-29 17:59:13,644 [ERROR] LogOutputStream:75 - [STDERR_REDIRECT] 
2026-03-29 17:59:14,636 [ERROR] LogOutputStream:75 - [STDERR_REDIRECT] [Fatal Error] :1:1: Premature end of file.
2026-03-29 17:59:14,636 [ERROR] LogOutputStream:75 - [STDERR_REDIRECT] 
2026-03-29 17:59:15,638 [ERROR] LogOutputStream:75 - [STDERR_REDIRECT] [Fatal Error] :1:1: Premature end of file.
2026-03-29 17:59:15,638 [ERROR] LogOutputStream:75 - [STDERR_REDIRECT] 
2026-03-29 17:59:16,636 [ERROR] LogOutputStream:75 - [STDERR_REDIRECT] [Fatal Error] :1:1: Premature end of file.
2026-03-29 17:59:16,636 [ERROR] LogOutputStream:75 - [STDERR_REDIRECT] 
2026-03-29 17:59:17,639 [ERROR] LogOutputStream:75 - [STDERR_REDIRECT] [Fatal Error] :1:1: Premature end of file.
2026-03-29 17:59:17,639 [ERROR] LogOutputStream:75 - [STDERR_REDIRECT] 
2026-03-29 17:59:18,634 [ERROR] LogOutputStream:75 - [STDERR_REDIRECT] [Fatal Error] :1:1: Premature end of file.
2026-03-29 17:59:18,634 [ERROR] LogOutputStream:75 - [STDERR_REDIRECT] 
2026-03-29 17:59:19,640 [ERROR] LogOutputStream:75 - [STDERR_REDIRECT] [Fatal Error] :1:1: Premature end of file.
2026-03-29 17:59:19,641 [ERROR] LogOutputStream:75 - [STDERR_REDIRECT] 
2026-03-29 17:59:20,643 [ERROR] LogOutputStream:75 - [STDERR_REDIRECT] [Fatal Error] :1:1: Premature end of file.
2026-03-29 17:59:20,643 [ERROR] LogOutputStream:75 - [STDERR_REDIRECT] 
2026-03-29 17:59:21,627 [ERROR] LogOutputStream:75 - [STDERR_REDIRECT] [Fatal Error] :1:1: Premature end of file.
2026-03-29 17:59:21,627 [ERROR] LogOutputStream:75 - [STDERR_REDIRECT] 
2026-03-29 17:59:22,635 [ERROR] LogOutputStream:75 - [STDERR_REDIRECT] [Fatal Error] :1:1: Premature end of file.
2026-03-29 17:59:22,635 [ERROR] LogOutputStream:75 - [STDERR_REDIRECT] 
2026-03-29 17:59:23,630 [ERROR] LogOutputStream:75 - [STDERR_REDIRECT] [Fatal Error] :1:1: Premature end of file.
2026-03-29 17:59:23,630 [ERROR] LogOutputStream:75 - [STDERR_REDIRECT] 
2026-03-29 17:59:24,641 [ERROR] LogOutputStream:75 - [STDERR_REDIRECT] [Fatal Error] :1:1: Premature end of file.
2026-03-29 17:59:24,641 [ERROR] LogOutputStream:75 - [STDERR_REDIRECT] 
2026-03-29 17:59:25,638 [ERROR] LogOutputStream:75 - [STDERR_REDIRECT] [Fatal Error] :1:1: Premature end of file.
2026-03-29 17:59:25,638 [ERROR] LogOutputStream:75 - [STDERR_REDIRECT] 
2026-03-29 17:59:26,777 [ERROR] LogOutputStream:75 - [STDERR_REDIRECT] [Fatal Error] :1:1: Premature end of file.
2026-03-29 17:59:26,777 [ERROR] LogOutputStream:75 - [STDERR_REDIRECT] 
2026-03-29 17:59:27,638 [ERROR] LogOutputStream:75 - [STDERR_REDIRECT] [Fatal Error] :1:1: Premature end of file.
2026-03-29 17:59:27,638 [ERROR] LogOutputStream:75 - [STDERR_REDIRECT] 
2026-03-29 17:59:28,641 [ERROR] LogOutputStream:75 - [STDERR_REDIRECT] [Fatal Error] :1:1: Premature end of file.
2026-03-29 17:59:28,641 [ERROR] LogOutputStream:75 - [STDERR_REDIRECT] 
2026-03-29 17:59:29,627 [ERROR] LogOutputStream:75 - [STDERR_REDIRECT] [Fatal Error] :1:1: Premature end of file.
2026-03-29 17:59:29,628 [ERROR] LogOutputStream:75 - [STDERR_REDIRECT] 
2026-03-29 17:59:30,628 [ERROR] LogOutputStream:75 - [STDERR_REDIRECT] [Fatal Error] :1:1: Premature end of file.
2026-03-29 17:59:30,628 [ERROR] LogOutputStream:75 - [STDERR_REDIRECT] 
2026-03-29 17:59:31,637 [ERROR] LogOutputStream:75 - [STDERR_REDIRECT] [Fatal Error] :1:1: Premature end of file.
2026-03-29 17:59:31,637 [ERROR] LogOutputStream:75 - [STDERR_REDIRECT] 
2026-03-29 17:59:32,641 [ERROR] LogOutputStream:75 - [STDERR_REDIRECT] [Fatal Error] :1:1: Premature end of file.
2026-03-29 17:59:32,641 [ERROR] LogOutputStream:75 - [STDERR_REDIRECT] 
2026-03-29 17:59:33,643 [ERROR] LogOutputStream:75 - [STDERR_REDIRECT] [Fatal Error] :1:1: Premature end of file.
2026-03-29 17:59:33,643 [ERROR] LogOutputStream:75 - [STDERR_REDIRECT] 
2026-03-29 17:59:34,645 [ERROR] LogOutputStream:75 - [STDERR_REDIRECT] [Fatal Error] :1:1: Premature end of file.
2026-03-29 17:59:34,645 [ERROR] LogOutputStream:75 - [STDERR_REDIRECT] 
2026-03-29 17:59:35,637 [ERROR] LogOutputStream:75 - [STDERR_REDIRECT] [Fatal Error] :1:1: Premature end of file.
2026-03-29 17:59:35,637 [ERROR] LogOutputStream:75 - [STDERR_REDIRECT] 
2026-03-29 17:59:36,644 [ERROR] LogOutputStream:75 - [STDERR_REDIRECT] [Fatal Error] :1:1: Premature end of file.
2026-03-29 17:59:36,644 [ERROR] LogOutputStream:75 - [STDERR_REDIRECT] 
2026-03-29 17:59:37,636 [ERROR] LogOutputStream:75 - [STDERR_REDIRECT] [Fatal Error] :1:1: Premature end of file.
2026-03-29 17:59:37,636 [ERROR] LogOutputStream:75 - [STDERR_REDIRECT] 
2026-03-29 17:59:38,642 [ERROR] LogOutputStream:75 - [STDERR_REDIRECT] [Fatal Error] :1:1: Premature end of file.
2026-03-29 17:59:38,642 [ERROR] LogOutputStream:75 - [STDERR_REDIRECT] 
2026-03-29 17:59:39,634 [ERROR] LogOutputStream:75 - [STDERR_REDIRECT] [Fatal Error] :1:1: Premature end of file.
2026-03-29 17:59:39,634 [ERROR] LogOutputStream:75 - [STDERR_REDIRECT] 
2026-03-29 17:59:40,631 [ERROR] LogOutputStream:75 - [STDERR_REDIRECT] [Fatal Error] :1:1: Premature end of file.
2026-03-29 17:59:40,631 [ERROR] LogOutputStream:75 - [STDERR_REDIRECT] 
2026-03-29 17:59:41,639 [ERROR] LogOutputStream:75 - [STDERR_REDIRECT] [Fatal Error] :1:1: Premature end of file.
2026-03-29 17:59:41,640 [ERROR] LogOutputStream:75 - [STDERR_REDIRECT] 
2026-03-29 17:59:42,632 [ERROR] LogOutputStream:75 - [STDERR_REDIRECT] [Fatal Error] :1:1: Premature end of file.
2026-03-29 17:59:42,632 [ERROR] LogOutputStream:75 - [STDERR_REDIRECT] 
2026-03-29 17:59:43,639 [ERROR] LogOutputStream:75 - [STDERR_REDIRECT] [Fatal Error] :1:1: Premature end of file.
2026-03-29 17:59:43,639 [ERROR] LogOutputStream:75 - [STDERR_REDIRECT] 
2026-03-29 17:59:44,630 [ERROR] LogOutputStream:75 - [STDERR_REDIRECT] [Fatal Error] :1:1: Premature end of file.
2026-03-29 17:59:44,630 [ERROR] LogOutputStream:75 - [STDERR_REDIRECT] 
2026-03-29 17:59:45,640 [ERROR] LogOutputStream:75 - [STDERR_REDIRECT] [Fatal Error] :1:1: Premature end of file.
2026-03-29 17:59:45,640 [ERROR] LogOutputStream:75 - [STDERR_REDIRECT] 
2026-03-29 17:59:46,634 [ERROR] LogOutputStream:75 - [STDERR_REDIRECT] [Fatal Error] :1:1: Premature end of file.
2026-03-29 17:59:46,634 [ERROR] LogOutputStream:75 - [STDERR_REDIRECT] 
2026-03-29 17:59:47,659 [ERROR] LogOutputStream:75 - [STDERR_REDIRECT] [Fatal Error] :1:1: Premature end of file.
2026-03-29 17:59:47,659 [ERROR] LogOutputStream:75 - [STDERR_REDIRECT] 
2026-03-29 17:59:48,642 [ERROR] LogOutputStream:75 - [STDERR_REDIRECT] [Fatal Error] :1:1: Premature end of file.
2026-03-29 17:59:48,642 [ERROR] LogOutputStream:75 - [STDERR_REDIRECT] 
2026-03-29 17:59:49,641 [ERROR] LogOutputStream:75 - [STDERR_REDIRECT] [Fatal Error] :1:1: Premature end of file.
2026-03-29 17:59:49,641 [ERROR] LogOutputStream:75 - [STDERR_REDIRECT] 
2026-03-29 17:59:50,638 [ERROR] LogOutputStream:75 - [STDERR_REDIRECT] [Fatal Error] :1:1: Premature end of file.
2026-03-29 17:59:50,638 [ERROR] LogOutputStream:75 - [STDERR_REDIRECT] 
2026-03-29 17:59:51,629 [ERROR] LogOutputStream:75 - [STDERR_REDIRECT] [Fatal Error] :1:1: Premature end of file.
2026-03-29 17:59:51,630 [ERROR] LogOutputStream:75 - [STDERR_REDIRECT] 
2026-03-29 17:59:52,634 [ERROR] LogOutputStream:75 - [STDERR_REDIRECT] [Fatal Error] :1:1: Premature end of file.
2026-03-29 17:59:52,634 [ERROR] LogOutputStream:75 - [STDERR_REDIRECT] 
2026-03-29 17:59:53,633 [ERROR] LogOutputStream:75 - [STDERR_REDIRECT] [Fatal Error] :1:1: Premature end of file.
2026-03-29 17:59:53,634 [ERROR] LogOutputStream:75 - [STDERR_REDIRECT] 
2026-03-29 17:59:54,646 [ERROR] LogOutputStream:75 - [STDERR_REDIRECT] [Fatal Error] :1:1: Premature end of file.
2026-03-29 17:59:54,646 [ERROR] LogOutputStream:75 - [STDERR_REDIRECT] 
2026-03-29 17:59:55,642 [ERROR] LogOutputStream:75 - [STDERR_REDIRECT] [Fatal Error] :1:1: Premature end of file.
2026-03-29 17:59:55,642 [ERROR] LogOutputStream:75 - [STDERR_REDIRECT] 
2026-03-29 17:59:56,628 [ERROR] LogOutputStream:75 - [STDERR_REDIRECT] [Fatal Error] :1:1: Premature end of file.
2026-03-29 17:59:56,628 [ERROR] LogOutputStream:75 - [STDERR_REDIRECT] 
2026-03-29 17:59:57,633 [ERROR] LogOutputStream:75 - [STDERR_REDIRECT] [Fatal Error] :1:1: Premature end of file.
2026-03-29 17:59:57,633 [ERROR] LogOutputStream:75 - [STDERR_REDIRECT] 
2026-03-29 17:59:58,634 [ERROR] LogOutputStream:75 - [STDERR_REDIRECT] [Fatal Error] :1:1: Premature end of file.
2026-03-29 17:59:58,635 [ERROR] LogOutputStream:75 - [STDERR_REDIRECT] 
2026-03-29 17:59:59,637 [ERROR] LogOutputStream:75 - [STDERR_REDIRECT] [Fatal Error] :1:1: Premature end of file.
2026-03-29 17:59:59,637 [ERROR] LogOutputStream:75 - [STDERR_REDIRECT] 
2026-03-29 18:00:00,636 [ERROR] LogOutputStream:75 - [STDERR_REDIRECT] [Fatal Error] :1:1: Premature end of file.
2026-03-29 18:00:00,636 [ERROR] LogOutputStream:75 - [STDERR_REDIRECT] 
2026-03-29 18:00:01,646 [ERROR] LogOutputStream:75 - [STDERR_REDIRECT] [Fatal Error] :1:1: Premature end of file.
2026-03-29 18:00:01,646 [ERROR] LogOutputStream:75 - [STDERR_REDIRECT] 
2026-03-29 18:00:02,647 [ERROR] LogOutputStream:75 - [STDERR_REDIRECT] [Fatal Error] :1:1: Premature end of file.
2026-03-29 18:00:02,647 [ERROR] LogOutputStream:75 - [STDERR_REDIRECT] 
2026-03-29 18:00:03,630 [ERROR] LogOutputStream:75 - [STDERR_REDIRECT] [Fatal Error] :1:1: Premature end of file.
2026-03-29 18:00:03,630 [ERROR] LogOutputStream:75 - [STDERR_REDIRECT] 
2026-03-29 18:00:04,628 [ERROR] LogOutputStream:75 - [STDERR_REDIRECT] [Fatal Error] :1:1: Premature end of file.
2026-03-29 18:00:04,628 [ERROR] LogOutputStream:75 - [STDERR_REDIRECT] 
2026-03-29 18:00:05,635 [ERROR] LogOutputStream:75 - [STDERR_REDIRECT] [Fatal Error] :1:1: Premature end of file.
2026-03-29 18:00:05,635 [ERROR] LogOutputStream:75 - [STDERR_REDIRECT] 
2026-03-29 18:00:06,642 [ERROR] LogOutputStream:75 - [STDERR_REDIRECT] [Fatal Error] :1:1: Premature end of file.
2026-03-29 18:00:06,642 [ERROR] LogOutputStream:75 - [STDERR_REDIRECT] 
2026-03-29 18:00:07,640 [ERROR] LogOutputStream:75 - [STDERR_REDIRECT] [Fatal Error] :1:1: Premature end of file.
2026-03-29 18:00:07,641 [ERROR] LogOutputStream:75 - [STDERR_REDIRECT] 
2026-03-29 18:00:08,639 [ERROR] LogOutputStream:75 - [STDERR_REDIRECT] [Fatal Error] :1:1: Premature end of file.
2026-03-29 18:00:08,640 [ERROR] LogOutputStream:75 - [STDERR_REDIRECT] 
2026-03-29 18:00:09,632 [ERROR] LogOutputStream:75 - [STDERR_REDIRECT] [Fatal Error] :1:1: Premature end of file.
2026-03-29 18:00:09,632 [ERROR] LogOutputStream:75 - [STDERR_REDIRECT] 
2026-03-29 18:00:10,644 [ERROR] LogOutputStream:75 - [STDERR_REDIRECT] [Fatal Error] :1:1: Premature end of file.
2026-03-29 18:00:10,644 [ERROR] LogOutputStream:75 - [STDERR_REDIRECT] 
2026-03-29 18:00:11,627 [ERROR] LogOutputStream:75 - [STDERR_REDIRECT] [Fatal Error] :1:1: Premature end of file.
2026-03-29 18:00:11,627 [ERROR] LogOutputStream:75 - [STDERR_REDIRECT] 
2026-03-29 18:00:12,635 [ERROR] LogOutputStream:75 - [STDERR_REDIRECT] [Fatal Error] :1:1: Premature end of file.
2026-03-29 18:00:12,635 [ERROR] LogOutputStream:75 - [STDERR_REDIRECT] 
2026-03-29 18:00:13,628 [ERROR] LogOutputStream:75 - [STDERR_REDIRECT] [Fatal Error] :1:1: Premature end of file.
2026-03-29 18:00:13,628 [ERROR] LogOutputStream:75 - [STDERR_REDIRECT] 
2026-03-29 18:00:14,638 [ERROR] LogOutputStream:75 - [STDERR_REDIRECT] [Fatal Error] :1:1: Premature end of file.
2026-03-29 18:00:14,639 [ERROR] LogOutputStream:75 - [STDERR_REDIRECT] 
2026-03-29 18:00:15,642 [ERROR] LogOutputStream:75 - [STDERR_REDIRECT] [Fatal Error] :1:1: Premature end of file.
2026-03-29 18:00:15,642 [ERROR] LogOutputStream:75 - [STDERR_REDIRECT] 
2026-03-29 18:00:16,628 [ERROR] LogOutputStream:75 - [STDERR_REDIRECT] [Fatal Error] :1:1: Premature end of file.
2026-03-29 18:00:16,628 [ERROR] LogOutputStream:75 - [STDERR_REDIRECT] 
2026-03-29 18:00:17,656 [ERROR] LogOutputStream:75 - [STDERR_REDIRECT] [Fatal Error] :1:1: Premature end of file.
2026-03-29 18:00:17,656 [ERROR] LogOutputStream:75 - [STDERR_REDIRECT] 
2026-03-29 18:00:18,644 [ERROR] LogOutputStream:75 - [STDERR_REDIRECT] [Fatal Error] :1:1: Premature end of file.
2026-03-29 18:00:18,644 [ERROR] LogOutputStream:75 - [STDERR_REDIRECT] 
2026-03-29 18:00:19,637 [ERROR] LogOutputStream:75 - [STDERR_REDIRECT] [Fatal Error] :1:1: Premature end of file.
2026-03-29 18:00:19,637 [ERROR] LogOutputStream:75 - [STDERR_REDIRECT] 
2026-03-29 18:00:20,645 [ERROR] LogOutputStream:75 - [STDERR_REDIRECT] [Fatal Error] :1:1: Premature end of file.
2026-03-29 18:00:20,645 [ERROR] LogOutputStream:75 - [STDERR_REDIRECT] 
2026-03-29 18:00:21,643 [ERROR] LogOutputStream:75 - [STDERR_REDIRECT] [Fatal Error] :1:1: Premature end of file.
2026-03-29 18:00:21,643 [ERROR] LogOutputStream:75 - [STDERR_REDIRECT] 
2026-03-29 18:00:22,630 [ERROR] LogOutputStream:75 - [STDERR_REDIRECT] [Fatal Error] :1:1: Premature end of file.
2026-03-29 18:00:22,630 [ERROR] LogOutputStream:75 - [STDERR_REDIRECT] 
2026-03-29 18:00:23,631 [ERROR] LogOutputStream:75 - [STDERR_REDIRECT] [Fatal Error] :1:1: Premature end of file.
2026-03-29 18:00:23,631 [ERROR] LogOutputStream:75 - [STDERR_REDIRECT] 
2026-03-29 18:00:24,631 [ERROR] LogOutputStream:75 - [STDERR_REDIRECT] [Fatal Error] :1:1: Premature end of file.
2026-03-29 18:00:24,631 [ERROR] LogOutputStream:75 - [STDERR_REDIRECT] 
2026-03-29 18:00:25,631 [ERROR] LogOutputStream:75 - [STDERR_REDIRECT] [Fatal Error] :1:1: Premature end of file.
2026-03-29 18:00:25,631 [ERROR] LogOutputStream:75 - [STDERR_REDIRECT] 
2026-03-29 18:00:26,629 [ERROR] LogOutputStream:75 - [STDERR_REDIRECT] [Fatal Error] :1:1: Premature end of file.
2026-03-29 18:00:26,629 [ERROR] LogOutputStream:75 - [STDERR_REDIRECT] 
2026-03-29 18:00:27,631 [ERROR] LogOutputStream:75 - [STDERR_REDIRECT] [Fatal Error] :1:1: Premature end of file.
2026-03-29 18:00:27,631 [ERROR] LogOutputStream:75 - [STDERR_REDIRECT] 
2026-03-29 18:00:28,631 [ERROR] LogOutputStream:75 - [STDERR_REDIRECT] [Fatal Error] :1:1: Premature end of file.
2026-03-29 18:00:28,631 [ERROR] LogOutputStream:75 - [STDERR_REDIRECT] 
2026-03-29 18:00:29,627 [ERROR] LogOutputStream:75 - [STDERR_REDIRECT] [Fatal Error] :1:1: Premature end of file.
2026-03-29 18:00:29,628 [ERROR] LogOutputStream:75 - [STDERR_REDIRECT] 
2026-03-29 18:00:30,632 [ERROR] LogOutputStream:75 - [STDERR_REDIRECT] [Fatal Error] :1:1: Premature end of file.
2026-03-29 18:00:30,632 [ERROR] LogOutputStream:75 - [STDERR_REDIRECT] 
2026-03-29 18:00:31,631 [ERROR] LogOutputStream:75 - [STDERR_REDIRECT] [Fatal Error] :1:1: Premature end of file.
2026-03-29 18:00:31,633 [ERROR] LogOutputStream:75 - [STDERR_REDIRECT] 
2026-03-29 18:00:32,639 [ERROR] LogOutputStream:75 - [STDERR_REDIRECT] [Fatal Error] :1:1: Premature end of file.
2026-03-29 18:00:32,639 [ERROR] LogOutputStream:75 - [STDERR_REDIRECT] 
2026-03-29 18:00:33,630 [ERROR] LogOutputStream:75 - [STDERR_REDIRECT] [Fatal Error] :1:1: Premature end of file.
2026-03-29 18:00:33,631 [ERROR] LogOutputStream:75 - [STDERR_REDIRECT] 
2026-03-29 18:00:34,635 [ERROR] LogOutputStream:75 - [STDERR_REDIRECT] [Fatal Error] :1:1: Premature end of file.
2026-03-29 18:00:34,635 [ERROR] LogOutputStream:75 - [STDERR_REDIRECT] 
2026-03-29 18:00:35,634 [ERROR] LogOutputStream:75 - [STDERR_REDIRECT] [Fatal Error] :1:1: Premature end of file.
2026-03-29 18:00:35,634 [ERROR] LogOutputStream:75 - [STDERR_REDIRECT] 
2026-03-29 18:00:36,639 [ERROR] LogOutputStream:75 - [STDERR_REDIRECT] [Fatal Error] :1:1: Premature end of file.
2026-03-29 18:00:36,639 [ERROR] LogOutputStream:75 - [STDERR_REDIRECT] 
2026-03-29 18:00:37,636 [ERROR] LogOutputStream:75 - [STDERR_REDIRECT] [Fatal Error] :1:1: Premature end of file.
2026-03-29 18:00:37,637 [ERROR] LogOutputStream:75 - [STDERR_REDIRECT] 
2026-03-29 18:00:38,637 [ERROR] LogOutputStream:75 - [STDERR_REDIRECT] [Fatal Error] :1:1: Premature end of file.
2026-03-29 18:00:38,637 [ERROR] LogOutputStream:75 - [STDERR_REDIRECT] 
2026-03-29 18:00:39,664 [ERROR] LogOutputStream:75 - [STDERR_REDIRECT] [Fatal Error] :1:1: Premature end of file.
2026-03-29 18:00:39,664 [ERROR] LogOutputStream:75 - [STDERR_REDIRECT] 
2026-03-29 18:00:40,632 [ERROR] LogOutputStream:75 - [STDERR_REDIRECT] [Fatal Error] :1:1: Premature end of file.
2026-03-29 18:00:40,632 [ERROR] LogOutputStream:75 - [STDERR_REDIRECT] 
2026-03-29 18:00:41,641 [ERROR] LogOutputStream:75 - [STDERR_REDIRECT] [Fatal Error] :1:1: Premature end of file.
2026-03-29 18:00:41,641 [ERROR] LogOutputStream:75 - [STDERR_REDIRECT] 
2026-03-29 18:00:42,636 [ERROR] LogOutputStream:75 - [STDERR_REDIRECT] [Fatal Error] :1:1: Premature end of file.
2026-03-29 18:00:42,636 [ERROR] LogOutputStream:75 - [STDERR_REDIRECT] 
2026-03-29 18:00:43,637 [ERROR] LogOutputStream:75 - [STDERR_REDIRECT] [Fatal Error] :1:1: Premature end of file.
2026-03-29 18:00:43,637 [ERROR] LogOutputStream:75 - [STDERR_REDIRECT] 
2026-03-29 18:00:44,650 [ERROR] LogOutputStream:75 - [STDERR_REDIRECT] [Fatal Error] :1:1: Premature end of file.
2026-03-29 18:00:44,650 [ERROR] LogOutputStream:75 - [STDERR_REDIRECT] 
2026-03-29 18:00:45,636 [ERROR] LogOutputStream:75 - [STDERR_REDIRECT] [Fatal Error] :1:1: Premature end of file.
2026-03-29 18:00:45,636 [ERROR] LogOutputStream:75 - [STDERR_REDIRECT] 
2026-03-29 18:00:46,625 [ERROR] LogOutputStream:75 - [STDERR_REDIRECT] [Fatal Error] :1:1: Premature end of file.
2026-03-29 18:00:46,625 [ERROR] LogOutputStream:75 - [STDERR_REDIRECT] 
2026-03-29 18:00:47,639 [ERROR] LogOutputStream:75 - [STDERR_REDIRECT] [Fatal Error] :1:1: Premature end of file.
2026-03-29 18:00:47,639 [ERROR] LogOutputStream:75 - [STDERR_REDIRECT] 
2026-03-29 18:00:48,632 [ERROR] LogOutputStream:75 - [STDERR_REDIRECT] [Fatal Error] :1:1: Premature end of file.
2026-03-29 18:00:48,632 [ERROR] LogOutputStream:75 - [STDERR_REDIRECT] 
2026-03-29 18:00:49,635 [ERROR] LogOutputStream:75 - [STDERR_REDIRECT] [Fatal Error] :1:1: Premature end of file.
2026-03-29 18:00:49,635 [ERROR] LogOutputStream:75 - [STDERR_REDIRECT] 
2026-03-29 18:00:50,635 [ERROR] LogOutputStream:75 - [STDERR_REDIRECT] [Fatal Error] :1:1: Premature end of file.
2026-03-29 18:00:50,635 [ERROR] LogOutputStream:75 - [STDERR_REDIRECT] 
2026-03-29 18:00:51,631 [ERROR] LogOutputStream:75 - [STDERR_REDIRECT] [Fatal Error] :1:1: Premature end of file.
2026-03-29 18:00:51,631 [ERROR] LogOutputStream:75 - [STDERR_REDIRECT] 
2026-03-29 18:00:52,641 [ERROR] LogOutputStream:75 - [STDERR_REDIRECT] [Fatal Error] :1:1: Premature end of file.
2026-03-29 18:00:52,641 [ERROR] LogOutputStream:75 - [STDERR_REDIRECT] 
2026-03-29 18:00:53,632 [ERROR] LogOutputStream:75 - [STDERR_REDIRECT] [Fatal Error] :1:1: Premature end of file.
2026-03-29 18:00:53,632 [ERROR] LogOutputStream:75 - [STDERR_REDIRECT] 
2026-03-29 18:00:54,643 [ERROR] LogOutputStream:75 - [STDERR_REDIRECT] [Fatal Error] :1:1: Premature end of file.
2026-03-29 18:00:54,643 [ERROR] LogOutputStream:75 - [STDERR_REDIRECT] 
2026-03-29 18:00:55,639 [ERROR] LogOutputStream:75 - [STDERR_REDIRECT] [Fatal Error] :1:1: Premature end of file.
2026-03-29 18:00:55,641 [ERROR] LogOutputStream:75 - [STDERR_REDIRECT] 
2026-03-29 18:00:56,627 [ERROR] LogOutputStream:75 - [STDERR_REDIRECT] [Fatal Error] :1:1: Premature end of file.
2026-03-29 18:00:56,627 [ERROR] LogOutputStream:75 - [STDERR_REDIRECT] 
2026-03-29 18:00:57,640 [ERROR] LogOutputStream:75 - [STDERR_REDIRECT] [Fatal Error] :1:1: Premature end of file.
2026-03-29 18:00:57,640 [ERROR] LogOutputStream:75 - [STDERR_REDIRECT] 
2026-03-29 18:00:58,632 [ERROR] LogOutputStream:75 - [STDERR_REDIRECT] [Fatal Error] :1:1: Premature end of file.
2026-03-29 18:00:58,634 [ERROR] LogOutputStream:75 - [STDERR_REDIRECT] 
2026-03-29 18:00:59,642 [ERROR] LogOutputStream:75 - [STDERR_REDIRECT] [Fatal Error] :1:1: Premature end of file.
2026-03-29 18:00:59,642 [ERROR] LogOutputStream:75 - [STDERR_REDIRECT] 
2026-03-29 18:01:00,632 [ERROR] LogOutputStream:75 - [STDERR_REDIRECT] [Fatal Error] :1:1: Premature end of file.
2026-03-29 18:01:00,632 [ERROR] LogOutputStream:75 - [STDERR_REDIRECT] 
2026-03-29 18:01:01,627 [ERROR] LogOutputStream:75 - [STDERR_REDIRECT] [Fatal Error] :1:1: Premature end of file.
2026-03-29 18:01:01,627 [ERROR] LogOutputStream:75 - [STDERR_REDIRECT] 
2026-03-29 18:01:02,638 [ERROR] LogOutputStream:75 - [STDERR_REDIRECT] [Fatal Error] :1:1: Premature end of file.
2026-03-29 18:01:02,639 [ERROR] LogOutputStream:75 - [STDERR_REDIRECT] 
2026-03-29 18:01:03,633 [ERROR] LogOutputStream:75 - [STDERR_REDIRECT] [Fatal Error] :1:1: Premature end of file.
2026-03-29 18:01:03,633 [ERROR] LogOutputStream:75 - [STDERR_REDIRECT] 
2026-03-29 18:01:04,634 [ERROR] LogOutputStream:75 - [STDERR_REDIRECT] [Fatal Error] :1:1: Premature end of file.
2026-03-29 18:01:04,634 [ERROR] LogOutputStream:75 - [STDERR_REDIRECT] 
2026-03-29 18:01:05,637 [ERROR] LogOutputStream:75 - [STDERR_REDIRECT] [Fatal Error] :1:1: Premature end of file.
2026-03-29 18:01:05,638 [ERROR] LogOutputStream:75 - [STDERR_REDIRECT] 
2026-03-29 18:01:06,639 [ERROR] LogOutputStream:75 - [STDERR_REDIRECT] [Fatal Error] :1:1: Premature end of file.
2026-03-29 18:01:06,640 [ERROR] LogOutputStream:75 - [STDERR_REDIRECT] 
2026-03-29 18:01:07,635 [ERROR] LogOutputStream:75 - [STDERR_REDIRECT] [Fatal Error] :1:1: Premature end of file.
2026-03-29 18:01:07,635 [ERROR] LogOutputStream:75 - [STDERR_REDIRECT] 
2026-03-29 18:01:08,641 [ERROR] LogOutputStream:75 - [STDERR_REDIRECT] [Fatal Error] :1:1: Premature end of file.
2026-03-29 18:01:08,641 [ERROR] LogOutputStream:75 - [STDERR_REDIRECT] 
2026-03-29 18:01:09,644 [ERROR] LogOutputStream:75 - [STDERR_REDIRECT] [Fatal Error] :1:1: Premature end of file.
2026-03-29 18:01:09,644 [ERROR] LogOutputStream:75 - [STDERR_REDIRECT] 
2026-03-29 18:01:10,636 [ERROR] LogOutputStream:75 - [STDERR_REDIRECT] [Fatal Error] :1:1: Premature end of file.
2026-03-29 18:01:10,636 [ERROR] LogOutputStream:75 - [STDERR_REDIRECT] 
2026-03-29 18:01:11,632 [ERROR] LogOutputStream:75 - [STDERR_REDIRECT] [Fatal Error] :1:1: Premature end of file.
2026-03-29 18:01:11,632 [ERROR] LogOutputStream:75 - [STDERR_REDIRECT] 
2026-03-29 18:01:12,634 [ERROR] LogOutputStream:75 - [STDERR_REDIRECT] [Fatal Error] :1:1: Premature end of file.
2026-03-29 18:01:12,634 [ERROR] LogOutputStream:75 - [STDERR_REDIRECT] 
2026-03-29 18:01:13,676 [ERROR] LogOutputStream:75 - [STDERR_REDIRECT] [Fatal Error] :1:1: Premature end of file.
2026-03-29 18:01:13,677 [ERROR] LogOutputStream:75 - [STDERR_REDIRECT] 
2026-03-29 18:01:14,646 [ERROR] LogOutputStream:75 - [STDERR_REDIRECT] [Fatal Error] :1:1: Premature end of file.
2026-03-29 18:01:14,646 [ERROR] LogOutputStream:75 - [STDERR_REDIRECT] 
2026-03-29 18:01:15,645 [ERROR] LogOutputStream:75 - [STDERR_REDIRECT] [Fatal Error] :1:1: Premature end of file.
2026-03-29 18:01:15,645 [ERROR] LogOutputStream:75 - [STDERR_REDIRECT] 
2026-03-29 18:01:16,637 [ERROR] LogOutputStream:75 - [STDERR_REDIRECT] [Fatal Error] :1:1: Premature end of file.
2026-03-29 18:01:16,637 [ERROR] LogOutputStream:75 - [STDERR_REDIRECT] 
2026-03-29 18:01:17,636 [ERROR] LogOutputStream:75 - [STDERR_REDIRECT] [Fatal Error] :1:1: Premature end of file.
2026-03-29 18:01:17,636 [ERROR] LogOutputStream:75 - [STDERR_REDIRECT] 
2026-03-29 18:01:18,632 [ERROR] LogOutputStream:75 - [STDERR_REDIRECT] [Fatal Error] :1:1: Premature end of file.
2026-03-29 18:01:18,633 [ERROR] LogOutputStream:75 - [STDERR_REDIRECT] 
2026-03-29 18:01:19,638 [ERROR] LogOutputStream:75 - [STDERR_REDIRECT] [Fatal Error] :1:1: Premature end of file.
2026-03-29 18:01:19,638 [ERROR] LogOutputStream:75 - [STDERR_REDIRECT] 
2026-03-29 18:01:20,629 [ERROR] LogOutputStream:75 - [STDERR_REDIRECT] [Fatal Error] :1:1: Premature end of file.
2026-03-29 18:01:20,629 [ERROR] LogOutputStream:75 - [STDERR_REDIRECT] 
2026-03-29 18:01:21,637 [ERROR] LogOutputStream:75 - [STDERR_REDIRECT] [Fatal Error] :1:1: Premature end of file.
2026-03-29 18:01:21,637 [ERROR] LogOutputStream:75 - [STDERR_REDIRECT] 
2026-03-29 18:01:22,634 [ERROR] LogOutputStream:75 - [STDERR_REDIRECT] [Fatal Error] :1:1: Premature end of file.
2026-03-29 18:01:22,634 [ERROR] LogOutputStream:75 - [STDERR_REDIRECT] 
2026-03-29 18:01:23,629 [ERROR] LogOutputStream:75 - [STDERR_REDIRECT] [Fatal Error] :1:1: Premature end of file.
2026-03-29 18:01:23,629 [ERROR] LogOutputStream:75 - [STDERR_REDIRECT] 
2026-03-29 18:01:24,633 [ERROR] LogOutputStream:75 - [STDERR_REDIRECT] [Fatal Error] :1:1: Premature end of file.
2026-03-29 18:01:24,633 [ERROR] LogOutputStream:75 - [STDERR_REDIRECT] 
2026-03-29 18:01:25,630 [ERROR] LogOutputStream:75 - [STDERR_REDIRECT] [Fatal Error] :1:1: Premature end of file.
2026-03-29 18:01:25,630 [ERROR] LogOutputStream:75 - [STDERR_REDIRECT] 
2026-03-29 18:01:26,641 [ERROR] LogOutputStream:75 - [STDERR_REDIRECT] [Fatal Error] :1:1: Premature end of file.
2026-03-29 18:01:26,641 [ERROR] LogOutputStream:75 - [STDERR_REDIRECT] 
2026-03-29 18:01:27,642 [ERROR] LogOutputStream:75 - [STDERR_REDIRECT] [Fatal Error] :1:1: Premature end of file.
2026-03-29 18:01:27,642 [ERROR] LogOutputStream:75 - [STDERR_REDIRECT] 
2026-03-29 18:01:28,631 [ERROR] LogOutputStream:75 - [STDERR_REDIRECT] [Fatal Error] :1:1: Premature end of file.
2026-03-29 18:01:28,631 [ERROR] LogOutputStream:75 - [STDERR_REDIRECT] 
2026-03-29 18:01:29,633 [ERROR] LogOutputStream:75 - [STDERR_REDIRECT] [Fatal Error] :1:1: Premature end of file.
2026-03-29 18:01:29,633 [ERROR] LogOutputStream:75 - [STDERR_REDIRECT] 
2026-03-29 18:01:30,643 [ERROR] LogOutputStream:75 - [STDERR_REDIRECT] [Fatal Error] :1:1: Premature end of file.
2026-03-29 18:01:30,643 [ERROR] LogOutputStream:75 - [STDERR_REDIRECT] 
2026-03-29 18:01:31,632 [ERROR] LogOutputStream:75 - [STDERR_REDIRECT] [Fatal Error] :1:1: Premature end of file.
2026-03-29 18:01:31,632 [ERROR] LogOutputStream:75 - [STDERR_REDIRECT] 
2026-03-29 18:01:32,630 [ERROR] LogOutputStream:75 - [STDERR_REDIRECT] [Fatal Error] :1:1: Premature end of file.
2026-03-29 18:01:32,630 [ERROR] LogOutputStream:75 - [STDERR_REDIRECT] 
2026-03-29 18:01:33,635 [ERROR] LogOutputStream:75 - [STDERR_REDIRECT] [Fatal Error] :1:1: Premature end of file.
2026-03-29 18:01:33,635 [ERROR] LogOutputStream:75 - [STDERR_REDIRECT] 
2026-03-29 18:01:34,632 [ERROR] LogOutputStream:75 - [STDERR_REDIRECT] [Fatal Error] :1:1: Premature end of file.
2026-03-29 18:01:34,632 [ERROR] LogOutputStream:75 - [STDERR_REDIRECT] 
2026-03-29 18:01:35,630 [ERROR] LogOutputStream:75 - [STDERR_REDIRECT] [Fatal Error] :1:1: Premature end of file.
2026-03-29 18:01:35,630 [ERROR] LogOutputStream:75 - [STDERR_REDIRECT] 
2026-03-29 18:01:36,630 [ERROR] LogOutputStream:75 - [STDERR_REDIRECT] [Fatal Error] :1:1: Premature end of file.
2026-03-29 18:01:36,630 [ERROR] LogOutputStream:75 - [STDERR_REDIRECT] 
2026-03-29 18:01:37,634 [ERROR] LogOutputStream:75 - [STDERR_REDIRECT] [Fatal Error] :1:1: Premature end of file.
2026-03-29 18:01:37,635 [ERROR] LogOutputStream:75 - [STDERR_REDIRECT] 
2026-03-29 18:01:38,639 [ERROR] LogOutputStream:75 - [STDERR_REDIRECT] [Fatal Error] :1:1: Premature end of file.
2026-03-29 18:01:38,640 [ERROR] LogOutputStream:75 - [STDERR_REDIRECT] 
2026-03-29 18:01:39,646 [ERROR] LogOutputStream:75 - [STDERR_REDIRECT] [Fatal Error] :1:1: Premature end of file.
2026-03-29 18:01:39,646 [ERROR] LogOutputStream:75 - [STDERR_REDIRECT] 
2026-03-29 18:01:40,641 [ERROR] LogOutputStream:75 - [STDERR_REDIRECT] [Fatal Error] :1:1: Premature end of file.
2026-03-29 18:01:40,641 [ERROR] LogOutputStream:75 - [STDERR_REDIRECT] 
2026-03-29 18:01:41,630 [ERROR] LogOutputStream:75 - [STDERR_REDIRECT] [Fatal Error] :1:1: Premature end of file.
2026-03-29 18:01:41,630 [ERROR] LogOutputStream:75 - [STDERR_REDIRECT] 
2026-03-29 18:01:42,629 [ERROR] LogOutputStream:75 - [STDERR_REDIRECT] [Fatal Error] :1:1: Premature end of file.
2026-03-29 18:01:42,629 [ERROR] LogOutputStream:75 - [STDERR_REDIRECT] 
2026-03-29 18:01:43,635 [ERROR] LogOutputStream:75 - [STDERR_REDIRECT] [Fatal Error] :1:1: Premature end of file.
2026-03-29 18:01:43,635 [ERROR] LogOutputStream:75 - [STDERR_REDIRECT] 
2026-03-29 18:01:44,643 [ERROR] LogOutputStream:75 - [STDERR_REDIRECT] [Fatal Error] :1:1: Premature end of file.
2026-03-29 18:01:44,643 [ERROR] LogOutputStream:75 - [STDERR_REDIRECT] 
2026-03-29 18:01:45,640 [ERROR] LogOutputStream:75 - [STDERR_REDIRECT] [Fatal Error] :1:1: Premature end of file.
2026-03-29 18:01:45,641 [ERROR] LogOutputStream:75 - [STDERR_REDIRECT] 
2026-03-29 18:01:46,636 [ERROR] LogOutputStream:75 - [STDERR_REDIRECT] [Fatal Error] :1:1: Premature end of file.
2026-03-29 18:01:46,636 [ERROR] LogOutputStream:75 - [STDERR_REDIRECT] 
2026-03-29 18:01:47,646 [ERROR] LogOutputStream:75 - [STDERR_REDIRECT] [Fatal Error] :1:1: Premature end of file.
2026-03-29 18:01:47,646 [ERROR] LogOutputStream:75 - [STDERR_REDIRECT] 
2026-03-29 18:01:48,642 [ERROR] LogOutputStream:75 - [STDERR_REDIRECT] [Fatal Error] :1:1: Premature end of file.
2026-03-29 18:01:48,642 [ERROR] LogOutputStream:75 - [STDERR_REDIRECT] 
2026-03-29 18:01:49,634 [ERROR] LogOutputStream:75 - [STDERR_REDIRECT] [Fatal Error] :1:1: Premature end of file.
2026-03-29 18:01:49,634 [ERROR] LogOutputStream:75 - [STDERR_REDIRECT] 
2026-03-29 18:01:50,643 [ERROR] LogOutputStream:75 - [STDERR_REDIRECT] [Fatal Error] :1:1: Premature end of file.
2026-03-29 18:01:50,643 [ERROR] LogOutputStream:75 - [STDERR_REDIRECT] 
2026-03-29 18:01:51,640 [ERROR] LogOutputStream:75 - [STDERR_REDIRECT] [Fatal Error] :1:1: Premature end of file.
2026-03-29 18:01:51,640 [ERROR] LogOutputStream:75 - [STDERR_REDIRECT] 
2026-03-29 18:01:52,636 [ERROR] LogOutputStream:75 - [STDERR_REDIRECT] [Fatal Error] :1:1: Premature end of file.
2026-03-29 18:01:52,637 [ERROR] LogOutputStream:75 - [STDERR_REDIRECT] 
2026-03-29 18:01:53,636 [ERROR] LogOutputStream:75 - [STDERR_REDIRECT] [Fatal Error] :1:1: Premature end of file.
2026-03-29 18:01:53,636 [ERROR] LogOutputStream:75 - [STDERR_REDIRECT] 
2026-03-29 18:01:54,631 [ERROR] LogOutputStream:75 - [STDERR_REDIRECT] [Fatal Error] :1:1: Premature end of file.
2026-03-29 18:01:54,631 [ERROR] LogOutputStream:75 - [STDERR_REDIRECT] 
2026-03-29 18:01:55,636 [ERROR] LogOutputStream:75 - [STDERR_REDIRECT] [Fatal Error] :1:1: Premature end of file.
2026-03-29 18:01:55,636 [ERROR] LogOutputStream:75 - [STDERR_REDIRECT] 
2026-03-29 18:01:56,638 [ERROR] LogOutputStream:75 - [STDERR_REDIRECT] [Fatal Error] :1:1: Premature end of file.
2026-03-29 18:01:56,638 [ERROR] LogOutputStream:75 - [STDERR_REDIRECT] 
2026-03-29 18:01:57,633 [ERROR] LogOutputStream:75 - [STDERR_REDIRECT] [Fatal Error] :1:1: Premature end of file.
2026-03-29 18:01:57,633 [ERROR] LogOutputStream:75 - [STDERR_REDIRECT] 
2026-03-29 18:01:58,636 [ERROR] LogOutputStream:75 - [STDERR_REDIRECT] [Fatal Error] :1:1: Premature end of file.
2026-03-29 18:01:58,636 [ERROR] LogOutputStream:75 - [STDERR_REDIRECT] 
2026-03-29 18:01:59,631 [ERROR] LogOutputStream:75 - [STDERR_REDIRECT] [Fatal Error] :1:1: Premature end of file.
2026-03-29 18:01:59,631 [ERROR] LogOutputStream:75 - [STDERR_REDIRECT] 
2026-03-29 18:02:00,670 [ERROR] LogOutputStream:75 - [STDERR_REDIRECT] [Fatal Error] :1:1: Premature end of file.
2026-03-29 18:02:00,670 [ERROR] LogOutputStream:75 - [STDERR_REDIRECT] 
2026-03-29 18:02:01,639 [ERROR] LogOutputStream:75 - [STDERR_REDIRECT] [Fatal Error] :1:1: Premature end of file.
2026-03-29 18:02:01,639 [ERROR] LogOutputStream:75 - [STDERR_REDIRECT] 
2026-03-29 18:02:02,632 [ERROR] LogOutputStream:75 - [STDERR_REDIRECT] [Fatal Error] :1:1: Premature end of file.
2026-03-29 18:02:02,632 [ERROR] LogOutputStream:75 - [STDERR_REDIRECT] 
2026-03-29 18:02:03,632 [ERROR] LogOutputStream:75 - [STDERR_REDIRECT] [Fatal Error] :1:1: Premature end of file.
2026-03-29 18:02:03,632 [ERROR] LogOutputStream:75 - [STDERR_REDIRECT] 
2026-03-29 18:02:04,631 [ERROR] LogOutputStream:75 - [STDERR_REDIRECT] [Fatal Error] :1:1: Premature end of file.
2026-03-29 18:02:04,631 [ERROR] LogOutputStream:75 - [STDERR_REDIRECT] 
2026-03-29 18:02:05,644 [ERROR] LogOutputStream:75 - [STDERR_REDIRECT] [Fatal Error] :1:1: Premature end of file.
2026-03-29 18:02:05,644 [ERROR] LogOutputStream:75 - [STDERR_REDIRECT] 
2026-03-29 18:02:06,632 [ERROR] LogOutputStream:75 - [STDERR_REDIRECT] [Fatal Error] :1:1: Premature end of file.
2026-03-29 18:02:06,633 [ERROR] LogOutputStream:75 - [STDERR_REDIRECT] 
2026-03-29 18:02:07,642 [ERROR] LogOutputStream:75 - [STDERR_REDIRECT] [Fatal Error] :1:1: Premature end of file.
2026-03-29 18:02:07,642 [ERROR] LogOutputStream:75 - [STDERR_REDIRECT] 
2026-03-29 18:02:08,632 [ERROR] LogOutputStream:75 - [STDERR_REDIRECT] [Fatal Error] :1:1: Premature end of file.
2026-03-29 18:02:08,632 [ERROR] LogOutputStream:75 - [STDERR_REDIRECT] 
2026-03-29 18:02:09,631 [ERROR] LogOutputStream:75 - [STDERR_REDIRECT] [Fatal Error] :1:1: Premature end of file.
2026-03-29 18:02:09,631 [ERROR] LogOutputStream:75 - [STDERR_REDIRECT] 
2026-03-29 18:02:10,631 [ERROR] LogOutputStream:75 - [STDERR_REDIRECT] [Fatal Error] :1:1: Premature end of file.
2026-03-29 18:02:10,631 [ERROR] LogOutputStream:75 - [STDERR_REDIRECT] 
2026-03-29 18:02:11,640 [ERROR] LogOutputStream:75 - [STDERR_REDIRECT] [Fatal Error] :1:1: Premature end of file.
2026-03-29 18:02:11,640 [ERROR] LogOutputStream:75 - [STDERR_REDIRECT] 
2026-03-29 18:02:12,634 [ERROR] LogOutputStream:75 - [STDERR_REDIRECT] [Fatal Error] :1:1: Premature end of file.
2026-03-29 18:02:12,634 [ERROR] LogOutputStream:75 - [STDERR_REDIRECT] 
2026-03-29 18:02:13,639 [ERROR] LogOutputStream:75 - [STDERR_REDIRECT] [Fatal Error] :1:1: Premature end of file.
2026-03-29 18:02:13,640 [ERROR] LogOutputStream:75 - [STDERR_REDIRECT] 
2026-03-29 18:02:14,634 [ERROR] LogOutputStream:75 - [STDERR_REDIRECT] [Fatal Error] :1:1: Premature end of file.
2026-03-29 18:02:14,634 [ERROR] LogOutputStream:75 - [STDERR_REDIRECT] 
2026-03-29 18:02:15,638 [ERROR] LogOutputStream:75 - [STDERR_REDIRECT] [Fatal Error] :1:1: Premature end of file.
2026-03-29 18:02:15,638 [ERROR] LogOutputStream:75 - [STDERR_REDIRECT] 
2026-03-29 18:02:16,637 [ERROR] LogOutputStream:75 - [STDERR_REDIRECT] [Fatal Error] :1:1: Premature end of file.
2026-03-29 18:02:16,638 [ERROR] LogOutputStream:75 - [STDERR_REDIRECT] 
2026-03-29 18:02:17,635 [ERROR] LogOutputStream:75 - [STDERR_REDIRECT] [Fatal Error] :1:1: Premature end of file.
2026-03-29 18:02:17,635 [ERROR] LogOutputStream:75 - [STDERR_REDIRECT] 
2026-03-29 18:02:18,636 [ERROR] LogOutputStream:75 - [STDERR_REDIRECT] [Fatal Error] :1:1: Premature end of file.
2026-03-29 18:02:18,636 [ERROR] LogOutputStream:75 - [STDERR_REDIRECT] 
2026-03-29 18:02:19,641 [ERROR] LogOutputStream:75 - [STDERR_REDIRECT] [Fatal Error] :1:1: Premature end of file.
2026-03-29 18:02:19,641 [ERROR] LogOutputStream:75 - [STDERR_REDIRECT] 
2026-03-29 18:02:20,645 [ERROR] LogOutputStream:75 - [STDERR_REDIRECT] [Fatal Error] :1:1: Premature end of file.
2026-03-29 18:02:20,645 [ERROR] LogOutputStream:75 - [STDERR_REDIRECT] 
2026-03-29 18:02:21,642 [ERROR] LogOutputStream:75 - [STDERR_REDIRECT] [Fatal Error] :1:1: Premature end of file.
2026-03-29 18:02:21,642 [ERROR] LogOutputStream:75 - [STDERR_REDIRECT] 
2026-03-29 18:02:22,638 [ERROR] LogOutputStream:75 - [STDERR_REDIRECT] [Fatal Error] :1:1: Premature end of file.
2026-03-29 18:02:22,638 [ERROR] LogOutputStream:75 - [STDERR_REDIRECT] 
2026-03-29 18:02:23,631 [ERROR] LogOutputStream:75 - [STDERR_REDIRECT] [Fatal Error] :1:1: Premature end of file.
2026-03-29 18:02:23,631 [ERROR] LogOutputStream:75 - [STDERR_REDIRECT] 
2026-03-29 18:02:24,630 [ERROR] LogOutputStream:75 - [STDERR_REDIRECT] [Fatal Error] :1:1: Premature end of file.
2026-03-29 18:02:24,630 [ERROR] LogOutputStream:75 - [STDERR_REDIRECT] 
2026-03-29 18:02:25,648 [ERROR] LogOutputStream:75 - [STDERR_REDIRECT] [Fatal Error] :1:1: Premature end of file.
2026-03-29 18:02:25,649 [ERROR] LogOutputStream:75 - [STDERR_REDIRECT] 
2026-03-29 18:02:26,635 [ERROR] LogOutputStream:75 - [STDERR_REDIRECT] [Fatal Error] :1:1: Premature end of file.
2026-03-29 18:02:26,635 [ERROR] LogOutputStream:75 - [STDERR_REDIRECT] 
2026-03-29 18:02:27,634 [ERROR] LogOutputStream:75 - [STDERR_REDIRECT] [Fatal Error] :1:1: Premature end of file.
2026-03-29 18:02:27,635 [ERROR] LogOutputStream:75 - [STDERR_REDIRECT] 
2026-03-29 18:02:28,637 [ERROR] LogOutputStream:75 - [STDERR_REDIRECT] [Fatal Error] :1:1: Premature end of file.
2026-03-29 18:02:28,637 [ERROR] LogOutputStream:75 - [STDERR_REDIRECT] 
2026-03-29 18:02:29,634 [ERROR] LogOutputStream:75 - [STDERR_REDIRECT] [Fatal Error] :1:1: Premature end of file.
2026-03-29 18:02:29,634 [ERROR] LogOutputStream:75 - [STDERR_REDIRECT] 
2026-03-29 18:02:30,635 [ERROR] LogOutputStream:75 - [STDERR_REDIRECT] [Fatal Error] :1:1: Premature end of file.
2026-03-29 18:02:30,635 [ERROR] LogOutputStream:75 - [STDERR_REDIRECT] 
2026-03-29 18:02:31,636 [ERROR] LogOutputStream:75 - [STDERR_REDIRECT] [Fatal Error] :1:1: Premature end of file.
2026-03-29 18:02:31,636 [ERROR] LogOutputStream:75 - [STDERR_REDIRECT] 
2026-03-29 18:02:32,629 [ERROR] LogOutputStream:75 - [STDERR_REDIRECT] [Fatal Error] :1:1: Premature end of file.
2026-03-29 18:02:32,629 [ERROR] LogOutputStream:75 - [STDERR_REDIRECT] 
2026-03-29 18:02:33,640 [ERROR] LogOutputStream:75 - [STDERR_REDIRECT] [Fatal Error] :1:1: Premature end of file.
2026-03-29 18:02:33,641 [ERROR] LogOutputStream:75 - [STDERR_REDIRECT] 
2026-03-29 18:02:34,644 [ERROR] LogOutputStream:75 - [STDERR_REDIRECT] [Fatal Error] :1:1: Premature end of file.
2026-03-29 18:02:34,644 [ERROR] LogOutputStream:75 - [STDERR_REDIRECT] 
2026-03-29 18:02:35,641 [ERROR] LogOutputStream:75 - [STDERR_REDIRECT] [Fatal Error] :1:1: Premature end of file.
2026-03-29 18:02:35,642 [ERROR] LogOutputStream:75 - [STDERR_REDIRECT] 
2026-03-29 18:02:36,655 [ERROR] LogOutputStream:75 - [STDERR_REDIRECT] [Fatal Error] :1:1: Premature end of file.
2026-03-29 18:02:36,655 [ERROR] LogOutputStream:75 - [STDERR_REDIRECT] 
2026-03-29 18:02:37,636 [ERROR] LogOutputStream:75 - [STDERR_REDIRECT] [Fatal Error] :1:1: Premature end of file.
2026-03-29 18:02:37,636 [ERROR] LogOutputStream:75 - [STDERR_REDIRECT] 
2026-03-29 18:02:38,637 [ERROR] LogOutputStream:75 - [STDERR_REDIRECT] [Fatal Error] :1:1: Premature end of file.
2026-03-29 18:02:38,637 [ERROR] LogOutputStream:75 - [STDERR_REDIRECT] 
2026-03-29 18:02:39,645 [ERROR] LogOutputStream:75 - [STDERR_REDIRECT] [Fatal Error] :1:1: Premature end of file.
2026-03-29 18:02:39,645 [ERROR] LogOutputStream:75 - [STDERR_REDIRECT] 
2026-03-29 18:02:40,639 [ERROR] LogOutputStream:75 - [STDERR_REDIRECT] [Fatal Error] :1:1: Premature end of file.
2026-03-29 18:02:40,640 [ERROR] LogOutputStream:75 - [STDERR_REDIRECT] 
2026-03-29 18:02:41,629 [ERROR] LogOutputStream:75 - [STDERR_REDIRECT] [Fatal Error] :1:1: Premature end of file.
2026-03-29 18:02:41,629 [ERROR] LogOutputStream:75 - [STDERR_REDIRECT] 
2026-03-29 18:02:42,643 [ERROR] LogOutputStream:75 - [STDERR_REDIRECT] [Fatal Error] :1:1: Premature end of file.
2026-03-29 18:02:42,643 [ERROR] LogOutputStream:75 - [STDERR_REDIRECT] 
2026-03-29 18:02:43,639 [ERROR] LogOutputStream:75 - [STDERR_REDIRECT] [Fatal Error] :1:1: Premature end of file.
2026-03-29 18:02:43,639 [ERROR] LogOutputStream:75 - [STDERR_REDIRECT] 
2026-03-29 18:02:44,639 [ERROR] LogOutputStream:75 - [STDERR_REDIRECT] [Fatal Error] :1:1: Premature end of file.
2026-03-29 18:02:44,639 [ERROR] LogOutputStream:75 - [STDERR_REDIRECT] 
2026-03-29 18:02:45,643 [ERROR] LogOutputStream:75 - [STDERR_REDIRECT] [Fatal Error] :1:1: Premature end of file.
2026-03-29 18:02:45,643 [ERROR] LogOutputStream:75 - [STDERR_REDIRECT] 
2026-03-29 18:02:46,639 [ERROR] LogOutputStream:75 - [STDERR_REDIRECT] [Fatal Error] :1:1: Premature end of file.
2026-03-29 18:02:46,639 [ERROR] LogOutputStream:75 - [STDERR_REDIRECT] 
2026-03-29 18:02:47,639 [ERROR] LogOutputStream:75 - [STDERR_REDIRECT] [Fatal Error] :1:1: Premature end of file.
2026-03-29 18:02:47,639 [ERROR] LogOutputStream:75 - [STDERR_REDIRECT] 
2026-03-29 18:02:48,644 [ERROR] LogOutputStream:75 - [STDERR_REDIRECT] [Fatal Error] :1:1: Premature end of file.
2026-03-29 18:02:48,644 [ERROR] LogOutputStream:75 - [STDERR_REDIRECT] 
2026-03-29 18:02:49,631 [ERROR] LogOutputStream:75 - [STDERR_REDIRECT] [Fatal Error] :1:1: Premature end of file.
2026-03-29 18:02:49,631 [ERROR] LogOutputStream:75 - [STDERR_REDIRECT] 
2026-03-29 18:02:50,636 [ERROR] LogOutputStream:75 - [STDERR_REDIRECT] [Fatal Error] :1:1: Premature end of file.
2026-03-29 18:02:50,636 [ERROR] LogOutputStream:75 - [STDERR_REDIRECT] 
2026-03-29 18:02:51,637 [ERROR] LogOutputStream:75 - [STDERR_REDIRECT] [Fatal Error] :1:1: Premature end of file.
2026-03-29 18:02:51,637 [ERROR] LogOutputStream:75 - [STDERR_REDIRECT] 
2026-03-29 18:02:52,634 [ERROR] LogOutputStream:75 - [STDERR_REDIRECT] [Fatal Error] :1:1: Premature end of file.
2026-03-29 18:02:52,635 [ERROR] LogOutputStream:75 - [STDERR_REDIRECT] 
2026-03-29 18:02:53,637 [ERROR] LogOutputStream:75 - [STDERR_REDIRECT] [Fatal Error] :1:1: Premature end of file.
2026-03-29 18:02:53,637 [ERROR] LogOutputStream:75 - [STDERR_REDIRECT] 
2026-03-29 18:02:54,641 [ERROR] LogOutputStream:75 - [STDERR_REDIRECT] [Fatal Error] :1:1: Premature end of file.
2026-03-29 18:02:54,642 [ERROR] LogOutputStream:75 - [STDERR_REDIRECT] 
2026-03-29 18:02:55,640 [ERROR] LogOutputStream:75 - [STDERR_REDIRECT] [Fatal Error] :1:1: Premature end of file.
2026-03-29 18:02:55,640 [ERROR] LogOutputStream:75 - [STDERR_REDIRECT] 
2026-03-29 18:02:56,651 [ERROR] LogOutputStream:75 - [STDERR_REDIRECT] [Fatal Error] :1:1: Premature end of file.
2026-03-29 18:02:56,651 [ERROR] LogOutputStream:75 - [STDERR_REDIRECT] 
2026-03-29 18:02:57,648 [ERROR] LogOutputStream:75 - [STDERR_REDIRECT] [Fatal Error] :1:1: Premature end of file.
2026-03-29 18:02:57,648 [ERROR] LogOutputStream:75 - [STDERR_REDIRECT] 
2026-03-29 18:02:58,659 [ERROR] LogOutputStream:75 - [STDERR_REDIRECT] [Fatal Error] :1:1: Premature end of file.
2026-03-29 18:02:58,659 [ERROR] LogOutputStream:75 - [STDERR_REDIRECT] 
2026-03-29 18:02:59,639 [ERROR] LogOutputStream:75 - [STDERR_REDIRECT] [Fatal Error] :1:1: Premature end of file.
2026-03-29 18:02:59,639 [ERROR] LogOutputStream:75 - [STDERR_REDIRECT] 
2026-03-29 18:03:00,632 [ERROR] LogOutputStream:75 - [STDERR_REDIRECT] [Fatal Error] :1:1: Premature end of file.
2026-03-29 18:03:00,632 [ERROR] LogOutputStream:75 - [STDERR_REDIRECT] 
2026-03-29 18:03:01,633 [ERROR] LogOutputStream:75 - [STDERR_REDIRECT] [Fatal Error] :1:1: Premature end of file.
2026-03-29 18:03:01,634 [ERROR] LogOutputStream:75 - [STDERR_REDIRECT] 
2026-03-29 18:03:02,628 [ERROR] LogOutputStream:75 - [STDERR_REDIRECT] [Fatal Error] :1:1: Premature end of file.
2026-03-29 18:03:02,628 [ERROR] LogOutputStream:75 - [STDERR_REDIRECT] 
2026-03-29 18:03:03,628 [ERROR] LogOutputStream:75 - [STDERR_REDIRECT] [Fatal Error] :1:1: Premature end of file.
2026-03-29 18:03:03,628 [ERROR] LogOutputStream:75 - [STDERR_REDIRECT] 
2026-03-29 18:03:04,634 [ERROR] LogOutputStream:75 - [STDERR_REDIRECT] [Fatal Error] :1:1: Premature end of file.
2026-03-29 18:03:04,634 [ERROR] LogOutputStream:75 - [STDERR_REDIRECT] 
2026-03-29 18:03:05,652 [ERROR] LogOutputStream:75 - [STDERR_REDIRECT] [Fatal Error] :1:1: Premature end of file.
2026-03-29 18:03:05,652 [ERROR] LogOutputStream:75 - [STDERR_REDIRECT] 
2026-03-29 18:03:06,645 [ERROR] LogOutputStream:75 - [STDERR_REDIRECT] [Fatal Error] :1:1: Premature end of file.
2026-03-29 18:03:06,645 [ERROR] LogOutputStream:75 - [STDERR_REDIRECT] 
2026-03-29 18:03:07,630 [ERROR] LogOutputStream:75 - [STDERR_REDIRECT] [Fatal Error] :1:1: Premature end of file.
2026-03-29 18:03:07,630 [ERROR] LogOutputStream:75 - [STDERR_REDIRECT] 
2026-03-29 18:03:08,627 [ERROR] LogOutputStream:75 - [STDERR_REDIRECT] [Fatal Error] :1:1: Premature end of file.
2026-03-29 18:03:08,627 [ERROR] LogOutputStream:75 - [STDERR_REDIRECT] 
2026-03-29 18:03:09,628 [ERROR] LogOutputStream:75 - [STDERR_REDIRECT] [Fatal Error] :1:1: Premature end of file.
2026-03-29 18:03:09,628 [ERROR] LogOutputStream:75 - [STDERR_REDIRECT] 
2026-03-29 18:03:10,627 [ERROR] LogOutputStream:75 - [STDERR_REDIRECT] [Fatal Error] :1:1: Premature end of file.
2026-03-29 18:03:10,627 [ERROR] LogOutputStream:75 - [STDERR_REDIRECT] 
2026-03-29 18:03:11,632 [ERROR] LogOutputStream:75 - [STDERR_REDIRECT] [Fatal Error] :1:1: Premature end of file.
2026-03-29 18:03:11,632 [ERROR] LogOutputStream:75 - [STDERR_REDIRECT] 
2026-03-29 18:03:12,637 [ERROR] LogOutputStream:75 - [STDERR_REDIRECT] [Fatal Error] :1:1: Premature end of file.
2026-03-29 18:03:12,637 [ERROR] LogOutputStream:75 - [STDERR_REDIRECT] 
2026-03-29 18:03:13,634 [ERROR] LogOutputStream:75 - [STDERR_REDIRECT] [Fatal Error] :1:1: Premature end of file.
2026-03-29 18:03:13,635 [ERROR] LogOutputStream:75 - [STDERR_REDIRECT] 
2026-03-29 18:03:14,630 [ERROR] LogOutputStream:75 - [STDERR_REDIRECT] [Fatal Error] :1:1: Premature end of file.
2026-03-29 18:03:14,631 [ERROR] LogOutputStream:75 - [STDERR_REDIRECT] 
2026-03-29 18:03:15,638 [ERROR] LogOutputStream:75 - [STDERR_REDIRECT] [Fatal Error] :1:1: Premature end of file.
2026-03-29 18:03:15,639 [ERROR] LogOutputStream:75 - [STDERR_REDIRECT] 
2026-03-29 18:03:16,630 [ERROR] LogOutputStream:75 - [STDERR_REDIRECT] [Fatal Error] :1:1: Premature end of file.
2026-03-29 18:03:16,630 [ERROR] LogOutputStream:75 - [STDERR_REDIRECT] 
2026-03-29 18:03:17,627 [ERROR] LogOutputStream:75 - [STDERR_REDIRECT] [Fatal Error] :1:1: Premature end of file.
2026-03-29 18:03:17,627 [ERROR] LogOutputStream:75 - [STDERR_REDIRECT] 
2026-03-29 18:03:18,629 [ERROR] LogOutputStream:75 - [STDERR_REDIRECT] [Fatal Error] :1:1: Premature end of file.
2026-03-29 18:03:18,629 [ERROR] LogOutputStream:75 - [STDERR_REDIRECT] 
2026-03-29 18:03:19,631 [ERROR] LogOutputStream:75 - [STDERR_REDIRECT] [Fatal Error] :1:1: Premature end of file.
2026-03-29 18:03:19,631 [ERROR] LogOutputStream:75 - [STDERR_REDIRECT] 
2026-03-29 18:03:20,630 [ERROR] LogOutputStream:75 - [STDERR_REDIRECT] [Fatal Error] :1:1: Premature end of file.
2026-03-29 18:03:20,630 [ERROR] LogOutputStream:75 - [STDERR_REDIRECT] 
2026-03-29 18:03:21,627 [ERROR] LogOutputStream:75 - [STDERR_REDIRECT] [Fatal Error] :1:1: Premature end of file.
2026-03-29 18:03:21,627 [ERROR] LogOutputStream:75 - [STDERR_REDIRECT] 
2026-03-29 18:03:22,631 [ERROR] LogOutputStream:75 - [STDERR_REDIRECT] [Fatal Error] :1:1: Premature end of file.
2026-03-29 18:03:22,631 [ERROR] LogOutputStream:75 - [STDERR_REDIRECT] 
2026-03-29 18:03:23,646 [ERROR] LogOutputStream:75 - [STDERR_REDIRECT] [Fatal Error] :1:1: Premature end of file.
2026-03-29 18:03:23,647 [ERROR] LogOutputStream:75 - [STDERR_REDIRECT] 
2026-03-29 18:03:24,682 [ERROR] LogOutputStream:75 - [STDERR_REDIRECT] [Fatal Error] :1:1: Premature end of file.
2026-03-29 18:03:24,682 [ERROR] LogOutputStream:75 - [STDERR_REDIRECT] 
2026-03-29 18:03:25,639 [ERROR] LogOutputStream:75 - [STDERR_REDIRECT] [Fatal Error] :1:1: Premature end of file.
2026-03-29 18:03:25,639 [ERROR] LogOutputStream:75 - [STDERR_REDIRECT] 
2026-03-29 18:03:26,630 [ERROR] LogOutputStream:75 - [STDERR_REDIRECT] [Fatal Error] :1:1: Premature end of file.
2026-03-29 18:03:26,630 [ERROR] LogOutputStream:75 - [STDERR_REDIRECT] 
2026-03-29 18:03:27,642 [ERROR] LogOutputStream:75 - [STDERR_REDIRECT] [Fatal Error] :1:1: Premature end of file.
2026-03-29 18:03:27,642 [ERROR] LogOutputStream:75 - [STDERR_REDIRECT] 
2026-03-29 18:03:28,650 [ERROR] LogOutputStream:75 - [STDERR_REDIRECT] [Fatal Error] :1:1: Premature end of file.
2026-03-29 18:03:28,650 [ERROR] LogOutputStream:75 - [STDERR_REDIRECT] 
2026-03-29 18:03:29,656 [ERROR] LogOutputStream:75 - [STDERR_REDIRECT] [Fatal Error] :1:1: Premature end of file.
2026-03-29 18:03:29,656 [ERROR] LogOutputStream:75 - [STDERR_REDIRECT] 
2026-03-29 18:03:30,709 [ERROR] LogOutputStream:75 - [STDERR_REDIRECT] [Fatal Error] :1:1: Premature end of file.
2026-03-29 18:03:30,710 [ERROR] LogOutputStream:75 - [STDERR_REDIRECT] 
2026-03-29 18:03:30,881 [ERROR] LogOutputStream:75 - [STDERR_REDIRECT] 
2026-03-29 18:03:30,887 [ERROR] LogOutputStream:75 - [STDERR_REDIRECT] 
2026-03-29 22:50:30,306 [INFO] Activator:176 - 


2026-03-29 22:50:30,308 [INFO] Activator:177 - !SESSION log4j initialized
2026-03-29 22:50:45,840 [INFO] LogOutputStream:77 - [STDOUT_REDIRECT] 
